  1>Checking Build System
  CMake is re-running because D:/cybermed/daddy/dependency/sdk-VTK-9.4.2/build_msvc/GUISupport/Qt/CMakeFiles/generate.stamp is out-of-date.
    the file 'D:/Qt/6.9.0/msvc2022_64/lib/cmake/Qt6/FindWrapAtomic.cmake'
    is newer than 'D:/cybermed/daddy/dependency/sdk-VTK-9.4.2/build_msvc/GUISupport/Qt/CMakeFiles/generate.stamp.depend'
    result='0'
  -- Selecting Windows SDK version 10.0.22621.0 to target Windows 10.0.19045.
  -- Could not use git to determine source version, using version 
  CMake Deprecation Warning at ThirdParty/tiff/vtktiff/CMakeLists.txt:32 (cmake_policy):
    Compatibility with CMake < 3.10 will be removed from a future version of
    CMake.
  
    Update the VERSION argument <min> value.  Or, use the <min>...<max> syntax
    to tell CMake that the project requires at least <min> but has been updated
    to work with policies introduced by <max> or earlier.
  
  
  -- vtkDICOM: Building vtkDICOM as a Remote VTK Module
  CMake Warning (dev) at CMake/vtkObjectFactory.cmake:101 (cmake_parse_arguments):
    The INITIAL_CODE keyword was followed by an empty string or no value at
    all.  Policy CMP0174 is not set, so cmake_parse_arguments() will unset the
    _vtk_object_factory_configure_INITIAL_CODE variable rather than setting it
    to an empty string.
  Call Stack (most recent call first):
    Rendering/UI/CMakeLists.txt:89 (vtk_object_factory_configure)
  This warning is for project developers.  Use -Wno-dev to suppress it.
  
  CMake Warning (dev) at CMake/vtkModule.cmake:4883 (install):
    Policy CMP0177 is not set: install() DESTINATION paths are normalized.  Run
    "cmake --help-policy CMP0177" for policy details.  Use the cmake_policy
    command to set the policy and suppress this warning.
  Call Stack (most recent call first):
    ThirdParty/eigen/vtkeigen/CMakeLists.txt:701 (vtk_module_install_headers)
  This warning is for project developers.  Use -Wno-dev to suppress it.
  
  CMake Warning at D:/Qt/6.8.3/msvc2022_64/lib/cmake/Qt6/QtFeature.cmake:1418 (message):
    This project was initially configured with the Qt feature "timezone_locale"
    set to "ON".  While loading the "Qt6::Core" package, the value of the
    feature has changed to "OFF".  That might cause a project rebuild due to
    updated C++ headers.
  
    In case of build issues, consider removing the CMakeCache.txt file and
    reconfiguring the project.
  Call Stack (most recent call first):
    D:/Qt/6.8.3/msvc2022_64/lib/cmake/Qt6Core/Qt6CoreConfig.cmake:140 (qt_make_features_available)
    D:/Qt/6.8.3/msvc2022_64/lib/cmake/Qt6/Qt6Config.cmake:196 (find_package)
    CMake/vtkQt.cmake:24 (find_package)
    GUISupport/Qt/CMakeLists.txt:35 (include)
  
  
  -- Could NOT find WrapVulkanHeaders (missing: Vulkan_INCLUDE_DIR) 
  -- Could NOT find WrapVulkanHeaders (missing: Vulkan_INCLUDE_DIR) 
  -- Could NOT find WrapVulkanHeaders (missing: Vulkan_INCLUDE_DIR) 
  -- Could NOT find WrapVulkanHeaders (missing: Vulkan_INCLUDE_DIR) 
  -- Could NOT find PkgConfig (missing: PKG_CONFIG_EXECUTABLE) 
  -- Could NOT find WrapVulkanHeaders (missing: Vulkan_INCLUDE_DIR) 
  -- Could NOT find WrapVulkanHeaders (missing: Vulkan_INCLUDE_DIR) 
  -- Could NOT find WrapVulkanHeaders (missing: Vulkan_INCLUDE_DIR) 
  -- Configuring done (50.7s)
  -- Generating done (53.9s)
  -- Build files have been written to: D:/cybermed/daddy/dependency/sdk-VTK-9.4.2/build_msvc
C:\Program Files\Microsoft Visual Studio\2022\Community\MSBuild\Microsoft\VC\v170\Microsoft.CppCommon.targets(237,5): warning MSB8064: "D:\cybermed\daddy\dependency\sdk-VTK-9.4.2\build_msvc\CMakeFiles\fdeeef45baa0dc57bb14d14d8205cfcd\generate.stamp.rule" 항목에 대한 사용자 지정 빌드에 성공했지만 지정한 종속성 "d:\qt\6.9.0\msvc2022_64\lib\cmake\qt6\findwrapatomic.cmake"이(가) 없습니다. 이 오류로 인해 증분 빌드가 제대로 작동하지 않을 수 있습니다.
C:\Program Files\Microsoft Visual Studio\2022\Community\MSBuild\Microsoft\VC\v170\Microsoft.CppCommon.targets(237,5): warning MSB8064: "D:\cybermed\daddy\dependency\sdk-VTK-9.4.2\build_msvc\CMakeFiles\fdeeef45baa0dc57bb14d14d8205cfcd\generate.stamp.rule" 항목에 대한 사용자 지정 빌드에 성공했지만 지정한 종속성 "d:\qt\6.9.0\msvc2022_64\lib\cmake\qt6\findwrapvulkanheaders.cmake"이(가) 없습니다. 이 오류로 인해 증분 빌드가 제대로 작동하지 않을 수 있습니다.
C:\Program Files\Microsoft Visual Studio\2022\Community\MSBuild\Microsoft\VC\v170\Microsoft.CppCommon.targets(237,5): warning MSB8064: "D:\cybermed\daddy\dependency\sdk-VTK-9.4.2\build_msvc\CMakeFiles\fdeeef45baa0dc57bb14d14d8205cfcd\generate.stamp.rule" 항목에 대한 사용자 지정 빌드에 성공했지만 지정한 종속성 "d:\qt\6.9.0\msvc2022_64\lib\cmake\qt6\qt6config.cmake"이(가) 없습니다. 이 오류로 인해 증분 빌드가 제대로 작동하지 않을 수 있습니다.
C:\Program Files\Microsoft Visual Studio\2022\Community\MSBuild\Microsoft\VC\v170\Microsoft.CppCommon.targets(237,5): warning MSB8064: "D:\cybermed\daddy\dependency\sdk-VTK-9.4.2\build_msvc\CMakeFiles\fdeeef45baa0dc57bb14d14d8205cfcd\generate.stamp.rule" 항목에 대한 사용자 지정 빌드에 성공했지만 지정한 종속성 "d:\qt\6.9.0\msvc2022_64\lib\cmake\qt6\qt6configextras.cmake"이(가) 없습니다. 이 오류로 인해 증분 빌드가 제대로 작동하지 않을 수 있습니다.
C:\Program Files\Microsoft Visual Studio\2022\Community\MSBuild\Microsoft\VC\v170\Microsoft.CppCommon.targets(237,5): warning MSB8064: "D:\cybermed\daddy\dependency\sdk-VTK-9.4.2\build_msvc\CMakeFiles\fdeeef45baa0dc57bb14d14d8205cfcd\generate.stamp.rule" 항목에 대한 사용자 지정 빌드에 성공했지만 지정한 종속성 "d:\qt\6.9.0\msvc2022_64\lib\cmake\qt6\qt6configversion.cmake"이(가) 없습니다. 이 오류로 인해 증분 빌드가 제대로 작동하지 않을 수 있습니다.
C:\Program Files\Microsoft Visual Studio\2022\Community\MSBuild\Microsoft\VC\v170\Microsoft.CppCommon.targets(237,5): warning MSB8064: "D:\cybermed\daddy\dependency\sdk-VTK-9.4.2\build_msvc\CMakeFiles\fdeeef45baa0dc57bb14d14d8205cfcd\generate.stamp.rule" 항목에 대한 사용자 지정 빌드에 성공했지만 지정한 종속성 "d:\qt\6.9.0\msvc2022_64\lib\cmake\qt6\qt6configversionimpl.cmake"이(가) 없습니다. 이 오류로 인해 증분 빌드가 제대로 작동하지 않을 수 있습니다.
C:\Program Files\Microsoft Visual Studio\2022\Community\MSBuild\Microsoft\VC\v170\Microsoft.CppCommon.targets(237,5): warning MSB8064: "D:\cybermed\daddy\dependency\sdk-VTK-9.4.2\build_msvc\CMakeFiles\fdeeef45baa0dc57bb14d14d8205cfcd\generate.stamp.rule" 항목에 대한 사용자 지정 빌드에 성공했지만 지정한 종속성 "d:\qt\6.9.0\msvc2022_64\lib\cmake\qt6\qt6dependencies.cmake"이(가) 없습니다. 이 오류로 인해 증분 빌드가 제대로 작동하지 않을 수 있습니다.
C:\Program Files\Microsoft Visual Studio\2022\Community\MSBuild\Microsoft\VC\v170\Microsoft.CppCommon.targets(237,5): warning MSB8064: "D:\cybermed\daddy\dependency\sdk-VTK-9.4.2\build_msvc\CMakeFiles\fdeeef45baa0dc57bb14d14d8205cfcd\generate.stamp.rule" 항목에 대한 사용자 지정 빌드에 성공했지만 지정한 종속성 "d:\qt\6.9.0\msvc2022_64\lib\cmake\qt6\qt6targets.cmake"이(가) 없습니다. 이 오류로 인해 증분 빌드가 제대로 작동하지 않을 수 있습니다.
C:\Program Files\Microsoft Visual Studio\2022\Community\MSBuild\Microsoft\VC\v170\Microsoft.CppCommon.targets(237,5): warning MSB8064: "D:\cybermed\daddy\dependency\sdk-VTK-9.4.2\build_msvc\CMakeFiles\fdeeef45baa0dc57bb14d14d8205cfcd\generate.stamp.rule" 항목에 대한 사용자 지정 빌드에 성공했지만 지정한 종속성 "d:\qt\6.9.0\msvc2022_64\lib\cmake\qt6\qt6versionlessaliastargets.cmake"이(가) 없습니다. 이 오류로 인해 증분 빌드가 제대로 작동하지 않을 수 있습니다.
C:\Program Files\Microsoft Visual Studio\2022\Community\MSBuild\Microsoft\VC\v170\Microsoft.CppCommon.targets(237,5): warning MSB8064: "D:\cybermed\daddy\dependency\sdk-VTK-9.4.2\build_msvc\CMakeFiles\fdeeef45baa0dc57bb14d14d8205cfcd\generate.stamp.rule" 항목에 대한 사용자 지정 빌드에 성공했지만 지정한 종속성 "d:\qt\6.9.0\msvc2022_64\lib\cmake\qt6\qtfeature.cmake"이(가) 없습니다. 이 오류로 인해 증분 빌드가 제대로 작동하지 않을 수 있습니다.
C:\Program Files\Microsoft Visual Studio\2022\Community\MSBuild\Microsoft\VC\v170\Microsoft.CppCommon.targets(237,5): warning MSB8064: "D:\cybermed\daddy\dependency\sdk-VTK-9.4.2\build_msvc\CMakeFiles\fdeeef45baa0dc57bb14d14d8205cfcd\generate.stamp.rule" 항목에 대한 사용자 지정 빌드에 성공했지만 지정한 종속성 "d:\qt\6.9.0\msvc2022_64\lib\cmake\qt6\qtfeaturecommon.cmake"이(가) 없습니다. 이 오류로 인해 증분 빌드가 제대로 작동하지 않을 수 있습니다.
C:\Program Files\Microsoft Visual Studio\2022\Community\MSBuild\Microsoft\VC\v170\Microsoft.CppCommon.targets(237,5): warning MSB8064: "D:\cybermed\daddy\dependency\sdk-VTK-9.4.2\build_msvc\CMakeFiles\fdeeef45baa0dc57bb14d14d8205cfcd\generate.stamp.rule" 항목에 대한 사용자 지정 빌드에 성공했지만 지정한 종속성 "d:\qt\6.9.0\msvc2022_64\lib\cmake\qt6\qtinstallpaths.cmake"이(가) 없습니다. 이 오류로 인해 증분 빌드가 제대로 작동하지 않을 수 있습니다.
C:\Program Files\Microsoft Visual Studio\2022\Community\MSBuild\Microsoft\VC\v170\Microsoft.CppCommon.targets(237,5): warning MSB8064: "D:\cybermed\daddy\dependency\sdk-VTK-9.4.2\build_msvc\CMakeFiles\fdeeef45baa0dc57bb14d14d8205cfcd\generate.stamp.rule" 항목에 대한 사용자 지정 빌드에 성공했지만 지정한 종속성 "d:\qt\6.9.0\msvc2022_64\lib\cmake\qt6\qtpublicandroidhelpers.cmake"이(가) 없습니다. 이 오류로 인해 증분 빌드가 제대로 작동하지 않을 수 있습니다.
C:\Program Files\Microsoft Visual Studio\2022\Community\MSBuild\Microsoft\VC\v170\Microsoft.CppCommon.targets(237,5): warning MSB8064: "D:\cybermed\daddy\dependency\sdk-VTK-9.4.2\build_msvc\CMakeFiles\fdeeef45baa0dc57bb14d14d8205cfcd\generate.stamp.rule" 항목에 대한 사용자 지정 빌드에 성공했지만 지정한 종속성 "d:\qt\6.9.0\msvc2022_64\lib\cmake\qt6\qtpublicapplehelpers.cmake"이(가) 없습니다. 이 오류로 인해 증분 빌드가 제대로 작동하지 않을 수 있습니다.
C:\Program Files\Microsoft Visual Studio\2022\Community\MSBuild\Microsoft\VC\v170\Microsoft.CppCommon.targets(237,5): warning MSB8064: "D:\cybermed\daddy\dependency\sdk-VTK-9.4.2\build_msvc\CMakeFiles\fdeeef45baa0dc57bb14d14d8205cfcd\generate.stamp.rule" 항목에 대한 사용자 지정 빌드에 성공했지만 지정한 종속성 "d:\qt\6.9.0\msvc2022_64\lib\cmake\qt6\qtpubliccmakehelpers.cmake"이(가) 없습니다. 이 오류로 인해 증분 빌드가 제대로 작동하지 않을 수 있습니다.
C:\Program Files\Microsoft Visual Studio\2022\Community\MSBuild\Microsoft\VC\v170\Microsoft.CppCommon.targets(237,5): warning MSB8064: "D:\cybermed\daddy\dependency\sdk-VTK-9.4.2\build_msvc\CMakeFiles\fdeeef45baa0dc57bb14d14d8205cfcd\generate.stamp.rule" 항목에 대한 사용자 지정 빌드에 성공했지만 지정한 종속성 "d:\qt\6.9.0\msvc2022_64\lib\cmake\qt6\qtpubliccmakeversionhelpers.cmake"이(가) 없습니다. 이 오류로 인해 증분 빌드가 제대로 작동하지 않을 수 있습니다.
C:\Program Files\Microsoft Visual Studio\2022\Community\MSBuild\Microsoft\VC\v170\Microsoft.CppCommon.targets(237,5): warning MSB8064: "D:\cybermed\daddy\dependency\sdk-VTK-9.4.2\build_msvc\CMakeFiles\fdeeef45baa0dc57bb14d14d8205cfcd\generate.stamp.rule" 항목에 대한 사용자 지정 빌드에 성공했지만 지정한 종속성 "d:\qt\6.9.0\msvc2022_64\lib\cmake\qt6\qtpublicdependencyhelpers.cmake"이(가) 없습니다. 이 오류로 인해 증분 빌드가 제대로 작동하지 않을 수 있습니다.
C:\Program Files\Microsoft Visual Studio\2022\Community\MSBuild\Microsoft\VC\v170\Microsoft.CppCommon.targets(237,5): warning MSB8064: "D:\cybermed\daddy\dependency\sdk-VTK-9.4.2\build_msvc\CMakeFiles\fdeeef45baa0dc57bb14d14d8205cfcd\generate.stamp.rule" 항목에 대한 사용자 지정 빌드에 성공했지만 지정한 종속성 "d:\qt\6.9.0\msvc2022_64\lib\cmake\qt6\qtpublicexternalprojecthelpers.cmake"이(가) 없습니다. 이 오류로 인해 증분 빌드가 제대로 작동하지 않을 수 있습니다.
C:\Program Files\Microsoft Visual Studio\2022\Community\MSBuild\Microsoft\VC\v170\Microsoft.CppCommon.targets(237,5): warning MSB8064: "D:\cybermed\daddy\dependency\sdk-VTK-9.4.2\build_msvc\CMakeFiles\fdeeef45baa0dc57bb14d14d8205cfcd\generate.stamp.rule" 항목에 대한 사용자 지정 빌드에 성공했지만 지정한 종속성 "d:\qt\6.9.0\msvc2022_64\lib\cmake\qt6\qtpublicfinalizerhelpers.cmake"이(가) 없습니다. 이 오류로 인해 증분 빌드가 제대로 작동하지 않을 수 있습니다.
C:\Program Files\Microsoft Visual Studio\2022\Community\MSBuild\Microsoft\VC\v170\Microsoft.CppCommon.targets(237,5): warning MSB8064: "D:\cybermed\daddy\dependency\sdk-VTK-9.4.2\build_msvc\CMakeFiles\fdeeef45baa0dc57bb14d14d8205cfcd\generate.stamp.rule" 항목에 대한 사용자 지정 빌드에 성공했지만 지정한 종속성 "d:\qt\6.9.0\msvc2022_64\lib\cmake\qt6\qtpublicfindpackagehelpers.cmake"이(가) 없습니다. 이 오류로 인해 증분 빌드가 제대로 작동하지 않을 수 있습니다.
C:\Program Files\Microsoft Visual Studio\2022\Community\MSBuild\Microsoft\VC\v170\Microsoft.CppCommon.targets(237,5): warning MSB8064: "D:\cybermed\daddy\dependency\sdk-VTK-9.4.2\build_msvc\CMakeFiles\fdeeef45baa0dc57bb14d14d8205cfcd\generate.stamp.rule" 항목에 대한 사용자 지정 빌드에 성공했지만 지정한 종속성 "d:\qt\6.9.0\msvc2022_64\lib\cmake\qt6\qtpublicgithelpers.cmake"이(가) 없습니다. 이 오류로 인해 증분 빌드가 제대로 작동하지 않을 수 있습니다.
C:\Program Files\Microsoft Visual Studio\2022\Community\MSBuild\Microsoft\VC\v170\Microsoft.CppCommon.targets(237,5): warning MSB8064: "D:\cybermed\daddy\dependency\sdk-VTK-9.4.2\build_msvc\CMakeFiles\fdeeef45baa0dc57bb14d14d8205cfcd\generate.stamp.rule" 항목에 대한 사용자 지정 빌드에 성공했지만 지정한 종속성 "d:\qt\6.9.0\msvc2022_64\lib\cmake\qt6\qtpublicpluginhelpers.cmake"이(가) 없습니다. 이 오류로 인해 증분 빌드가 제대로 작동하지 않을 수 있습니다.
C:\Program Files\Microsoft Visual Studio\2022\Community\MSBuild\Microsoft\VC\v170\Microsoft.CppCommon.targets(237,5): warning MSB8064: "D:\cybermed\daddy\dependency\sdk-VTK-9.4.2\build_msvc\CMakeFiles\fdeeef45baa0dc57bb14d14d8205cfcd\generate.stamp.rule" 항목에 대한 사용자 지정 빌드에 성공했지만 지정한 종속성 "d:\qt\6.9.0\msvc2022_64\lib\cmake\qt6\qtpublicpluginhelpers_v2.cmake"이(가) 없습니다. 이 오류로 인해 증분 빌드가 제대로 작동하지 않을 수 있습니다.
C:\Program Files\Microsoft Visual Studio\2022\Community\MSBuild\Microsoft\VC\v170\Microsoft.CppCommon.targets(237,5): warning MSB8064: "D:\cybermed\daddy\dependency\sdk-VTK-9.4.2\build_msvc\CMakeFiles\fdeeef45baa0dc57bb14d14d8205cfcd\generate.stamp.rule" 항목에 대한 사용자 지정 빌드에 성공했지만 지정한 종속성 "d:\qt\6.9.0\msvc2022_64\lib\cmake\qt6\qtpublicsbomattributionhelpers.cmake"이(가) 없습니다. 이 오류로 인해 증분 빌드가 제대로 작동하지 않을 수 있습니다.
C:\Program Files\Microsoft Visual Studio\2022\Community\MSBuild\Microsoft\VC\v170\Microsoft.CppCommon.targets(237,5): warning MSB8064: "D:\cybermed\daddy\dependency\sdk-VTK-9.4.2\build_msvc\CMakeFiles\fdeeef45baa0dc57bb14d14d8205cfcd\generate.stamp.rule" 항목에 대한 사용자 지정 빌드에 성공했지만 지정한 종속성 "d:\qt\6.9.0\msvc2022_64\lib\cmake\qt6\qtpublicsbomcpehelpers.cmake"이(가) 없습니다. 이 오류로 인해 증분 빌드가 제대로 작동하지 않을 수 있습니다.
C:\Program Files\Microsoft Visual Studio\2022\Community\MSBuild\Microsoft\VC\v170\Microsoft.CppCommon.targets(237,5): warning MSB8064: "D:\cybermed\daddy\dependency\sdk-VTK-9.4.2\build_msvc\CMakeFiles\fdeeef45baa0dc57bb14d14d8205cfcd\generate.stamp.rule" 항목에 대한 사용자 지정 빌드에 성공했지만 지정한 종속성 "d:\qt\6.9.0\msvc2022_64\lib\cmake\qt6\qtpublicsbomdephelpers.cmake"이(가) 없습니다. 이 오류로 인해 증분 빌드가 제대로 작동하지 않을 수 있습니다.
C:\Program Files\Microsoft Visual Studio\2022\Community\MSBuild\Microsoft\VC\v170\Microsoft.CppCommon.targets(237,5): warning MSB8064: "D:\cybermed\daddy\dependency\sdk-VTK-9.4.2\build_msvc\CMakeFiles\fdeeef45baa0dc57bb14d14d8205cfcd\generate.stamp.rule" 항목에 대한 사용자 지정 빌드에 성공했지만 지정한 종속성 "d:\qt\6.9.0\msvc2022_64\lib\cmake\qt6\qtpublicsbomfilehelpers.cmake"이(가) 없습니다. 이 오류로 인해 증분 빌드가 제대로 작동하지 않을 수 있습니다.
C:\Program Files\Microsoft Visual Studio\2022\Community\MSBuild\Microsoft\VC\v170\Microsoft.CppCommon.targets(237,5): warning MSB8064: "D:\cybermed\daddy\dependency\sdk-VTK-9.4.2\build_msvc\CMakeFiles\fdeeef45baa0dc57bb14d14d8205cfcd\generate.stamp.rule" 항목에 대한 사용자 지정 빌드에 성공했지만 지정한 종속성 "d:\qt\6.9.0\msvc2022_64\lib\cmake\qt6\qtpublicsbomgenerationhelpers.cmake"이(가) 없습니다. 이 오류로 인해 증분 빌드가 제대로 작동하지 않을 수 있습니다.
C:\Program Files\Microsoft Visual Studio\2022\Community\MSBuild\Microsoft\VC\v170\Microsoft.CppCommon.targets(237,5): warning MSB8064: "D:\cybermed\daddy\dependency\sdk-VTK-9.4.2\build_msvc\CMakeFiles\fdeeef45baa0dc57bb14d14d8205cfcd\generate.stamp.rule" 항목에 대한 사용자 지정 빌드에 성공했지만 지정한 종속성 "d:\qt\6.9.0\msvc2022_64\lib\cmake\qt6\qtpublicsbomhelpers.cmake"이(가) 없습니다. 이 오류로 인해 증분 빌드가 제대로 작동하지 않을 수 있습니다.
C:\Program Files\Microsoft Visual Studio\2022\Community\MSBuild\Microsoft\VC\v170\Microsoft.CppCommon.targets(237,5): warning MSB8064: "D:\cybermed\daddy\dependency\sdk-VTK-9.4.2\build_msvc\CMakeFiles\fdeeef45baa0dc57bb14d14d8205cfcd\generate.stamp.rule" 항목에 대한 사용자 지정 빌드에 성공했지만 지정한 종속성 "d:\qt\6.9.0\msvc2022_64\lib\cmake\qt6\qtpublicsbomlicensehelpers.cmake"이(가) 없습니다. 이 오류로 인해 증분 빌드가 제대로 작동하지 않을 수 있습니다.
C:\Program Files\Microsoft Visual Studio\2022\Community\MSBuild\Microsoft\VC\v170\Microsoft.CppCommon.targets(237,5): warning MSB8064: "D:\cybermed\daddy\dependency\sdk-VTK-9.4.2\build_msvc\CMakeFiles\fdeeef45baa0dc57bb14d14d8205cfcd\generate.stamp.rule" 항목에 대한 사용자 지정 빌드에 성공했지만 지정한 종속성 "d:\qt\6.9.0\msvc2022_64\lib\cmake\qt6\qtpublicsbomopshelpers.cmake"이(가) 없습니다. 이 오류로 인해 증분 빌드가 제대로 작동하지 않을 수 있습니다.
C:\Program Files\Microsoft Visual Studio\2022\Community\MSBuild\Microsoft\VC\v170\Microsoft.CppCommon.targets(237,5): warning MSB8064: "D:\cybermed\daddy\dependency\sdk-VTK-9.4.2\build_msvc\CMakeFiles\fdeeef45baa0dc57bb14d14d8205cfcd\generate.stamp.rule" 항목에 대한 사용자 지정 빌드에 성공했지만 지정한 종속성 "d:\qt\6.9.0\msvc2022_64\lib\cmake\qt6\qtpublicsbompurlhelpers.cmake"이(가) 없습니다. 이 오류로 인해 증분 빌드가 제대로 작동하지 않을 수 있습니다.
C:\Program Files\Microsoft Visual Studio\2022\Community\MSBuild\Microsoft\VC\v170\Microsoft.CppCommon.targets(237,5): warning MSB8064: "D:\cybermed\daddy\dependency\sdk-VTK-9.4.2\build_msvc\CMakeFiles\fdeeef45baa0dc57bb14d14d8205cfcd\generate.stamp.rule" 항목에 대한 사용자 지정 빌드에 성공했지만 지정한 종속성 "d:\qt\6.9.0\msvc2022_64\lib\cmake\qt6\qtpublicsbompythonhelpers.cmake"이(가) 없습니다. 이 오류로 인해 증분 빌드가 제대로 작동하지 않을 수 있습니다.
C:\Program Files\Microsoft Visual Studio\2022\Community\MSBuild\Microsoft\VC\v170\Microsoft.CppCommon.targets(237,5): warning MSB8064: "D:\cybermed\daddy\dependency\sdk-VTK-9.4.2\build_msvc\CMakeFiles\fdeeef45baa0dc57bb14d14d8205cfcd\generate.stamp.rule" 항목에 대한 사용자 지정 빌드에 성공했지만 지정한 종속성 "d:\qt\6.9.0\msvc2022_64\lib\cmake\qt6\qtpublicsbomqtentityhelpers.cmake"이(가) 없습니다. 이 오류로 인해 증분 빌드가 제대로 작동하지 않을 수 있습니다.
C:\Program Files\Microsoft Visual Studio\2022\Community\MSBuild\Microsoft\VC\v170\Microsoft.CppCommon.targets(237,5): warning MSB8064: "D:\cybermed\daddy\dependency\sdk-VTK-9.4.2\build_msvc\CMakeFiles\fdeeef45baa0dc57bb14d14d8205cfcd\generate.stamp.rule" 항목에 대한 사용자 지정 빌드에 성공했지만 지정한 종속성 "d:\qt\6.9.0\msvc2022_64\lib\cmake\qt6\qtpublicsbomsystemdephelpers.cmake"이(가) 없습니다. 이 오류로 인해 증분 빌드가 제대로 작동하지 않을 수 있습니다.
C:\Program Files\Microsoft Visual Studio\2022\Community\MSBuild\Microsoft\VC\v170\Microsoft.CppCommon.targets(237,5): warning MSB8064: "D:\cybermed\daddy\dependency\sdk-VTK-9.4.2\build_msvc\CMakeFiles\fdeeef45baa0dc57bb14d14d8205cfcd\generate.stamp.rule" 항목에 대한 사용자 지정 빌드에 성공했지만 지정한 종속성 "d:\qt\6.9.0\msvc2022_64\lib\cmake\qt6\qtpublictargethelpers.cmake"이(가) 없습니다. 이 오류로 인해 증분 빌드가 제대로 작동하지 않을 수 있습니다.
C:\Program Files\Microsoft Visual Studio\2022\Community\MSBuild\Microsoft\VC\v170\Microsoft.CppCommon.targets(237,5): warning MSB8064: "D:\cybermed\daddy\dependency\sdk-VTK-9.4.2\build_msvc\CMakeFiles\fdeeef45baa0dc57bb14d14d8205cfcd\generate.stamp.rule" 항목에 대한 사용자 지정 빌드에 성공했지만 지정한 종속성 "d:\qt\6.9.0\msvc2022_64\lib\cmake\qt6\qtpublictesthelpers.cmake"이(가) 없습니다. 이 오류로 인해 증분 빌드가 제대로 작동하지 않을 수 있습니다.
C:\Program Files\Microsoft Visual Studio\2022\Community\MSBuild\Microsoft\VC\v170\Microsoft.CppCommon.targets(237,5): warning MSB8064: "D:\cybermed\daddy\dependency\sdk-VTK-9.4.2\build_msvc\CMakeFiles\fdeeef45baa0dc57bb14d14d8205cfcd\generate.stamp.rule" 항목에 대한 사용자 지정 빌드에 성공했지만 지정한 종속성 "d:\qt\6.9.0\msvc2022_64\lib\cmake\qt6\qtpublictoolhelpers.cmake"이(가) 없습니다. 이 오류로 인해 증분 빌드가 제대로 작동하지 않을 수 있습니다.
C:\Program Files\Microsoft Visual Studio\2022\Community\MSBuild\Microsoft\VC\v170\Microsoft.CppCommon.targets(237,5): warning MSB8064: "D:\cybermed\daddy\dependency\sdk-VTK-9.4.2\build_msvc\CMakeFiles\fdeeef45baa0dc57bb14d14d8205cfcd\generate.stamp.rule" 항목에 대한 사용자 지정 빌드에 성공했지만 지정한 종속성 "d:\qt\6.9.0\msvc2022_64\lib\cmake\qt6\qtpublicwalklibshelpers.cmake"이(가) 없습니다. 이 오류로 인해 증분 빌드가 제대로 작동하지 않을 수 있습니다.
C:\Program Files\Microsoft Visual Studio\2022\Community\MSBuild\Microsoft\VC\v170\Microsoft.CppCommon.targets(237,5): warning MSB8064: "D:\cybermed\daddy\dependency\sdk-VTK-9.4.2\build_msvc\CMakeFiles\fdeeef45baa0dc57bb14d14d8205cfcd\generate.stamp.rule" 항목에 대한 사용자 지정 빌드에 성공했지만 지정한 종속성 "d:\qt\6.9.0\msvc2022_64\lib\cmake\qt6\qtpublicwindowshelpers.cmake"이(가) 없습니다. 이 오류로 인해 증분 빌드가 제대로 작동하지 않을 수 있습니다.
C:\Program Files\Microsoft Visual Studio\2022\Community\MSBuild\Microsoft\VC\v170\Microsoft.CppCommon.targets(237,5): warning MSB8064: "D:\cybermed\daddy\dependency\sdk-VTK-9.4.2\build_msvc\CMakeFiles\fdeeef45baa0dc57bb14d14d8205cfcd\generate.stamp.rule" 항목에 대한 사용자 지정 빌드에 성공했지만 지정한 종속성 "d:\qt\6.9.0\msvc2022_64\lib\cmake\qt6concurrent\qt6concurrentadditionaltargetinfo.cmake"이(가) 없습니다. 이 오류로 인해 증분 빌드가 제대로 작동하지 않을 수 있습니다.
C:\Program Files\Microsoft Visual Studio\2022\Community\MSBuild\Microsoft\VC\v170\Microsoft.CppCommon.targets(237,5): warning MSB8064: "D:\cybermed\daddy\dependency\sdk-VTK-9.4.2\build_msvc\CMakeFiles\fdeeef45baa0dc57bb14d14d8205cfcd\generate.stamp.rule" 항목에 대한 사용자 지정 빌드에 성공했지만 지정한 종속성 "d:\qt\6.9.0\msvc2022_64\lib\cmake\qt6concurrent\qt6concurrentconfig.cmake"이(가) 없습니다. 이 오류로 인해 증분 빌드가 제대로 작동하지 않을 수 있습니다.
C:\Program Files\Microsoft Visual Studio\2022\Community\MSBuild\Microsoft\VC\v170\Microsoft.CppCommon.targets(237,5): warning MSB8064: "D:\cybermed\daddy\dependency\sdk-VTK-9.4.2\build_msvc\CMakeFiles\fdeeef45baa0dc57bb14d14d8205cfcd\generate.stamp.rule" 항목에 대한 사용자 지정 빌드에 성공했지만 지정한 종속성 "d:\qt\6.9.0\msvc2022_64\lib\cmake\qt6concurrent\qt6concurrentconfigversion.cmake"이(가) 없습니다. 이 오류로 인해 증분 빌드가 제대로 작동하지 않을 수 있습니다.
C:\Program Files\Microsoft Visual Studio\2022\Community\MSBuild\Microsoft\VC\v170\Microsoft.CppCommon.targets(237,5): warning MSB8064: "D:\cybermed\daddy\dependency\sdk-VTK-9.4.2\build_msvc\CMakeFiles\fdeeef45baa0dc57bb14d14d8205cfcd\generate.stamp.rule" 항목에 대한 사용자 지정 빌드에 성공했지만 지정한 종속성 "d:\qt\6.9.0\msvc2022_64\lib\cmake\qt6concurrent\qt6concurrentconfigversionimpl.cmake"이(가) 없습니다. 이 오류로 인해 증분 빌드가 제대로 작동하지 않을 수 있습니다.
C:\Program Files\Microsoft Visual Studio\2022\Community\MSBuild\Microsoft\VC\v170\Microsoft.CppCommon.targets(237,5): warning MSB8064: "D:\cybermed\daddy\dependency\sdk-VTK-9.4.2\build_msvc\CMakeFiles\fdeeef45baa0dc57bb14d14d8205cfcd\generate.stamp.rule" 항목에 대한 사용자 지정 빌드에 성공했지만 지정한 종속성 "d:\qt\6.9.0\msvc2022_64\lib\cmake\qt6concurrent\qt6concurrentdependencies.cmake"이(가) 없습니다. 이 오류로 인해 증분 빌드가 제대로 작동하지 않을 수 있습니다.
C:\Program Files\Microsoft Visual Studio\2022\Community\MSBuild\Microsoft\VC\v170\Microsoft.CppCommon.targets(237,5): warning MSB8064: "D:\cybermed\daddy\dependency\sdk-VTK-9.4.2\build_msvc\CMakeFiles\fdeeef45baa0dc57bb14d14d8205cfcd\generate.stamp.rule" 항목에 대한 사용자 지정 빌드에 성공했지만 지정한 종속성 "d:\qt\6.9.0\msvc2022_64\lib\cmake\qt6concurrent\qt6concurrenttargets-debug.cmake"이(가) 없습니다. 이 오류로 인해 증분 빌드가 제대로 작동하지 않을 수 있습니다.
C:\Program Files\Microsoft Visual Studio\2022\Community\MSBuild\Microsoft\VC\v170\Microsoft.CppCommon.targets(237,5): warning MSB8064: "D:\cybermed\daddy\dependency\sdk-VTK-9.4.2\build_msvc\CMakeFiles\fdeeef45baa0dc57bb14d14d8205cfcd\generate.stamp.rule" 항목에 대한 사용자 지정 빌드에 성공했지만 지정한 종속성 "d:\qt\6.9.0\msvc2022_64\lib\cmake\qt6concurrent\qt6concurrenttargets-relwithdebinfo.cmake"이(가) 없습니다. 이 오류로 인해 증분 빌드가 제대로 작동하지 않을 수 있습니다.
C:\Program Files\Microsoft Visual Studio\2022\Community\MSBuild\Microsoft\VC\v170\Microsoft.CppCommon.targets(237,5): warning MSB8064: "D:\cybermed\daddy\dependency\sdk-VTK-9.4.2\build_msvc\CMakeFiles\fdeeef45baa0dc57bb14d14d8205cfcd\generate.stamp.rule" 항목에 대한 사용자 지정 빌드에 성공했지만 지정한 종속성 "d:\qt\6.9.0\msvc2022_64\lib\cmake\qt6concurrent\qt6concurrenttargets.cmake"이(가) 없습니다. 이 오류로 인해 증분 빌드가 제대로 작동하지 않을 수 있습니다.
C:\Program Files\Microsoft Visual Studio\2022\Community\MSBuild\Microsoft\VC\v170\Microsoft.CppCommon.targets(237,5): warning MSB8064: "D:\cybermed\daddy\dependency\sdk-VTK-9.4.2\build_msvc\CMakeFiles\fdeeef45baa0dc57bb14d14d8205cfcd\generate.stamp.rule" 항목에 대한 사용자 지정 빌드에 성공했지만 지정한 종속성 "d:\qt\6.9.0\msvc2022_64\lib\cmake\qt6concurrent\qt6concurrentversionlessaliastargets.cmake"이(가) 없습니다. 이 오류로 인해 증분 빌드가 제대로 작동하지 않을 수 있습니다.
C:\Program Files\Microsoft Visual Studio\2022\Community\MSBuild\Microsoft\VC\v170\Microsoft.CppCommon.targets(237,5): warning MSB8064: "D:\cybermed\daddy\dependency\sdk-VTK-9.4.2\build_msvc\CMakeFiles\fdeeef45baa0dc57bb14d14d8205cfcd\generate.stamp.rule" 항목에 대한 사용자 지정 빌드에 성공했지만 지정한 종속성 "d:\qt\6.9.0\msvc2022_64\lib\cmake\qt6concurrentprivate\qt6concurrentprivateadditionaltargetinfo.cmake"이(가) 없습니다. 이 오류로 인해 증분 빌드가 제대로 작동하지 않을 수 있습니다.
C:\Program Files\Microsoft Visual Studio\2022\Community\MSBuild\Microsoft\VC\v170\Microsoft.CppCommon.targets(237,5): warning MSB8064: "D:\cybermed\daddy\dependency\sdk-VTK-9.4.2\build_msvc\CMakeFiles\fdeeef45baa0dc57bb14d14d8205cfcd\generate.stamp.rule" 항목에 대한 사용자 지정 빌드에 성공했지만 지정한 종속성 "d:\qt\6.9.0\msvc2022_64\lib\cmake\qt6concurrentprivate\qt6concurrentprivateconfig.cmake"이(가) 없습니다. 이 오류로 인해 증분 빌드가 제대로 작동하지 않을 수 있습니다.
C:\Program Files\Microsoft Visual Studio\2022\Community\MSBuild\Microsoft\VC\v170\Microsoft.CppCommon.targets(237,5): warning MSB8064: "D:\cybermed\daddy\dependency\sdk-VTK-9.4.2\build_msvc\CMakeFiles\fdeeef45baa0dc57bb14d14d8205cfcd\generate.stamp.rule" 항목에 대한 사용자 지정 빌드에 성공했지만 지정한 종속성 "d:\qt\6.9.0\msvc2022_64\lib\cmake\qt6concurrentprivate\qt6concurrentprivateconfigversion.cmake"이(가) 없습니다. 이 오류로 인해 증분 빌드가 제대로 작동하지 않을 수 있습니다.
C:\Program Files\Microsoft Visual Studio\2022\Community\MSBuild\Microsoft\VC\v170\Microsoft.CppCommon.targets(237,5): warning MSB8064: "D:\cybermed\daddy\dependency\sdk-VTK-9.4.2\build_msvc\CMakeFiles\fdeeef45baa0dc57bb14d14d8205cfcd\generate.stamp.rule" 항목에 대한 사용자 지정 빌드에 성공했지만 지정한 종속성 "d:\qt\6.9.0\msvc2022_64\lib\cmake\qt6concurrentprivate\qt6concurrentprivateconfigversionimpl.cmake"이(가) 없습니다. 이 오류로 인해 증분 빌드가 제대로 작동하지 않을 수 있습니다.
C:\Program Files\Microsoft Visual Studio\2022\Community\MSBuild\Microsoft\VC\v170\Microsoft.CppCommon.targets(237,5): warning MSB8064: "D:\cybermed\daddy\dependency\sdk-VTK-9.4.2\build_msvc\CMakeFiles\fdeeef45baa0dc57bb14d14d8205cfcd\generate.stamp.rule" 항목에 대한 사용자 지정 빌드에 성공했지만 지정한 종속성 "d:\qt\6.9.0\msvc2022_64\lib\cmake\qt6concurrentprivate\qt6concurrentprivatedependencies.cmake"이(가) 없습니다. 이 오류로 인해 증분 빌드가 제대로 작동하지 않을 수 있습니다.
C:\Program Files\Microsoft Visual Studio\2022\Community\MSBuild\Microsoft\VC\v170\Microsoft.CppCommon.targets(237,5): warning MSB8064: "D:\cybermed\daddy\dependency\sdk-VTK-9.4.2\build_msvc\CMakeFiles\fdeeef45baa0dc57bb14d14d8205cfcd\generate.stamp.rule" 항목에 대한 사용자 지정 빌드에 성공했지만 지정한 종속성 "d:\qt\6.9.0\msvc2022_64\lib\cmake\qt6concurrentprivate\qt6concurrentprivatetargets.cmake"이(가) 없습니다. 이 오류로 인해 증분 빌드가 제대로 작동하지 않을 수 있습니다.
C:\Program Files\Microsoft Visual Studio\2022\Community\MSBuild\Microsoft\VC\v170\Microsoft.CppCommon.targets(237,5): warning MSB8064: "D:\cybermed\daddy\dependency\sdk-VTK-9.4.2\build_msvc\CMakeFiles\fdeeef45baa0dc57bb14d14d8205cfcd\generate.stamp.rule" 항목에 대한 사용자 지정 빌드에 성공했지만 지정한 종속성 "d:\qt\6.9.0\msvc2022_64\lib\cmake\qt6concurrentprivate\qt6concurrentprivateversionlessaliastargets.cmake"이(가) 없습니다. 이 오류로 인해 증분 빌드가 제대로 작동하지 않을 수 있습니다.
C:\Program Files\Microsoft Visual Studio\2022\Community\MSBuild\Microsoft\VC\v170\Microsoft.CppCommon.targets(237,5): warning MSB8064: "D:\cybermed\daddy\dependency\sdk-VTK-9.4.2\build_msvc\CMakeFiles\fdeeef45baa0dc57bb14d14d8205cfcd\generate.stamp.rule" 항목에 대한 사용자 지정 빌드에 성공했지만 지정한 종속성 "d:\qt\6.9.0\msvc2022_64\lib\cmake\qt6core\qt6coreadditionaltargetinfo.cmake"이(가) 없습니다. 이 오류로 인해 증분 빌드가 제대로 작동하지 않을 수 있습니다.
C:\Program Files\Microsoft Visual Studio\2022\Community\MSBuild\Microsoft\VC\v170\Microsoft.CppCommon.targets(237,5): warning MSB8064: "D:\cybermed\daddy\dependency\sdk-VTK-9.4.2\build_msvc\CMakeFiles\fdeeef45baa0dc57bb14d14d8205cfcd\generate.stamp.rule" 항목에 대한 사용자 지정 빌드에 성공했지만 지정한 종속성 "d:\qt\6.9.0\msvc2022_64\lib\cmake\qt6core\qt6coreconfig.cmake"이(가) 없습니다. 이 오류로 인해 증분 빌드가 제대로 작동하지 않을 수 있습니다.
C:\Program Files\Microsoft Visual Studio\2022\Community\MSBuild\Microsoft\VC\v170\Microsoft.CppCommon.targets(237,5): warning MSB8064: "D:\cybermed\daddy\dependency\sdk-VTK-9.4.2\build_msvc\CMakeFiles\fdeeef45baa0dc57bb14d14d8205cfcd\generate.stamp.rule" 항목에 대한 사용자 지정 빌드에 성공했지만 지정한 종속성 "d:\qt\6.9.0\msvc2022_64\lib\cmake\qt6core\qt6coreconfigextras.cmake"이(가) 없습니다. 이 오류로 인해 증분 빌드가 제대로 작동하지 않을 수 있습니다.
C:\Program Files\Microsoft Visual Studio\2022\Community\MSBuild\Microsoft\VC\v170\Microsoft.CppCommon.targets(237,5): warning MSB8064: "D:\cybermed\daddy\dependency\sdk-VTK-9.4.2\build_msvc\CMakeFiles\fdeeef45baa0dc57bb14d14d8205cfcd\generate.stamp.rule" 항목에 대한 사용자 지정 빌드에 성공했지만 지정한 종속성 "d:\qt\6.9.0\msvc2022_64\lib\cmake\qt6core\qt6coreconfigversion.cmake"이(가) 없습니다. 이 오류로 인해 증분 빌드가 제대로 작동하지 않을 수 있습니다.
C:\Program Files\Microsoft Visual Studio\2022\Community\MSBuild\Microsoft\VC\v170\Microsoft.CppCommon.targets(237,5): warning MSB8064: "D:\cybermed\daddy\dependency\sdk-VTK-9.4.2\build_msvc\CMakeFiles\fdeeef45baa0dc57bb14d14d8205cfcd\generate.stamp.rule" 항목에 대한 사용자 지정 빌드에 성공했지만 지정한 종속성 "d:\qt\6.9.0\msvc2022_64\lib\cmake\qt6core\qt6coreconfigversionimpl.cmake"이(가) 없습니다. 이 오류로 인해 증분 빌드가 제대로 작동하지 않을 수 있습니다.
C:\Program Files\Microsoft Visual Studio\2022\Community\MSBuild\Microsoft\VC\v170\Microsoft.CppCommon.targets(237,5): warning MSB8064: "D:\cybermed\daddy\dependency\sdk-VTK-9.4.2\build_msvc\CMakeFiles\fdeeef45baa0dc57bb14d14d8205cfcd\generate.stamp.rule" 항목에 대한 사용자 지정 빌드에 성공했지만 지정한 종속성 "d:\qt\6.9.0\msvc2022_64\lib\cmake\qt6core\qt6coredependencies.cmake"이(가) 없습니다. 이 오류로 인해 증분 빌드가 제대로 작동하지 않을 수 있습니다.
C:\Program Files\Microsoft Visual Studio\2022\Community\MSBuild\Microsoft\VC\v170\Microsoft.CppCommon.targets(237,5): warning MSB8064: "D:\cybermed\daddy\dependency\sdk-VTK-9.4.2\build_msvc\CMakeFiles\fdeeef45baa0dc57bb14d14d8205cfcd\generate.stamp.rule" 항목에 대한 사용자 지정 빌드에 성공했지만 지정한 종속성 "d:\qt\6.9.0\msvc2022_64\lib\cmake\qt6core\qt6coremacros.cmake"이(가) 없습니다. 이 오류로 인해 증분 빌드가 제대로 작동하지 않을 수 있습니다.
C:\Program Files\Microsoft Visual Studio\2022\Community\MSBuild\Microsoft\VC\v170\Microsoft.CppCommon.targets(237,5): warning MSB8064: "D:\cybermed\daddy\dependency\sdk-VTK-9.4.2\build_msvc\CMakeFiles\fdeeef45baa0dc57bb14d14d8205cfcd\generate.stamp.rule" 항목에 대한 사용자 지정 빌드에 성공했지만 지정한 종속성 "d:\qt\6.9.0\msvc2022_64\lib\cmake\qt6core\qt6coretargets-debug.cmake"이(가) 없습니다. 이 오류로 인해 증분 빌드가 제대로 작동하지 않을 수 있습니다.
C:\Program Files\Microsoft Visual Studio\2022\Community\MSBuild\Microsoft\VC\v170\Microsoft.CppCommon.targets(237,5): warning MSB8064: "D:\cybermed\daddy\dependency\sdk-VTK-9.4.2\build_msvc\CMakeFiles\fdeeef45baa0dc57bb14d14d8205cfcd\generate.stamp.rule" 항목에 대한 사용자 지정 빌드에 성공했지만 지정한 종속성 "d:\qt\6.9.0\msvc2022_64\lib\cmake\qt6core\qt6coretargets-relwithdebinfo.cmake"이(가) 없습니다. 이 오류로 인해 증분 빌드가 제대로 작동하지 않을 수 있습니다.
C:\Program Files\Microsoft Visual Studio\2022\Community\MSBuild\Microsoft\VC\v170\Microsoft.CppCommon.targets(237,5): warning MSB8064: "D:\cybermed\daddy\dependency\sdk-VTK-9.4.2\build_msvc\CMakeFiles\fdeeef45baa0dc57bb14d14d8205cfcd\generate.stamp.rule" 항목에 대한 사용자 지정 빌드에 성공했지만 지정한 종속성 "d:\qt\6.9.0\msvc2022_64\lib\cmake\qt6core\qt6coretargets.cmake"이(가) 없습니다. 이 오류로 인해 증분 빌드가 제대로 작동하지 않을 수 있습니다.
C:\Program Files\Microsoft Visual Studio\2022\Community\MSBuild\Microsoft\VC\v170\Microsoft.CppCommon.targets(237,5): warning MSB8064: "D:\cybermed\daddy\dependency\sdk-VTK-9.4.2\build_msvc\CMakeFiles\fdeeef45baa0dc57bb14d14d8205cfcd\generate.stamp.rule" 항목에 대한 사용자 지정 빌드에 성공했지만 지정한 종속성 "d:\qt\6.9.0\msvc2022_64\lib\cmake\qt6core\qt6coreversionlessaliastargets.cmake"이(가) 없습니다. 이 오류로 인해 증분 빌드가 제대로 작동하지 않을 수 있습니다.
C:\Program Files\Microsoft Visual Studio\2022\Community\MSBuild\Microsoft\VC\v170\Microsoft.CppCommon.targets(237,5): warning MSB8064: "D:\cybermed\daddy\dependency\sdk-VTK-9.4.2\build_msvc\CMakeFiles\fdeeef45baa0dc57bb14d14d8205cfcd\generate.stamp.rule" 항목에 대한 사용자 지정 빌드에 성공했지만 지정한 종속성 "d:\qt\6.9.0\msvc2022_64\lib\cmake\qt6coreprivate\qt6coreprivateadditionaltargetinfo.cmake"이(가) 없습니다. 이 오류로 인해 증분 빌드가 제대로 작동하지 않을 수 있습니다.
C:\Program Files\Microsoft Visual Studio\2022\Community\MSBuild\Microsoft\VC\v170\Microsoft.CppCommon.targets(237,5): warning MSB8064: "D:\cybermed\daddy\dependency\sdk-VTK-9.4.2\build_msvc\CMakeFiles\fdeeef45baa0dc57bb14d14d8205cfcd\generate.stamp.rule" 항목에 대한 사용자 지정 빌드에 성공했지만 지정한 종속성 "d:\qt\6.9.0\msvc2022_64\lib\cmake\qt6coreprivate\qt6coreprivateconfig.cmake"이(가) 없습니다. 이 오류로 인해 증분 빌드가 제대로 작동하지 않을 수 있습니다.
C:\Program Files\Microsoft Visual Studio\2022\Community\MSBuild\Microsoft\VC\v170\Microsoft.CppCommon.targets(237,5): warning MSB8064: "D:\cybermed\daddy\dependency\sdk-VTK-9.4.2\build_msvc\CMakeFiles\fdeeef45baa0dc57bb14d14d8205cfcd\generate.stamp.rule" 항목에 대한 사용자 지정 빌드에 성공했지만 지정한 종속성 "d:\qt\6.9.0\msvc2022_64\lib\cmake\qt6coreprivate\qt6coreprivateconfigversion.cmake"이(가) 없습니다. 이 오류로 인해 증분 빌드가 제대로 작동하지 않을 수 있습니다.
C:\Program Files\Microsoft Visual Studio\2022\Community\MSBuild\Microsoft\VC\v170\Microsoft.CppCommon.targets(237,5): warning MSB8064: "D:\cybermed\daddy\dependency\sdk-VTK-9.4.2\build_msvc\CMakeFiles\fdeeef45baa0dc57bb14d14d8205cfcd\generate.stamp.rule" 항목에 대한 사용자 지정 빌드에 성공했지만 지정한 종속성 "d:\qt\6.9.0\msvc2022_64\lib\cmake\qt6coreprivate\qt6coreprivateconfigversionimpl.cmake"이(가) 없습니다. 이 오류로 인해 증분 빌드가 제대로 작동하지 않을 수 있습니다.
C:\Program Files\Microsoft Visual Studio\2022\Community\MSBuild\Microsoft\VC\v170\Microsoft.CppCommon.targets(237,5): warning MSB8064: "D:\cybermed\daddy\dependency\sdk-VTK-9.4.2\build_msvc\CMakeFiles\fdeeef45baa0dc57bb14d14d8205cfcd\generate.stamp.rule" 항목에 대한 사용자 지정 빌드에 성공했지만 지정한 종속성 "d:\qt\6.9.0\msvc2022_64\lib\cmake\qt6coreprivate\qt6coreprivatedependencies.cmake"이(가) 없습니다. 이 오류로 인해 증분 빌드가 제대로 작동하지 않을 수 있습니다.
C:\Program Files\Microsoft Visual Studio\2022\Community\MSBuild\Microsoft\VC\v170\Microsoft.CppCommon.targets(237,5): warning MSB8064: "D:\cybermed\daddy\dependency\sdk-VTK-9.4.2\build_msvc\CMakeFiles\fdeeef45baa0dc57bb14d14d8205cfcd\generate.stamp.rule" 항목에 대한 사용자 지정 빌드에 성공했지만 지정한 종속성 "d:\qt\6.9.0\msvc2022_64\lib\cmake\qt6coreprivate\qt6coreprivatetargets.cmake"이(가) 없습니다. 이 오류로 인해 증분 빌드가 제대로 작동하지 않을 수 있습니다.
C:\Program Files\Microsoft Visual Studio\2022\Community\MSBuild\Microsoft\VC\v170\Microsoft.CppCommon.targets(237,5): warning MSB8064: "D:\cybermed\daddy\dependency\sdk-VTK-9.4.2\build_msvc\CMakeFiles\fdeeef45baa0dc57bb14d14d8205cfcd\generate.stamp.rule" 항목에 대한 사용자 지정 빌드에 성공했지만 지정한 종속성 "d:\qt\6.9.0\msvc2022_64\lib\cmake\qt6coreprivate\qt6coreprivateversionlessaliastargets.cmake"이(가) 없습니다. 이 오류로 인해 증분 빌드가 제대로 작동하지 않을 수 있습니다.
C:\Program Files\Microsoft Visual Studio\2022\Community\MSBuild\Microsoft\VC\v170\Microsoft.CppCommon.targets(237,5): warning MSB8064: "D:\cybermed\daddy\dependency\sdk-VTK-9.4.2\build_msvc\CMakeFiles\fdeeef45baa0dc57bb14d14d8205cfcd\generate.stamp.rule" 항목에 대한 사용자 지정 빌드에 성공했지만 지정한 종속성 "d:\qt\6.9.0\msvc2022_64\lib\cmake\qt6coretools\qt6coretoolsadditionaltargetinfo.cmake"이(가) 없습니다. 이 오류로 인해 증분 빌드가 제대로 작동하지 않을 수 있습니다.
C:\Program Files\Microsoft Visual Studio\2022\Community\MSBuild\Microsoft\VC\v170\Microsoft.CppCommon.targets(237,5): warning MSB8064: "D:\cybermed\daddy\dependency\sdk-VTK-9.4.2\build_msvc\CMakeFiles\fdeeef45baa0dc57bb14d14d8205cfcd\generate.stamp.rule" 항목에 대한 사용자 지정 빌드에 성공했지만 지정한 종속성 "d:\qt\6.9.0\msvc2022_64\lib\cmake\qt6coretools\qt6coretoolsconfig.cmake"이(가) 없습니다. 이 오류로 인해 증분 빌드가 제대로 작동하지 않을 수 있습니다.
C:\Program Files\Microsoft Visual Studio\2022\Community\MSBuild\Microsoft\VC\v170\Microsoft.CppCommon.targets(237,5): warning MSB8064: "D:\cybermed\daddy\dependency\sdk-VTK-9.4.2\build_msvc\CMakeFiles\fdeeef45baa0dc57bb14d14d8205cfcd\generate.stamp.rule" 항목에 대한 사용자 지정 빌드에 성공했지만 지정한 종속성 "d:\qt\6.9.0\msvc2022_64\lib\cmake\qt6coretools\qt6coretoolsconfigversion.cmake"이(가) 없습니다. 이 오류로 인해 증분 빌드가 제대로 작동하지 않을 수 있습니다.
C:\Program Files\Microsoft Visual Studio\2022\Community\MSBuild\Microsoft\VC\v170\Microsoft.CppCommon.targets(237,5): warning MSB8064: "D:\cybermed\daddy\dependency\sdk-VTK-9.4.2\build_msvc\CMakeFiles\fdeeef45baa0dc57bb14d14d8205cfcd\generate.stamp.rule" 항목에 대한 사용자 지정 빌드에 성공했지만 지정한 종속성 "d:\qt\6.9.0\msvc2022_64\lib\cmake\qt6coretools\qt6coretoolsconfigversionimpl.cmake"이(가) 없습니다. 이 오류로 인해 증분 빌드가 제대로 작동하지 않을 수 있습니다.
C:\Program Files\Microsoft Visual Studio\2022\Community\MSBuild\Microsoft\VC\v170\Microsoft.CppCommon.targets(237,5): warning MSB8064: "D:\cybermed\daddy\dependency\sdk-VTK-9.4.2\build_msvc\CMakeFiles\fdeeef45baa0dc57bb14d14d8205cfcd\generate.stamp.rule" 항목에 대한 사용자 지정 빌드에 성공했지만 지정한 종속성 "d:\qt\6.9.0\msvc2022_64\lib\cmake\qt6coretools\qt6coretoolsdependencies.cmake"이(가) 없습니다. 이 오류로 인해 증분 빌드가 제대로 작동하지 않을 수 있습니다.
C:\Program Files\Microsoft Visual Studio\2022\Community\MSBuild\Microsoft\VC\v170\Microsoft.CppCommon.targets(237,5): warning MSB8064: "D:\cybermed\daddy\dependency\sdk-VTK-9.4.2\build_msvc\CMakeFiles\fdeeef45baa0dc57bb14d14d8205cfcd\generate.stamp.rule" 항목에 대한 사용자 지정 빌드에 성공했지만 지정한 종속성 "d:\qt\6.9.0\msvc2022_64\lib\cmake\qt6coretools\qt6coretoolstargets-debug.cmake"이(가) 없습니다. 이 오류로 인해 증분 빌드가 제대로 작동하지 않을 수 있습니다.
C:\Program Files\Microsoft Visual Studio\2022\Community\MSBuild\Microsoft\VC\v170\Microsoft.CppCommon.targets(237,5): warning MSB8064: "D:\cybermed\daddy\dependency\sdk-VTK-9.4.2\build_msvc\CMakeFiles\fdeeef45baa0dc57bb14d14d8205cfcd\generate.stamp.rule" 항목에 대한 사용자 지정 빌드에 성공했지만 지정한 종속성 "d:\qt\6.9.0\msvc2022_64\lib\cmake\qt6coretools\qt6coretoolstargets-relwithdebinfo.cmake"이(가) 없습니다. 이 오류로 인해 증분 빌드가 제대로 작동하지 않을 수 있습니다.
C:\Program Files\Microsoft Visual Studio\2022\Community\MSBuild\Microsoft\VC\v170\Microsoft.CppCommon.targets(237,5): warning MSB8064: "D:\cybermed\daddy\dependency\sdk-VTK-9.4.2\build_msvc\CMakeFiles\fdeeef45baa0dc57bb14d14d8205cfcd\generate.stamp.rule" 항목에 대한 사용자 지정 빌드에 성공했지만 지정한 종속성 "d:\qt\6.9.0\msvc2022_64\lib\cmake\qt6coretools\qt6coretoolstargets.cmake"이(가) 없습니다. 이 오류로 인해 증분 빌드가 제대로 작동하지 않을 수 있습니다.
C:\Program Files\Microsoft Visual Studio\2022\Community\MSBuild\Microsoft\VC\v170\Microsoft.CppCommon.targets(237,5): warning MSB8064: "D:\cybermed\daddy\dependency\sdk-VTK-9.4.2\build_msvc\CMakeFiles\fdeeef45baa0dc57bb14d14d8205cfcd\generate.stamp.rule" 항목에 대한 사용자 지정 빌드에 성공했지만 지정한 종속성 "d:\qt\6.9.0\msvc2022_64\lib\cmake\qt6coretools\qt6coretoolsversionlesstargets.cmake"이(가) 없습니다. 이 오류로 인해 증분 빌드가 제대로 작동하지 않을 수 있습니다.
C:\Program Files\Microsoft Visual Studio\2022\Community\MSBuild\Microsoft\VC\v170\Microsoft.CppCommon.targets(237,5): warning MSB8064: "D:\cybermed\daddy\dependency\sdk-VTK-9.4.2\build_msvc\CMakeFiles\fdeeef45baa0dc57bb14d14d8205cfcd\generate.stamp.rule" 항목에 대한 사용자 지정 빌드에 성공했지만 지정한 종속성 "d:\qt\6.9.0\msvc2022_64\lib\cmake\qt6entrypointprivate\qt6entrypointprivateadditionaltargetinfo.cmake"이(가) 없습니다. 이 오류로 인해 증분 빌드가 제대로 작동하지 않을 수 있습니다.
C:\Program Files\Microsoft Visual Studio\2022\Community\MSBuild\Microsoft\VC\v170\Microsoft.CppCommon.targets(237,5): warning MSB8064: "D:\cybermed\daddy\dependency\sdk-VTK-9.4.2\build_msvc\CMakeFiles\fdeeef45baa0dc57bb14d14d8205cfcd\generate.stamp.rule" 항목에 대한 사용자 지정 빌드에 성공했지만 지정한 종속성 "d:\qt\6.9.0\msvc2022_64\lib\cmake\qt6entrypointprivate\qt6entrypointprivateconfig.cmake"이(가) 없습니다. 이 오류로 인해 증분 빌드가 제대로 작동하지 않을 수 있습니다.
C:\Program Files\Microsoft Visual Studio\2022\Community\MSBuild\Microsoft\VC\v170\Microsoft.CppCommon.targets(237,5): warning MSB8064: "D:\cybermed\daddy\dependency\sdk-VTK-9.4.2\build_msvc\CMakeFiles\fdeeef45baa0dc57bb14d14d8205cfcd\generate.stamp.rule" 항목에 대한 사용자 지정 빌드에 성공했지만 지정한 종속성 "d:\qt\6.9.0\msvc2022_64\lib\cmake\qt6entrypointprivate\qt6entrypointprivateconfigversion.cmake"이(가) 없습니다. 이 오류로 인해 증분 빌드가 제대로 작동하지 않을 수 있습니다.
C:\Program Files\Microsoft Visual Studio\2022\Community\MSBuild\Microsoft\VC\v170\Microsoft.CppCommon.targets(237,5): warning MSB8064: "D:\cybermed\daddy\dependency\sdk-VTK-9.4.2\build_msvc\CMakeFiles\fdeeef45baa0dc57bb14d14d8205cfcd\generate.stamp.rule" 항목에 대한 사용자 지정 빌드에 성공했지만 지정한 종속성 "d:\qt\6.9.0\msvc2022_64\lib\cmake\qt6entrypointprivate\qt6entrypointprivateconfigversionimpl.cmake"이(가) 없습니다. 이 오류로 인해 증분 빌드가 제대로 작동하지 않을 수 있습니다.
C:\Program Files\Microsoft Visual Studio\2022\Community\MSBuild\Microsoft\VC\v170\Microsoft.CppCommon.targets(237,5): warning MSB8064: "D:\cybermed\daddy\dependency\sdk-VTK-9.4.2\build_msvc\CMakeFiles\fdeeef45baa0dc57bb14d14d8205cfcd\generate.stamp.rule" 항목에 대한 사용자 지정 빌드에 성공했지만 지정한 종속성 "d:\qt\6.9.0\msvc2022_64\lib\cmake\qt6entrypointprivate\qt6entrypointprivatetargets-debug.cmake"이(가) 없습니다. 이 오류로 인해 증분 빌드가 제대로 작동하지 않을 수 있습니다.
C:\Program Files\Microsoft Visual Studio\2022\Community\MSBuild\Microsoft\VC\v170\Microsoft.CppCommon.targets(237,5): warning MSB8064: "D:\cybermed\daddy\dependency\sdk-VTK-9.4.2\build_msvc\CMakeFiles\fdeeef45baa0dc57bb14d14d8205cfcd\generate.stamp.rule" 항목에 대한 사용자 지정 빌드에 성공했지만 지정한 종속성 "d:\qt\6.9.0\msvc2022_64\lib\cmake\qt6entrypointprivate\qt6entrypointprivatetargets-relwithdebinfo.cmake"이(가) 없습니다. 이 오류로 인해 증분 빌드가 제대로 작동하지 않을 수 있습니다.
C:\Program Files\Microsoft Visual Studio\2022\Community\MSBuild\Microsoft\VC\v170\Microsoft.CppCommon.targets(237,5): warning MSB8064: "D:\cybermed\daddy\dependency\sdk-VTK-9.4.2\build_msvc\CMakeFiles\fdeeef45baa0dc57bb14d14d8205cfcd\generate.stamp.rule" 항목에 대한 사용자 지정 빌드에 성공했지만 지정한 종속성 "d:\qt\6.9.0\msvc2022_64\lib\cmake\qt6entrypointprivate\qt6entrypointprivatetargets.cmake"이(가) 없습니다. 이 오류로 인해 증분 빌드가 제대로 작동하지 않을 수 있습니다.
C:\Program Files\Microsoft Visual Studio\2022\Community\MSBuild\Microsoft\VC\v170\Microsoft.CppCommon.targets(237,5): warning MSB8064: "D:\cybermed\daddy\dependency\sdk-VTK-9.4.2\build_msvc\CMakeFiles\fdeeef45baa0dc57bb14d14d8205cfcd\generate.stamp.rule" 항목에 대한 사용자 지정 빌드에 성공했지만 지정한 종속성 "d:\qt\6.9.0\msvc2022_64\lib\cmake\qt6entrypointprivate\qt6entrypointprivateversionlessaliastargets.cmake"이(가) 없습니다. 이 오류로 인해 증분 빌드가 제대로 작동하지 않을 수 있습니다.
C:\Program Files\Microsoft Visual Studio\2022\Community\MSBuild\Microsoft\VC\v170\Microsoft.CppCommon.targets(237,5): warning MSB8064: "D:\cybermed\daddy\dependency\sdk-VTK-9.4.2\build_msvc\CMakeFiles\fdeeef45baa0dc57bb14d14d8205cfcd\generate.stamp.rule" 항목에 대한 사용자 지정 빌드에 성공했지만 지정한 종속성 "d:\qt\6.9.0\msvc2022_64\lib\cmake\qt6examplesassetdownloaderprivate\qt6examplesassetdownloaderprivateadditionaltargetinfo.cmake"이(가) 없습니다. 이 오류로 인해 증분 빌드가 제대로 작동하지 않을 수 있습니다.
C:\Program Files\Microsoft Visual Studio\2022\Community\MSBuild\Microsoft\VC\v170\Microsoft.CppCommon.targets(237,5): warning MSB8064: "D:\cybermed\daddy\dependency\sdk-VTK-9.4.2\build_msvc\CMakeFiles\fdeeef45baa0dc57bb14d14d8205cfcd\generate.stamp.rule" 항목에 대한 사용자 지정 빌드에 성공했지만 지정한 종속성 "d:\qt\6.9.0\msvc2022_64\lib\cmake\qt6examplesassetdownloaderprivate\qt6examplesassetdownloaderprivateconfig.cmake"이(가) 없습니다. 이 오류로 인해 증분 빌드가 제대로 작동하지 않을 수 있습니다.
C:\Program Files\Microsoft Visual Studio\2022\Community\MSBuild\Microsoft\VC\v170\Microsoft.CppCommon.targets(237,5): warning MSB8064: "D:\cybermed\daddy\dependency\sdk-VTK-9.4.2\build_msvc\CMakeFiles\fdeeef45baa0dc57bb14d14d8205cfcd\generate.stamp.rule" 항목에 대한 사용자 지정 빌드에 성공했지만 지정한 종속성 "d:\qt\6.9.0\msvc2022_64\lib\cmake\qt6examplesassetdownloaderprivate\qt6examplesassetdownloaderprivateconfigversion.cmake"이(가) 없습니다. 이 오류로 인해 증분 빌드가 제대로 작동하지 않을 수 있습니다.
C:\Program Files\Microsoft Visual Studio\2022\Community\MSBuild\Microsoft\VC\v170\Microsoft.CppCommon.targets(237,5): warning MSB8064: "D:\cybermed\daddy\dependency\sdk-VTK-9.4.2\build_msvc\CMakeFiles\fdeeef45baa0dc57bb14d14d8205cfcd\generate.stamp.rule" 항목에 대한 사용자 지정 빌드에 성공했지만 지정한 종속성 "d:\qt\6.9.0\msvc2022_64\lib\cmake\qt6examplesassetdownloaderprivate\qt6examplesassetdownloaderprivateconfigversionimpl.cmake"이(가) 없습니다. 이 오류로 인해 증분 빌드가 제대로 작동하지 않을 수 있습니다.
C:\Program Files\Microsoft Visual Studio\2022\Community\MSBuild\Microsoft\VC\v170\Microsoft.CppCommon.targets(237,5): warning MSB8064: "D:\cybermed\daddy\dependency\sdk-VTK-9.4.2\build_msvc\CMakeFiles\fdeeef45baa0dc57bb14d14d8205cfcd\generate.stamp.rule" 항목에 대한 사용자 지정 빌드에 성공했지만 지정한 종속성 "d:\qt\6.9.0\msvc2022_64\lib\cmake\qt6examplesassetdownloaderprivate\qt6examplesassetdownloaderprivatedependencies.cmake"이(가) 없습니다. 이 오류로 인해 증분 빌드가 제대로 작동하지 않을 수 있습니다.
C:\Program Files\Microsoft Visual Studio\2022\Community\MSBuild\Microsoft\VC\v170\Microsoft.CppCommon.targets(237,5): warning MSB8064: "D:\cybermed\daddy\dependency\sdk-VTK-9.4.2\build_msvc\CMakeFiles\fdeeef45baa0dc57bb14d14d8205cfcd\generate.stamp.rule" 항목에 대한 사용자 지정 빌드에 성공했지만 지정한 종속성 "d:\qt\6.9.0\msvc2022_64\lib\cmake\qt6examplesassetdownloaderprivate\qt6examplesassetdownloaderprivatetargets-debug.cmake"이(가) 없습니다. 이 오류로 인해 증분 빌드가 제대로 작동하지 않을 수 있습니다.
C:\Program Files\Microsoft Visual Studio\2022\Community\MSBuild\Microsoft\VC\v170\Microsoft.CppCommon.targets(237,5): warning MSB8064: "D:\cybermed\daddy\dependency\sdk-VTK-9.4.2\build_msvc\CMakeFiles\fdeeef45baa0dc57bb14d14d8205cfcd\generate.stamp.rule" 항목에 대한 사용자 지정 빌드에 성공했지만 지정한 종속성 "d:\qt\6.9.0\msvc2022_64\lib\cmake\qt6examplesassetdownloaderprivate\qt6examplesassetdownloaderprivatetargets-relwithdebinfo.cmake"이(가) 없습니다. 이 오류로 인해 증분 빌드가 제대로 작동하지 않을 수 있습니다.
C:\Program Files\Microsoft Visual Studio\2022\Community\MSBuild\Microsoft\VC\v170\Microsoft.CppCommon.targets(237,5): warning MSB8064: "D:\cybermed\daddy\dependency\sdk-VTK-9.4.2\build_msvc\CMakeFiles\fdeeef45baa0dc57bb14d14d8205cfcd\generate.stamp.rule" 항목에 대한 사용자 지정 빌드에 성공했지만 지정한 종속성 "d:\qt\6.9.0\msvc2022_64\lib\cmake\qt6examplesassetdownloaderprivate\qt6examplesassetdownloaderprivatetargets.cmake"이(가) 없습니다. 이 오류로 인해 증분 빌드가 제대로 작동하지 않을 수 있습니다.
C:\Program Files\Microsoft Visual Studio\2022\Community\MSBuild\Microsoft\VC\v170\Microsoft.CppCommon.targets(237,5): warning MSB8064: "D:\cybermed\daddy\dependency\sdk-VTK-9.4.2\build_msvc\CMakeFiles\fdeeef45baa0dc57bb14d14d8205cfcd\generate.stamp.rule" 항목에 대한 사용자 지정 빌드에 성공했지만 지정한 종속성 "d:\qt\6.9.0\msvc2022_64\lib\cmake\qt6examplesassetdownloaderprivate\qt6examplesassetdownloaderprivateversionlessaliastargets.cmake"이(가) 없습니다. 이 오류로 인해 증분 빌드가 제대로 작동하지 않을 수 있습니다.
C:\Program Files\Microsoft Visual Studio\2022\Community\MSBuild\Microsoft\VC\v170\Microsoft.CppCommon.targets(237,5): warning MSB8064: "D:\cybermed\daddy\dependency\sdk-VTK-9.4.2\build_msvc\CMakeFiles\fdeeef45baa0dc57bb14d14d8205cfcd\generate.stamp.rule" 항목에 대한 사용자 지정 빌드에 성공했지만 지정한 종속성 "d:\qt\6.9.0\msvc2022_64\lib\cmake\qt6gui\qt6guiadditionaltargetinfo.cmake"이(가) 없습니다. 이 오류로 인해 증분 빌드가 제대로 작동하지 않을 수 있습니다.
C:\Program Files\Microsoft Visual Studio\2022\Community\MSBuild\Microsoft\VC\v170\Microsoft.CppCommon.targets(237,5): warning MSB8064: "D:\cybermed\daddy\dependency\sdk-VTK-9.4.2\build_msvc\CMakeFiles\fdeeef45baa0dc57bb14d14d8205cfcd\generate.stamp.rule" 항목에 대한 사용자 지정 빌드에 성공했지만 지정한 종속성 "d:\qt\6.9.0\msvc2022_64\lib\cmake\qt6gui\qt6guiconfig.cmake"이(가) 없습니다. 이 오류로 인해 증분 빌드가 제대로 작동하지 않을 수 있습니다.
C:\Program Files\Microsoft Visual Studio\2022\Community\MSBuild\Microsoft\VC\v170\Microsoft.CppCommon.targets(237,5): warning MSB8064: "D:\cybermed\daddy\dependency\sdk-VTK-9.4.2\build_msvc\CMakeFiles\fdeeef45baa0dc57bb14d14d8205cfcd\generate.stamp.rule" 항목에 대한 사용자 지정 빌드에 성공했지만 지정한 종속성 "d:\qt\6.9.0\msvc2022_64\lib\cmake\qt6gui\qt6guiconfigversion.cmake"이(가) 없습니다. 이 오류로 인해 증분 빌드가 제대로 작동하지 않을 수 있습니다.
C:\Program Files\Microsoft Visual Studio\2022\Community\MSBuild\Microsoft\VC\v170\Microsoft.CppCommon.targets(237,5): warning MSB8064: "D:\cybermed\daddy\dependency\sdk-VTK-9.4.2\build_msvc\CMakeFiles\fdeeef45baa0dc57bb14d14d8205cfcd\generate.stamp.rule" 항목에 대한 사용자 지정 빌드에 성공했지만 지정한 종속성 "d:\qt\6.9.0\msvc2022_64\lib\cmake\qt6gui\qt6guiconfigversionimpl.cmake"이(가) 없습니다. 이 오류로 인해 증분 빌드가 제대로 작동하지 않을 수 있습니다.
C:\Program Files\Microsoft Visual Studio\2022\Community\MSBuild\Microsoft\VC\v170\Microsoft.CppCommon.targets(237,5): warning MSB8064: "D:\cybermed\daddy\dependency\sdk-VTK-9.4.2\build_msvc\CMakeFiles\fdeeef45baa0dc57bb14d14d8205cfcd\generate.stamp.rule" 항목에 대한 사용자 지정 빌드에 성공했지만 지정한 종속성 "d:\qt\6.9.0\msvc2022_64\lib\cmake\qt6gui\qt6guidependencies.cmake"이(가) 없습니다. 이 오류로 인해 증분 빌드가 제대로 작동하지 않을 수 있습니다.
C:\Program Files\Microsoft Visual Studio\2022\Community\MSBuild\Microsoft\VC\v170\Microsoft.CppCommon.targets(237,5): warning MSB8064: "D:\cybermed\daddy\dependency\sdk-VTK-9.4.2\build_msvc\CMakeFiles\fdeeef45baa0dc57bb14d14d8205cfcd\generate.stamp.rule" 항목에 대한 사용자 지정 빌드에 성공했지만 지정한 종속성 "d:\qt\6.9.0\msvc2022_64\lib\cmake\qt6gui\qt6guiplugins.cmake"이(가) 없습니다. 이 오류로 인해 증분 빌드가 제대로 작동하지 않을 수 있습니다.
C:\Program Files\Microsoft Visual Studio\2022\Community\MSBuild\Microsoft\VC\v170\Microsoft.CppCommon.targets(237,5): warning MSB8064: "D:\cybermed\daddy\dependency\sdk-VTK-9.4.2\build_msvc\CMakeFiles\fdeeef45baa0dc57bb14d14d8205cfcd\generate.stamp.rule" 항목에 대한 사용자 지정 빌드에 성공했지만 지정한 종속성 "d:\qt\6.9.0\msvc2022_64\lib\cmake\qt6gui\qt6guitargets-debug.cmake"이(가) 없습니다. 이 오류로 인해 증분 빌드가 제대로 작동하지 않을 수 있습니다.
C:\Program Files\Microsoft Visual Studio\2022\Community\MSBuild\Microsoft\VC\v170\Microsoft.CppCommon.targets(237,5): warning MSB8064: "D:\cybermed\daddy\dependency\sdk-VTK-9.4.2\build_msvc\CMakeFiles\fdeeef45baa0dc57bb14d14d8205cfcd\generate.stamp.rule" 항목에 대한 사용자 지정 빌드에 성공했지만 지정한 종속성 "d:\qt\6.9.0\msvc2022_64\lib\cmake\qt6gui\qt6guitargets-relwithdebinfo.cmake"이(가) 없습니다. 이 오류로 인해 증분 빌드가 제대로 작동하지 않을 수 있습니다.
C:\Program Files\Microsoft Visual Studio\2022\Community\MSBuild\Microsoft\VC\v170\Microsoft.CppCommon.targets(237,5): warning MSB8064: "D:\cybermed\daddy\dependency\sdk-VTK-9.4.2\build_msvc\CMakeFiles\fdeeef45baa0dc57bb14d14d8205cfcd\generate.stamp.rule" 항목에 대한 사용자 지정 빌드에 성공했지만 지정한 종속성 "d:\qt\6.9.0\msvc2022_64\lib\cmake\qt6gui\qt6guitargets.cmake"이(가) 없습니다. 이 오류로 인해 증분 빌드가 제대로 작동하지 않을 수 있습니다.
C:\Program Files\Microsoft Visual Studio\2022\Community\MSBuild\Microsoft\VC\v170\Microsoft.CppCommon.targets(237,5): warning MSB8064: "D:\cybermed\daddy\dependency\sdk-VTK-9.4.2\build_msvc\CMakeFiles\fdeeef45baa0dc57bb14d14d8205cfcd\generate.stamp.rule" 항목에 대한 사용자 지정 빌드에 성공했지만 지정한 종속성 "d:\qt\6.9.0\msvc2022_64\lib\cmake\qt6gui\qt6guiversionlessaliastargets.cmake"이(가) 없습니다. 이 오류로 인해 증분 빌드가 제대로 작동하지 않을 수 있습니다.
C:\Program Files\Microsoft Visual Studio\2022\Community\MSBuild\Microsoft\VC\v170\Microsoft.CppCommon.targets(237,5): warning MSB8064: "D:\cybermed\daddy\dependency\sdk-VTK-9.4.2\build_msvc\CMakeFiles\fdeeef45baa0dc57bb14d14d8205cfcd\generate.stamp.rule" 항목에 대한 사용자 지정 빌드에 성공했지만 지정한 종속성 "d:\qt\6.9.0\msvc2022_64\lib\cmake\qt6gui\qt6qgifpluginadditionaltargetinfo.cmake"이(가) 없습니다. 이 오류로 인해 증분 빌드가 제대로 작동하지 않을 수 있습니다.
C:\Program Files\Microsoft Visual Studio\2022\Community\MSBuild\Microsoft\VC\v170\Microsoft.CppCommon.targets(237,5): warning MSB8064: "D:\cybermed\daddy\dependency\sdk-VTK-9.4.2\build_msvc\CMakeFiles\fdeeef45baa0dc57bb14d14d8205cfcd\generate.stamp.rule" 항목에 대한 사용자 지정 빌드에 성공했지만 지정한 종속성 "d:\qt\6.9.0\msvc2022_64\lib\cmake\qt6gui\qt6qgifpluginconfig.cmake"이(가) 없습니다. 이 오류로 인해 증분 빌드가 제대로 작동하지 않을 수 있습니다.
C:\Program Files\Microsoft Visual Studio\2022\Community\MSBuild\Microsoft\VC\v170\Microsoft.CppCommon.targets(237,5): warning MSB8064: "D:\cybermed\daddy\dependency\sdk-VTK-9.4.2\build_msvc\CMakeFiles\fdeeef45baa0dc57bb14d14d8205cfcd\generate.stamp.rule" 항목에 대한 사용자 지정 빌드에 성공했지만 지정한 종속성 "d:\qt\6.9.0\msvc2022_64\lib\cmake\qt6gui\qt6qgifplugintargets-debug.cmake"이(가) 없습니다. 이 오류로 인해 증분 빌드가 제대로 작동하지 않을 수 있습니다.
C:\Program Files\Microsoft Visual Studio\2022\Community\MSBuild\Microsoft\VC\v170\Microsoft.CppCommon.targets(237,5): warning MSB8064: "D:\cybermed\daddy\dependency\sdk-VTK-9.4.2\build_msvc\CMakeFiles\fdeeef45baa0dc57bb14d14d8205cfcd\generate.stamp.rule" 항목에 대한 사용자 지정 빌드에 성공했지만 지정한 종속성 "d:\qt\6.9.0\msvc2022_64\lib\cmake\qt6gui\qt6qgifplugintargets-relwithdebinfo.cmake"이(가) 없습니다. 이 오류로 인해 증분 빌드가 제대로 작동하지 않을 수 있습니다.
C:\Program Files\Microsoft Visual Studio\2022\Community\MSBuild\Microsoft\VC\v170\Microsoft.CppCommon.targets(237,5): warning MSB8064: "D:\cybermed\daddy\dependency\sdk-VTK-9.4.2\build_msvc\CMakeFiles\fdeeef45baa0dc57bb14d14d8205cfcd\generate.stamp.rule" 항목에 대한 사용자 지정 빌드에 성공했지만 지정한 종속성 "d:\qt\6.9.0\msvc2022_64\lib\cmake\qt6gui\qt6qgifplugintargets.cmake"이(가) 없습니다. 이 오류로 인해 증분 빌드가 제대로 작동하지 않을 수 있습니다.
C:\Program Files\Microsoft Visual Studio\2022\Community\MSBuild\Microsoft\VC\v170\Microsoft.CppCommon.targets(237,5): warning MSB8064: "D:\cybermed\daddy\dependency\sdk-VTK-9.4.2\build_msvc\CMakeFiles\fdeeef45baa0dc57bb14d14d8205cfcd\generate.stamp.rule" 항목에 대한 사용자 지정 빌드에 성공했지만 지정한 종속성 "d:\qt\6.9.0\msvc2022_64\lib\cmake\qt6gui\qt6qicopluginadditionaltargetinfo.cmake"이(가) 없습니다. 이 오류로 인해 증분 빌드가 제대로 작동하지 않을 수 있습니다.
C:\Program Files\Microsoft Visual Studio\2022\Community\MSBuild\Microsoft\VC\v170\Microsoft.CppCommon.targets(237,5): warning MSB8064: "D:\cybermed\daddy\dependency\sdk-VTK-9.4.2\build_msvc\CMakeFiles\fdeeef45baa0dc57bb14d14d8205cfcd\generate.stamp.rule" 항목에 대한 사용자 지정 빌드에 성공했지만 지정한 종속성 "d:\qt\6.9.0\msvc2022_64\lib\cmake\qt6gui\qt6qicopluginconfig.cmake"이(가) 없습니다. 이 오류로 인해 증분 빌드가 제대로 작동하지 않을 수 있습니다.
C:\Program Files\Microsoft Visual Studio\2022\Community\MSBuild\Microsoft\VC\v170\Microsoft.CppCommon.targets(237,5): warning MSB8064: "D:\cybermed\daddy\dependency\sdk-VTK-9.4.2\build_msvc\CMakeFiles\fdeeef45baa0dc57bb14d14d8205cfcd\generate.stamp.rule" 항목에 대한 사용자 지정 빌드에 성공했지만 지정한 종속성 "d:\qt\6.9.0\msvc2022_64\lib\cmake\qt6gui\qt6qicoplugintargets-debug.cmake"이(가) 없습니다. 이 오류로 인해 증분 빌드가 제대로 작동하지 않을 수 있습니다.
C:\Program Files\Microsoft Visual Studio\2022\Community\MSBuild\Microsoft\VC\v170\Microsoft.CppCommon.targets(237,5): warning MSB8064: "D:\cybermed\daddy\dependency\sdk-VTK-9.4.2\build_msvc\CMakeFiles\fdeeef45baa0dc57bb14d14d8205cfcd\generate.stamp.rule" 항목에 대한 사용자 지정 빌드에 성공했지만 지정한 종속성 "d:\qt\6.9.0\msvc2022_64\lib\cmake\qt6gui\qt6qicoplugintargets-relwithdebinfo.cmake"이(가) 없습니다. 이 오류로 인해 증분 빌드가 제대로 작동하지 않을 수 있습니다.
C:\Program Files\Microsoft Visual Studio\2022\Community\MSBuild\Microsoft\VC\v170\Microsoft.CppCommon.targets(237,5): warning MSB8064: "D:\cybermed\daddy\dependency\sdk-VTK-9.4.2\build_msvc\CMakeFiles\fdeeef45baa0dc57bb14d14d8205cfcd\generate.stamp.rule" 항목에 대한 사용자 지정 빌드에 성공했지만 지정한 종속성 "d:\qt\6.9.0\msvc2022_64\lib\cmake\qt6gui\qt6qicoplugintargets.cmake"이(가) 없습니다. 이 오류로 인해 증분 빌드가 제대로 작동하지 않을 수 있습니다.
C:\Program Files\Microsoft Visual Studio\2022\Community\MSBuild\Microsoft\VC\v170\Microsoft.CppCommon.targets(237,5): warning MSB8064: "D:\cybermed\daddy\dependency\sdk-VTK-9.4.2\build_msvc\CMakeFiles\fdeeef45baa0dc57bb14d14d8205cfcd\generate.stamp.rule" 항목에 대한 사용자 지정 빌드에 성공했지만 지정한 종속성 "d:\qt\6.9.0\msvc2022_64\lib\cmake\qt6gui\qt6qjpegpluginadditionaltargetinfo.cmake"이(가) 없습니다. 이 오류로 인해 증분 빌드가 제대로 작동하지 않을 수 있습니다.
C:\Program Files\Microsoft Visual Studio\2022\Community\MSBuild\Microsoft\VC\v170\Microsoft.CppCommon.targets(237,5): warning MSB8064: "D:\cybermed\daddy\dependency\sdk-VTK-9.4.2\build_msvc\CMakeFiles\fdeeef45baa0dc57bb14d14d8205cfcd\generate.stamp.rule" 항목에 대한 사용자 지정 빌드에 성공했지만 지정한 종속성 "d:\qt\6.9.0\msvc2022_64\lib\cmake\qt6gui\qt6qjpegpluginconfig.cmake"이(가) 없습니다. 이 오류로 인해 증분 빌드가 제대로 작동하지 않을 수 있습니다.
C:\Program Files\Microsoft Visual Studio\2022\Community\MSBuild\Microsoft\VC\v170\Microsoft.CppCommon.targets(237,5): warning MSB8064: "D:\cybermed\daddy\dependency\sdk-VTK-9.4.2\build_msvc\CMakeFiles\fdeeef45baa0dc57bb14d14d8205cfcd\generate.stamp.rule" 항목에 대한 사용자 지정 빌드에 성공했지만 지정한 종속성 "d:\qt\6.9.0\msvc2022_64\lib\cmake\qt6gui\qt6qjpegplugintargets-debug.cmake"이(가) 없습니다. 이 오류로 인해 증분 빌드가 제대로 작동하지 않을 수 있습니다.
C:\Program Files\Microsoft Visual Studio\2022\Community\MSBuild\Microsoft\VC\v170\Microsoft.CppCommon.targets(237,5): warning MSB8064: "D:\cybermed\daddy\dependency\sdk-VTK-9.4.2\build_msvc\CMakeFiles\fdeeef45baa0dc57bb14d14d8205cfcd\generate.stamp.rule" 항목에 대한 사용자 지정 빌드에 성공했지만 지정한 종속성 "d:\qt\6.9.0\msvc2022_64\lib\cmake\qt6gui\qt6qjpegplugintargets-relwithdebinfo.cmake"이(가) 없습니다. 이 오류로 인해 증분 빌드가 제대로 작동하지 않을 수 있습니다.
C:\Program Files\Microsoft Visual Studio\2022\Community\MSBuild\Microsoft\VC\v170\Microsoft.CppCommon.targets(237,5): warning MSB8064: "D:\cybermed\daddy\dependency\sdk-VTK-9.4.2\build_msvc\CMakeFiles\fdeeef45baa0dc57bb14d14d8205cfcd\generate.stamp.rule" 항목에 대한 사용자 지정 빌드에 성공했지만 지정한 종속성 "d:\qt\6.9.0\msvc2022_64\lib\cmake\qt6gui\qt6qjpegplugintargets.cmake"이(가) 없습니다. 이 오류로 인해 증분 빌드가 제대로 작동하지 않을 수 있습니다.
C:\Program Files\Microsoft Visual Studio\2022\Community\MSBuild\Microsoft\VC\v170\Microsoft.CppCommon.targets(237,5): warning MSB8064: "D:\cybermed\daddy\dependency\sdk-VTK-9.4.2\build_msvc\CMakeFiles\fdeeef45baa0dc57bb14d14d8205cfcd\generate.stamp.rule" 항목에 대한 사용자 지정 빌드에 성공했지만 지정한 종속성 "d:\qt\6.9.0\msvc2022_64\lib\cmake\qt6gui\qt6qminimalintegrationpluginadditionaltargetinfo.cmake"이(가) 없습니다. 이 오류로 인해 증분 빌드가 제대로 작동하지 않을 수 있습니다.
C:\Program Files\Microsoft Visual Studio\2022\Community\MSBuild\Microsoft\VC\v170\Microsoft.CppCommon.targets(237,5): warning MSB8064: "D:\cybermed\daddy\dependency\sdk-VTK-9.4.2\build_msvc\CMakeFiles\fdeeef45baa0dc57bb14d14d8205cfcd\generate.stamp.rule" 항목에 대한 사용자 지정 빌드에 성공했지만 지정한 종속성 "d:\qt\6.9.0\msvc2022_64\lib\cmake\qt6gui\qt6qminimalintegrationpluginconfig.cmake"이(가) 없습니다. 이 오류로 인해 증분 빌드가 제대로 작동하지 않을 수 있습니다.
C:\Program Files\Microsoft Visual Studio\2022\Community\MSBuild\Microsoft\VC\v170\Microsoft.CppCommon.targets(237,5): warning MSB8064: "D:\cybermed\daddy\dependency\sdk-VTK-9.4.2\build_msvc\CMakeFiles\fdeeef45baa0dc57bb14d14d8205cfcd\generate.stamp.rule" 항목에 대한 사용자 지정 빌드에 성공했지만 지정한 종속성 "d:\qt\6.9.0\msvc2022_64\lib\cmake\qt6gui\qt6qminimalintegrationplugintargets-debug.cmake"이(가) 없습니다. 이 오류로 인해 증분 빌드가 제대로 작동하지 않을 수 있습니다.
C:\Program Files\Microsoft Visual Studio\2022\Community\MSBuild\Microsoft\VC\v170\Microsoft.CppCommon.targets(237,5): warning MSB8064: "D:\cybermed\daddy\dependency\sdk-VTK-9.4.2\build_msvc\CMakeFiles\fdeeef45baa0dc57bb14d14d8205cfcd\generate.stamp.rule" 항목에 대한 사용자 지정 빌드에 성공했지만 지정한 종속성 "d:\qt\6.9.0\msvc2022_64\lib\cmake\qt6gui\qt6qminimalintegrationplugintargets-relwithdebinfo.cmake"이(가) 없습니다. 이 오류로 인해 증분 빌드가 제대로 작동하지 않을 수 있습니다.
C:\Program Files\Microsoft Visual Studio\2022\Community\MSBuild\Microsoft\VC\v170\Microsoft.CppCommon.targets(237,5): warning MSB8064: "D:\cybermed\daddy\dependency\sdk-VTK-9.4.2\build_msvc\CMakeFiles\fdeeef45baa0dc57bb14d14d8205cfcd\generate.stamp.rule" 항목에 대한 사용자 지정 빌드에 성공했지만 지정한 종속성 "d:\qt\6.9.0\msvc2022_64\lib\cmake\qt6gui\qt6qminimalintegrationplugintargets.cmake"이(가) 없습니다. 이 오류로 인해 증분 빌드가 제대로 작동하지 않을 수 있습니다.
C:\Program Files\Microsoft Visual Studio\2022\Community\MSBuild\Microsoft\VC\v170\Microsoft.CppCommon.targets(237,5): warning MSB8064: "D:\cybermed\daddy\dependency\sdk-VTK-9.4.2\build_msvc\CMakeFiles\fdeeef45baa0dc57bb14d14d8205cfcd\generate.stamp.rule" 항목에 대한 사용자 지정 빌드에 성공했지만 지정한 종속성 "d:\qt\6.9.0\msvc2022_64\lib\cmake\qt6gui\qt6qoffscreenintegrationpluginadditionaltargetinfo.cmake"이(가) 없습니다. 이 오류로 인해 증분 빌드가 제대로 작동하지 않을 수 있습니다.
C:\Program Files\Microsoft Visual Studio\2022\Community\MSBuild\Microsoft\VC\v170\Microsoft.CppCommon.targets(237,5): warning MSB8064: "D:\cybermed\daddy\dependency\sdk-VTK-9.4.2\build_msvc\CMakeFiles\fdeeef45baa0dc57bb14d14d8205cfcd\generate.stamp.rule" 항목에 대한 사용자 지정 빌드에 성공했지만 지정한 종속성 "d:\qt\6.9.0\msvc2022_64\lib\cmake\qt6gui\qt6qoffscreenintegrationpluginconfig.cmake"이(가) 없습니다. 이 오류로 인해 증분 빌드가 제대로 작동하지 않을 수 있습니다.
C:\Program Files\Microsoft Visual Studio\2022\Community\MSBuild\Microsoft\VC\v170\Microsoft.CppCommon.targets(237,5): warning MSB8064: "D:\cybermed\daddy\dependency\sdk-VTK-9.4.2\build_msvc\CMakeFiles\fdeeef45baa0dc57bb14d14d8205cfcd\generate.stamp.rule" 항목에 대한 사용자 지정 빌드에 성공했지만 지정한 종속성 "d:\qt\6.9.0\msvc2022_64\lib\cmake\qt6gui\qt6qoffscreenintegrationplugintargets-debug.cmake"이(가) 없습니다. 이 오류로 인해 증분 빌드가 제대로 작동하지 않을 수 있습니다.
C:\Program Files\Microsoft Visual Studio\2022\Community\MSBuild\Microsoft\VC\v170\Microsoft.CppCommon.targets(237,5): warning MSB8064: "D:\cybermed\daddy\dependency\sdk-VTK-9.4.2\build_msvc\CMakeFiles\fdeeef45baa0dc57bb14d14d8205cfcd\generate.stamp.rule" 항목에 대한 사용자 지정 빌드에 성공했지만 지정한 종속성 "d:\qt\6.9.0\msvc2022_64\lib\cmake\qt6gui\qt6qoffscreenintegrationplugintargets-relwithdebinfo.cmake"이(가) 없습니다. 이 오류로 인해 증분 빌드가 제대로 작동하지 않을 수 있습니다.
C:\Program Files\Microsoft Visual Studio\2022\Community\MSBuild\Microsoft\VC\v170\Microsoft.CppCommon.targets(237,5): warning MSB8064: "D:\cybermed\daddy\dependency\sdk-VTK-9.4.2\build_msvc\CMakeFiles\fdeeef45baa0dc57bb14d14d8205cfcd\generate.stamp.rule" 항목에 대한 사용자 지정 빌드에 성공했지만 지정한 종속성 "d:\qt\6.9.0\msvc2022_64\lib\cmake\qt6gui\qt6qoffscreenintegrationplugintargets.cmake"이(가) 없습니다. 이 오류로 인해 증분 빌드가 제대로 작동하지 않을 수 있습니다.
C:\Program Files\Microsoft Visual Studio\2022\Community\MSBuild\Microsoft\VC\v170\Microsoft.CppCommon.targets(237,5): warning MSB8064: "D:\cybermed\daddy\dependency\sdk-VTK-9.4.2\build_msvc\CMakeFiles\fdeeef45baa0dc57bb14d14d8205cfcd\generate.stamp.rule" 항목에 대한 사용자 지정 빌드에 성공했지만 지정한 종속성 "d:\qt\6.9.0\msvc2022_64\lib\cmake\qt6gui\qt6qsvgiconpluginadditionaltargetinfo.cmake"이(가) 없습니다. 이 오류로 인해 증분 빌드가 제대로 작동하지 않을 수 있습니다.
C:\Program Files\Microsoft Visual Studio\2022\Community\MSBuild\Microsoft\VC\v170\Microsoft.CppCommon.targets(237,5): warning MSB8064: "D:\cybermed\daddy\dependency\sdk-VTK-9.4.2\build_msvc\CMakeFiles\fdeeef45baa0dc57bb14d14d8205cfcd\generate.stamp.rule" 항목에 대한 사용자 지정 빌드에 성공했지만 지정한 종속성 "d:\qt\6.9.0\msvc2022_64\lib\cmake\qt6gui\qt6qsvgiconpluginconfig.cmake"이(가) 없습니다. 이 오류로 인해 증분 빌드가 제대로 작동하지 않을 수 있습니다.
C:\Program Files\Microsoft Visual Studio\2022\Community\MSBuild\Microsoft\VC\v170\Microsoft.CppCommon.targets(237,5): warning MSB8064: "D:\cybermed\daddy\dependency\sdk-VTK-9.4.2\build_msvc\CMakeFiles\fdeeef45baa0dc57bb14d14d8205cfcd\generate.stamp.rule" 항목에 대한 사용자 지정 빌드에 성공했지만 지정한 종속성 "d:\qt\6.9.0\msvc2022_64\lib\cmake\qt6gui\qt6qsvgiconplugintargets-debug.cmake"이(가) 없습니다. 이 오류로 인해 증분 빌드가 제대로 작동하지 않을 수 있습니다.
C:\Program Files\Microsoft Visual Studio\2022\Community\MSBuild\Microsoft\VC\v170\Microsoft.CppCommon.targets(237,5): warning MSB8064: "D:\cybermed\daddy\dependency\sdk-VTK-9.4.2\build_msvc\CMakeFiles\fdeeef45baa0dc57bb14d14d8205cfcd\generate.stamp.rule" 항목에 대한 사용자 지정 빌드에 성공했지만 지정한 종속성 "d:\qt\6.9.0\msvc2022_64\lib\cmake\qt6gui\qt6qsvgiconplugintargets-relwithdebinfo.cmake"이(가) 없습니다. 이 오류로 인해 증분 빌드가 제대로 작동하지 않을 수 있습니다.
C:\Program Files\Microsoft Visual Studio\2022\Community\MSBuild\Microsoft\VC\v170\Microsoft.CppCommon.targets(237,5): warning MSB8064: "D:\cybermed\daddy\dependency\sdk-VTK-9.4.2\build_msvc\CMakeFiles\fdeeef45baa0dc57bb14d14d8205cfcd\generate.stamp.rule" 항목에 대한 사용자 지정 빌드에 성공했지만 지정한 종속성 "d:\qt\6.9.0\msvc2022_64\lib\cmake\qt6gui\qt6qsvgiconplugintargets.cmake"이(가) 없습니다. 이 오류로 인해 증분 빌드가 제대로 작동하지 않을 수 있습니다.
C:\Program Files\Microsoft Visual Studio\2022\Community\MSBuild\Microsoft\VC\v170\Microsoft.CppCommon.targets(237,5): warning MSB8064: "D:\cybermed\daddy\dependency\sdk-VTK-9.4.2\build_msvc\CMakeFiles\fdeeef45baa0dc57bb14d14d8205cfcd\generate.stamp.rule" 항목에 대한 사용자 지정 빌드에 성공했지만 지정한 종속성 "d:\qt\6.9.0\msvc2022_64\lib\cmake\qt6gui\qt6qsvgpluginadditionaltargetinfo.cmake"이(가) 없습니다. 이 오류로 인해 증분 빌드가 제대로 작동하지 않을 수 있습니다.
C:\Program Files\Microsoft Visual Studio\2022\Community\MSBuild\Microsoft\VC\v170\Microsoft.CppCommon.targets(237,5): warning MSB8064: "D:\cybermed\daddy\dependency\sdk-VTK-9.4.2\build_msvc\CMakeFiles\fdeeef45baa0dc57bb14d14d8205cfcd\generate.stamp.rule" 항목에 대한 사용자 지정 빌드에 성공했지만 지정한 종속성 "d:\qt\6.9.0\msvc2022_64\lib\cmake\qt6gui\qt6qsvgpluginconfig.cmake"이(가) 없습니다. 이 오류로 인해 증분 빌드가 제대로 작동하지 않을 수 있습니다.
C:\Program Files\Microsoft Visual Studio\2022\Community\MSBuild\Microsoft\VC\v170\Microsoft.CppCommon.targets(237,5): warning MSB8064: "D:\cybermed\daddy\dependency\sdk-VTK-9.4.2\build_msvc\CMakeFiles\fdeeef45baa0dc57bb14d14d8205cfcd\generate.stamp.rule" 항목에 대한 사용자 지정 빌드에 성공했지만 지정한 종속성 "d:\qt\6.9.0\msvc2022_64\lib\cmake\qt6gui\qt6qsvgplugintargets-debug.cmake"이(가) 없습니다. 이 오류로 인해 증분 빌드가 제대로 작동하지 않을 수 있습니다.
C:\Program Files\Microsoft Visual Studio\2022\Community\MSBuild\Microsoft\VC\v170\Microsoft.CppCommon.targets(237,5): warning MSB8064: "D:\cybermed\daddy\dependency\sdk-VTK-9.4.2\build_msvc\CMakeFiles\fdeeef45baa0dc57bb14d14d8205cfcd\generate.stamp.rule" 항목에 대한 사용자 지정 빌드에 성공했지만 지정한 종속성 "d:\qt\6.9.0\msvc2022_64\lib\cmake\qt6gui\qt6qsvgplugintargets-relwithdebinfo.cmake"이(가) 없습니다. 이 오류로 인해 증분 빌드가 제대로 작동하지 않을 수 있습니다.
C:\Program Files\Microsoft Visual Studio\2022\Community\MSBuild\Microsoft\VC\v170\Microsoft.CppCommon.targets(237,5): warning MSB8064: "D:\cybermed\daddy\dependency\sdk-VTK-9.4.2\build_msvc\CMakeFiles\fdeeef45baa0dc57bb14d14d8205cfcd\generate.stamp.rule" 항목에 대한 사용자 지정 빌드에 성공했지만 지정한 종속성 "d:\qt\6.9.0\msvc2022_64\lib\cmake\qt6gui\qt6qsvgplugintargets.cmake"이(가) 없습니다. 이 오류로 인해 증분 빌드가 제대로 작동하지 않을 수 있습니다.
C:\Program Files\Microsoft Visual Studio\2022\Community\MSBuild\Microsoft\VC\v170\Microsoft.CppCommon.targets(237,5): warning MSB8064: "D:\cybermed\daddy\dependency\sdk-VTK-9.4.2\build_msvc\CMakeFiles\fdeeef45baa0dc57bb14d14d8205cfcd\generate.stamp.rule" 항목에 대한 사용자 지정 빌드에 성공했지만 지정한 종속성 "d:\qt\6.9.0\msvc2022_64\lib\cmake\qt6gui\qt6qtuiotouchpluginadditionaltargetinfo.cmake"이(가) 없습니다. 이 오류로 인해 증분 빌드가 제대로 작동하지 않을 수 있습니다.
C:\Program Files\Microsoft Visual Studio\2022\Community\MSBuild\Microsoft\VC\v170\Microsoft.CppCommon.targets(237,5): warning MSB8064: "D:\cybermed\daddy\dependency\sdk-VTK-9.4.2\build_msvc\CMakeFiles\fdeeef45baa0dc57bb14d14d8205cfcd\generate.stamp.rule" 항목에 대한 사용자 지정 빌드에 성공했지만 지정한 종속성 "d:\qt\6.9.0\msvc2022_64\lib\cmake\qt6gui\qt6qtuiotouchpluginconfig.cmake"이(가) 없습니다. 이 오류로 인해 증분 빌드가 제대로 작동하지 않을 수 있습니다.
C:\Program Files\Microsoft Visual Studio\2022\Community\MSBuild\Microsoft\VC\v170\Microsoft.CppCommon.targets(237,5): warning MSB8064: "D:\cybermed\daddy\dependency\sdk-VTK-9.4.2\build_msvc\CMakeFiles\fdeeef45baa0dc57bb14d14d8205cfcd\generate.stamp.rule" 항목에 대한 사용자 지정 빌드에 성공했지만 지정한 종속성 "d:\qt\6.9.0\msvc2022_64\lib\cmake\qt6gui\qt6qtuiotouchplugintargets-debug.cmake"이(가) 없습니다. 이 오류로 인해 증분 빌드가 제대로 작동하지 않을 수 있습니다.
C:\Program Files\Microsoft Visual Studio\2022\Community\MSBuild\Microsoft\VC\v170\Microsoft.CppCommon.targets(237,5): warning MSB8064: "D:\cybermed\daddy\dependency\sdk-VTK-9.4.2\build_msvc\CMakeFiles\fdeeef45baa0dc57bb14d14d8205cfcd\generate.stamp.rule" 항목에 대한 사용자 지정 빌드에 성공했지만 지정한 종속성 "d:\qt\6.9.0\msvc2022_64\lib\cmake\qt6gui\qt6qtuiotouchplugintargets-relwithdebinfo.cmake"이(가) 없습니다. 이 오류로 인해 증분 빌드가 제대로 작동하지 않을 수 있습니다.
C:\Program Files\Microsoft Visual Studio\2022\Community\MSBuild\Microsoft\VC\v170\Microsoft.CppCommon.targets(237,5): warning MSB8064: "D:\cybermed\daddy\dependency\sdk-VTK-9.4.2\build_msvc\CMakeFiles\fdeeef45baa0dc57bb14d14d8205cfcd\generate.stamp.rule" 항목에 대한 사용자 지정 빌드에 성공했지만 지정한 종속성 "d:\qt\6.9.0\msvc2022_64\lib\cmake\qt6gui\qt6qtuiotouchplugintargets.cmake"이(가) 없습니다. 이 오류로 인해 증분 빌드가 제대로 작동하지 않을 수 있습니다.
C:\Program Files\Microsoft Visual Studio\2022\Community\MSBuild\Microsoft\VC\v170\Microsoft.CppCommon.targets(237,5): warning MSB8064: "D:\cybermed\daddy\dependency\sdk-VTK-9.4.2\build_msvc\CMakeFiles\fdeeef45baa0dc57bb14d14d8205cfcd\generate.stamp.rule" 항목에 대한 사용자 지정 빌드에 성공했지만 지정한 종속성 "d:\qt\6.9.0\msvc2022_64\lib\cmake\qt6gui\qt6qwindowsdirect2dintegrationpluginadditionaltargetinfo.cmake"이(가) 없습니다. 이 오류로 인해 증분 빌드가 제대로 작동하지 않을 수 있습니다.
C:\Program Files\Microsoft Visual Studio\2022\Community\MSBuild\Microsoft\VC\v170\Microsoft.CppCommon.targets(237,5): warning MSB8064: "D:\cybermed\daddy\dependency\sdk-VTK-9.4.2\build_msvc\CMakeFiles\fdeeef45baa0dc57bb14d14d8205cfcd\generate.stamp.rule" 항목에 대한 사용자 지정 빌드에 성공했지만 지정한 종속성 "d:\qt\6.9.0\msvc2022_64\lib\cmake\qt6gui\qt6qwindowsdirect2dintegrationpluginconfig.cmake"이(가) 없습니다. 이 오류로 인해 증분 빌드가 제대로 작동하지 않을 수 있습니다.
C:\Program Files\Microsoft Visual Studio\2022\Community\MSBuild\Microsoft\VC\v170\Microsoft.CppCommon.targets(237,5): warning MSB8064: "D:\cybermed\daddy\dependency\sdk-VTK-9.4.2\build_msvc\CMakeFiles\fdeeef45baa0dc57bb14d14d8205cfcd\generate.stamp.rule" 항목에 대한 사용자 지정 빌드에 성공했지만 지정한 종속성 "d:\qt\6.9.0\msvc2022_64\lib\cmake\qt6gui\qt6qwindowsdirect2dintegrationplugintargets-debug.cmake"이(가) 없습니다. 이 오류로 인해 증분 빌드가 제대로 작동하지 않을 수 있습니다.
C:\Program Files\Microsoft Visual Studio\2022\Community\MSBuild\Microsoft\VC\v170\Microsoft.CppCommon.targets(237,5): warning MSB8064: "D:\cybermed\daddy\dependency\sdk-VTK-9.4.2\build_msvc\CMakeFiles\fdeeef45baa0dc57bb14d14d8205cfcd\generate.stamp.rule" 항목에 대한 사용자 지정 빌드에 성공했지만 지정한 종속성 "d:\qt\6.9.0\msvc2022_64\lib\cmake\qt6gui\qt6qwindowsdirect2dintegrationplugintargets-relwithdebinfo.cmake"이(가) 없습니다. 이 오류로 인해 증분 빌드가 제대로 작동하지 않을 수 있습니다.
C:\Program Files\Microsoft Visual Studio\2022\Community\MSBuild\Microsoft\VC\v170\Microsoft.CppCommon.targets(237,5): warning MSB8064: "D:\cybermed\daddy\dependency\sdk-VTK-9.4.2\build_msvc\CMakeFiles\fdeeef45baa0dc57bb14d14d8205cfcd\generate.stamp.rule" 항목에 대한 사용자 지정 빌드에 성공했지만 지정한 종속성 "d:\qt\6.9.0\msvc2022_64\lib\cmake\qt6gui\qt6qwindowsdirect2dintegrationplugintargets.cmake"이(가) 없습니다. 이 오류로 인해 증분 빌드가 제대로 작동하지 않을 수 있습니다.
C:\Program Files\Microsoft Visual Studio\2022\Community\MSBuild\Microsoft\VC\v170\Microsoft.CppCommon.targets(237,5): warning MSB8064: "D:\cybermed\daddy\dependency\sdk-VTK-9.4.2\build_msvc\CMakeFiles\fdeeef45baa0dc57bb14d14d8205cfcd\generate.stamp.rule" 항목에 대한 사용자 지정 빌드에 성공했지만 지정한 종속성 "d:\qt\6.9.0\msvc2022_64\lib\cmake\qt6gui\qt6qwindowsintegrationpluginadditionaltargetinfo.cmake"이(가) 없습니다. 이 오류로 인해 증분 빌드가 제대로 작동하지 않을 수 있습니다.
C:\Program Files\Microsoft Visual Studio\2022\Community\MSBuild\Microsoft\VC\v170\Microsoft.CppCommon.targets(237,5): warning MSB8064: "D:\cybermed\daddy\dependency\sdk-VTK-9.4.2\build_msvc\CMakeFiles\fdeeef45baa0dc57bb14d14d8205cfcd\generate.stamp.rule" 항목에 대한 사용자 지정 빌드에 성공했지만 지정한 종속성 "d:\qt\6.9.0\msvc2022_64\lib\cmake\qt6gui\qt6qwindowsintegrationpluginconfig.cmake"이(가) 없습니다. 이 오류로 인해 증분 빌드가 제대로 작동하지 않을 수 있습니다.
C:\Program Files\Microsoft Visual Studio\2022\Community\MSBuild\Microsoft\VC\v170\Microsoft.CppCommon.targets(237,5): warning MSB8064: "D:\cybermed\daddy\dependency\sdk-VTK-9.4.2\build_msvc\CMakeFiles\fdeeef45baa0dc57bb14d14d8205cfcd\generate.stamp.rule" 항목에 대한 사용자 지정 빌드에 성공했지만 지정한 종속성 "d:\qt\6.9.0\msvc2022_64\lib\cmake\qt6gui\qt6qwindowsintegrationplugintargets-debug.cmake"이(가) 없습니다. 이 오류로 인해 증분 빌드가 제대로 작동하지 않을 수 있습니다.
C:\Program Files\Microsoft Visual Studio\2022\Community\MSBuild\Microsoft\VC\v170\Microsoft.CppCommon.targets(237,5): warning MSB8064: "D:\cybermed\daddy\dependency\sdk-VTK-9.4.2\build_msvc\CMakeFiles\fdeeef45baa0dc57bb14d14d8205cfcd\generate.stamp.rule" 항목에 대한 사용자 지정 빌드에 성공했지만 지정한 종속성 "d:\qt\6.9.0\msvc2022_64\lib\cmake\qt6gui\qt6qwindowsintegrationplugintargets-relwithdebinfo.cmake"이(가) 없습니다. 이 오류로 인해 증분 빌드가 제대로 작동하지 않을 수 있습니다.
C:\Program Files\Microsoft Visual Studio\2022\Community\MSBuild\Microsoft\VC\v170\Microsoft.CppCommon.targets(237,5): warning MSB8064: "D:\cybermed\daddy\dependency\sdk-VTK-9.4.2\build_msvc\CMakeFiles\fdeeef45baa0dc57bb14d14d8205cfcd\generate.stamp.rule" 항목에 대한 사용자 지정 빌드에 성공했지만 지정한 종속성 "d:\qt\6.9.0\msvc2022_64\lib\cmake\qt6gui\qt6qwindowsintegrationplugintargets.cmake"이(가) 없습니다. 이 오류로 인해 증분 빌드가 제대로 작동하지 않을 수 있습니다.
C:\Program Files\Microsoft Visual Studio\2022\Community\MSBuild\Microsoft\VC\v170\Microsoft.CppCommon.targets(237,5): warning MSB8064: "D:\cybermed\daddy\dependency\sdk-VTK-9.4.2\build_msvc\CMakeFiles\fdeeef45baa0dc57bb14d14d8205cfcd\generate.stamp.rule" 항목에 대한 사용자 지정 빌드에 성공했지만 지정한 종속성 "d:\qt\6.9.0\msvc2022_64\lib\cmake\qt6guiprivate\qt6guiprivateadditionaltargetinfo.cmake"이(가) 없습니다. 이 오류로 인해 증분 빌드가 제대로 작동하지 않을 수 있습니다.
C:\Program Files\Microsoft Visual Studio\2022\Community\MSBuild\Microsoft\VC\v170\Microsoft.CppCommon.targets(237,5): warning MSB8064: "D:\cybermed\daddy\dependency\sdk-VTK-9.4.2\build_msvc\CMakeFiles\fdeeef45baa0dc57bb14d14d8205cfcd\generate.stamp.rule" 항목에 대한 사용자 지정 빌드에 성공했지만 지정한 종속성 "d:\qt\6.9.0\msvc2022_64\lib\cmake\qt6guiprivate\qt6guiprivateconfig.cmake"이(가) 없습니다. 이 오류로 인해 증분 빌드가 제대로 작동하지 않을 수 있습니다.
C:\Program Files\Microsoft Visual Studio\2022\Community\MSBuild\Microsoft\VC\v170\Microsoft.CppCommon.targets(237,5): warning MSB8064: "D:\cybermed\daddy\dependency\sdk-VTK-9.4.2\build_msvc\CMakeFiles\fdeeef45baa0dc57bb14d14d8205cfcd\generate.stamp.rule" 항목에 대한 사용자 지정 빌드에 성공했지만 지정한 종속성 "d:\qt\6.9.0\msvc2022_64\lib\cmake\qt6guiprivate\qt6guiprivateconfigversion.cmake"이(가) 없습니다. 이 오류로 인해 증분 빌드가 제대로 작동하지 않을 수 있습니다.
C:\Program Files\Microsoft Visual Studio\2022\Community\MSBuild\Microsoft\VC\v170\Microsoft.CppCommon.targets(237,5): warning MSB8064: "D:\cybermed\daddy\dependency\sdk-VTK-9.4.2\build_msvc\CMakeFiles\fdeeef45baa0dc57bb14d14d8205cfcd\generate.stamp.rule" 항목에 대한 사용자 지정 빌드에 성공했지만 지정한 종속성 "d:\qt\6.9.0\msvc2022_64\lib\cmake\qt6guiprivate\qt6guiprivateconfigversionimpl.cmake"이(가) 없습니다. 이 오류로 인해 증분 빌드가 제대로 작동하지 않을 수 있습니다.
C:\Program Files\Microsoft Visual Studio\2022\Community\MSBuild\Microsoft\VC\v170\Microsoft.CppCommon.targets(237,5): warning MSB8064: "D:\cybermed\daddy\dependency\sdk-VTK-9.4.2\build_msvc\CMakeFiles\fdeeef45baa0dc57bb14d14d8205cfcd\generate.stamp.rule" 항목에 대한 사용자 지정 빌드에 성공했지만 지정한 종속성 "d:\qt\6.9.0\msvc2022_64\lib\cmake\qt6guiprivate\qt6guiprivatedependencies.cmake"이(가) 없습니다. 이 오류로 인해 증분 빌드가 제대로 작동하지 않을 수 있습니다.
C:\Program Files\Microsoft Visual Studio\2022\Community\MSBuild\Microsoft\VC\v170\Microsoft.CppCommon.targets(237,5): warning MSB8064: "D:\cybermed\daddy\dependency\sdk-VTK-9.4.2\build_msvc\CMakeFiles\fdeeef45baa0dc57bb14d14d8205cfcd\generate.stamp.rule" 항목에 대한 사용자 지정 빌드에 성공했지만 지정한 종속성 "d:\qt\6.9.0\msvc2022_64\lib\cmake\qt6guiprivate\qt6guiprivatetargets.cmake"이(가) 없습니다. 이 오류로 인해 증분 빌드가 제대로 작동하지 않을 수 있습니다.
C:\Program Files\Microsoft Visual Studio\2022\Community\MSBuild\Microsoft\VC\v170\Microsoft.CppCommon.targets(237,5): warning MSB8064: "D:\cybermed\daddy\dependency\sdk-VTK-9.4.2\build_msvc\CMakeFiles\fdeeef45baa0dc57bb14d14d8205cfcd\generate.stamp.rule" 항목에 대한 사용자 지정 빌드에 성공했지만 지정한 종속성 "d:\qt\6.9.0\msvc2022_64\lib\cmake\qt6guiprivate\qt6guiprivateversionlessaliastargets.cmake"이(가) 없습니다. 이 오류로 인해 증분 빌드가 제대로 작동하지 않을 수 있습니다.
C:\Program Files\Microsoft Visual Studio\2022\Community\MSBuild\Microsoft\VC\v170\Microsoft.CppCommon.targets(237,5): warning MSB8064: "D:\cybermed\daddy\dependency\sdk-VTK-9.4.2\build_msvc\CMakeFiles\fdeeef45baa0dc57bb14d14d8205cfcd\generate.stamp.rule" 항목에 대한 사용자 지정 빌드에 성공했지만 지정한 종속성 "d:\qt\6.9.0\msvc2022_64\lib\cmake\qt6guitools\qt6guitoolsadditionaltargetinfo.cmake"이(가) 없습니다. 이 오류로 인해 증분 빌드가 제대로 작동하지 않을 수 있습니다.
C:\Program Files\Microsoft Visual Studio\2022\Community\MSBuild\Microsoft\VC\v170\Microsoft.CppCommon.targets(237,5): warning MSB8064: "D:\cybermed\daddy\dependency\sdk-VTK-9.4.2\build_msvc\CMakeFiles\fdeeef45baa0dc57bb14d14d8205cfcd\generate.stamp.rule" 항목에 대한 사용자 지정 빌드에 성공했지만 지정한 종속성 "d:\qt\6.9.0\msvc2022_64\lib\cmake\qt6guitools\qt6guitoolsconfig.cmake"이(가) 없습니다. 이 오류로 인해 증분 빌드가 제대로 작동하지 않을 수 있습니다.
C:\Program Files\Microsoft Visual Studio\2022\Community\MSBuild\Microsoft\VC\v170\Microsoft.CppCommon.targets(237,5): warning MSB8064: "D:\cybermed\daddy\dependency\sdk-VTK-9.4.2\build_msvc\CMakeFiles\fdeeef45baa0dc57bb14d14d8205cfcd\generate.stamp.rule" 항목에 대한 사용자 지정 빌드에 성공했지만 지정한 종속성 "d:\qt\6.9.0\msvc2022_64\lib\cmake\qt6guitools\qt6guitoolsconfigversion.cmake"이(가) 없습니다. 이 오류로 인해 증분 빌드가 제대로 작동하지 않을 수 있습니다.
C:\Program Files\Microsoft Visual Studio\2022\Community\MSBuild\Microsoft\VC\v170\Microsoft.CppCommon.targets(237,5): warning MSB8064: "D:\cybermed\daddy\dependency\sdk-VTK-9.4.2\build_msvc\CMakeFiles\fdeeef45baa0dc57bb14d14d8205cfcd\generate.stamp.rule" 항목에 대한 사용자 지정 빌드에 성공했지만 지정한 종속성 "d:\qt\6.9.0\msvc2022_64\lib\cmake\qt6guitools\qt6guitoolsconfigversionimpl.cmake"이(가) 없습니다. 이 오류로 인해 증분 빌드가 제대로 작동하지 않을 수 있습니다.
C:\Program Files\Microsoft Visual Studio\2022\Community\MSBuild\Microsoft\VC\v170\Microsoft.CppCommon.targets(237,5): warning MSB8064: "D:\cybermed\daddy\dependency\sdk-VTK-9.4.2\build_msvc\CMakeFiles\fdeeef45baa0dc57bb14d14d8205cfcd\generate.stamp.rule" 항목에 대한 사용자 지정 빌드에 성공했지만 지정한 종속성 "d:\qt\6.9.0\msvc2022_64\lib\cmake\qt6guitools\qt6guitoolsdependencies.cmake"이(가) 없습니다. 이 오류로 인해 증분 빌드가 제대로 작동하지 않을 수 있습니다.
C:\Program Files\Microsoft Visual Studio\2022\Community\MSBuild\Microsoft\VC\v170\Microsoft.CppCommon.targets(237,5): warning MSB8064: "D:\cybermed\daddy\dependency\sdk-VTK-9.4.2\build_msvc\CMakeFiles\fdeeef45baa0dc57bb14d14d8205cfcd\generate.stamp.rule" 항목에 대한 사용자 지정 빌드에 성공했지만 지정한 종속성 "d:\qt\6.9.0\msvc2022_64\lib\cmake\qt6guitools\qt6guitoolstargets-debug.cmake"이(가) 없습니다. 이 오류로 인해 증분 빌드가 제대로 작동하지 않을 수 있습니다.
C:\Program Files\Microsoft Visual Studio\2022\Community\MSBuild\Microsoft\VC\v170\Microsoft.CppCommon.targets(237,5): warning MSB8064: "D:\cybermed\daddy\dependency\sdk-VTK-9.4.2\build_msvc\CMakeFiles\fdeeef45baa0dc57bb14d14d8205cfcd\generate.stamp.rule" 항목에 대한 사용자 지정 빌드에 성공했지만 지정한 종속성 "d:\qt\6.9.0\msvc2022_64\lib\cmake\qt6guitools\qt6guitoolstargets-relwithdebinfo.cmake"이(가) 없습니다. 이 오류로 인해 증분 빌드가 제대로 작동하지 않을 수 있습니다.
C:\Program Files\Microsoft Visual Studio\2022\Community\MSBuild\Microsoft\VC\v170\Microsoft.CppCommon.targets(237,5): warning MSB8064: "D:\cybermed\daddy\dependency\sdk-VTK-9.4.2\build_msvc\CMakeFiles\fdeeef45baa0dc57bb14d14d8205cfcd\generate.stamp.rule" 항목에 대한 사용자 지정 빌드에 성공했지만 지정한 종속성 "d:\qt\6.9.0\msvc2022_64\lib\cmake\qt6guitools\qt6guitoolstargets.cmake"이(가) 없습니다. 이 오류로 인해 증분 빌드가 제대로 작동하지 않을 수 있습니다.
C:\Program Files\Microsoft Visual Studio\2022\Community\MSBuild\Microsoft\VC\v170\Microsoft.CppCommon.targets(237,5): warning MSB8064: "D:\cybermed\daddy\dependency\sdk-VTK-9.4.2\build_msvc\CMakeFiles\fdeeef45baa0dc57bb14d14d8205cfcd\generate.stamp.rule" 항목에 대한 사용자 지정 빌드에 성공했지만 지정한 종속성 "d:\qt\6.9.0\msvc2022_64\lib\cmake\qt6guitools\qt6guitoolsversionlesstargets.cmake"이(가) 없습니다. 이 오류로 인해 증분 빌드가 제대로 작동하지 않을 수 있습니다.
C:\Program Files\Microsoft Visual Studio\2022\Community\MSBuild\Microsoft\VC\v170\Microsoft.CppCommon.targets(237,5): warning MSB8064: "D:\cybermed\daddy\dependency\sdk-VTK-9.4.2\build_msvc\CMakeFiles\fdeeef45baa0dc57bb14d14d8205cfcd\generate.stamp.rule" 항목에 대한 사용자 지정 빌드에 성공했지만 지정한 종속성 "d:\qt\6.9.0\msvc2022_64\lib\cmake\qt6network\qt6networkadditionaltargetinfo.cmake"이(가) 없습니다. 이 오류로 인해 증분 빌드가 제대로 작동하지 않을 수 있습니다.
C:\Program Files\Microsoft Visual Studio\2022\Community\MSBuild\Microsoft\VC\v170\Microsoft.CppCommon.targets(237,5): warning MSB8064: "D:\cybermed\daddy\dependency\sdk-VTK-9.4.2\build_msvc\CMakeFiles\fdeeef45baa0dc57bb14d14d8205cfcd\generate.stamp.rule" 항목에 대한 사용자 지정 빌드에 성공했지만 지정한 종속성 "d:\qt\6.9.0\msvc2022_64\lib\cmake\qt6network\qt6networkconfig.cmake"이(가) 없습니다. 이 오류로 인해 증분 빌드가 제대로 작동하지 않을 수 있습니다.
C:\Program Files\Microsoft Visual Studio\2022\Community\MSBuild\Microsoft\VC\v170\Microsoft.CppCommon.targets(237,5): warning MSB8064: "D:\cybermed\daddy\dependency\sdk-VTK-9.4.2\build_msvc\CMakeFiles\fdeeef45baa0dc57bb14d14d8205cfcd\generate.stamp.rule" 항목에 대한 사용자 지정 빌드에 성공했지만 지정한 종속성 "d:\qt\6.9.0\msvc2022_64\lib\cmake\qt6network\qt6networkconfigversion.cmake"이(가) 없습니다. 이 오류로 인해 증분 빌드가 제대로 작동하지 않을 수 있습니다.
C:\Program Files\Microsoft Visual Studio\2022\Community\MSBuild\Microsoft\VC\v170\Microsoft.CppCommon.targets(237,5): warning MSB8064: "D:\cybermed\daddy\dependency\sdk-VTK-9.4.2\build_msvc\CMakeFiles\fdeeef45baa0dc57bb14d14d8205cfcd\generate.stamp.rule" 항목에 대한 사용자 지정 빌드에 성공했지만 지정한 종속성 "d:\qt\6.9.0\msvc2022_64\lib\cmake\qt6network\qt6networkconfigversionimpl.cmake"이(가) 없습니다. 이 오류로 인해 증분 빌드가 제대로 작동하지 않을 수 있습니다.
C:\Program Files\Microsoft Visual Studio\2022\Community\MSBuild\Microsoft\VC\v170\Microsoft.CppCommon.targets(237,5): warning MSB8064: "D:\cybermed\daddy\dependency\sdk-VTK-9.4.2\build_msvc\CMakeFiles\fdeeef45baa0dc57bb14d14d8205cfcd\generate.stamp.rule" 항목에 대한 사용자 지정 빌드에 성공했지만 지정한 종속성 "d:\qt\6.9.0\msvc2022_64\lib\cmake\qt6network\qt6networkdependencies.cmake"이(가) 없습니다. 이 오류로 인해 증분 빌드가 제대로 작동하지 않을 수 있습니다.
C:\Program Files\Microsoft Visual Studio\2022\Community\MSBuild\Microsoft\VC\v170\Microsoft.CppCommon.targets(237,5): warning MSB8064: "D:\cybermed\daddy\dependency\sdk-VTK-9.4.2\build_msvc\CMakeFiles\fdeeef45baa0dc57bb14d14d8205cfcd\generate.stamp.rule" 항목에 대한 사용자 지정 빌드에 성공했지만 지정한 종속성 "d:\qt\6.9.0\msvc2022_64\lib\cmake\qt6network\qt6networkplugins.cmake"이(가) 없습니다. 이 오류로 인해 증분 빌드가 제대로 작동하지 않을 수 있습니다.
C:\Program Files\Microsoft Visual Studio\2022\Community\MSBuild\Microsoft\VC\v170\Microsoft.CppCommon.targets(237,5): warning MSB8064: "D:\cybermed\daddy\dependency\sdk-VTK-9.4.2\build_msvc\CMakeFiles\fdeeef45baa0dc57bb14d14d8205cfcd\generate.stamp.rule" 항목에 대한 사용자 지정 빌드에 성공했지만 지정한 종속성 "d:\qt\6.9.0\msvc2022_64\lib\cmake\qt6network\qt6networktargets-debug.cmake"이(가) 없습니다. 이 오류로 인해 증분 빌드가 제대로 작동하지 않을 수 있습니다.
C:\Program Files\Microsoft Visual Studio\2022\Community\MSBuild\Microsoft\VC\v170\Microsoft.CppCommon.targets(237,5): warning MSB8064: "D:\cybermed\daddy\dependency\sdk-VTK-9.4.2\build_msvc\CMakeFiles\fdeeef45baa0dc57bb14d14d8205cfcd\generate.stamp.rule" 항목에 대한 사용자 지정 빌드에 성공했지만 지정한 종속성 "d:\qt\6.9.0\msvc2022_64\lib\cmake\qt6network\qt6networktargets-relwithdebinfo.cmake"이(가) 없습니다. 이 오류로 인해 증분 빌드가 제대로 작동하지 않을 수 있습니다.
C:\Program Files\Microsoft Visual Studio\2022\Community\MSBuild\Microsoft\VC\v170\Microsoft.CppCommon.targets(237,5): warning MSB8064: "D:\cybermed\daddy\dependency\sdk-VTK-9.4.2\build_msvc\CMakeFiles\fdeeef45baa0dc57bb14d14d8205cfcd\generate.stamp.rule" 항목에 대한 사용자 지정 빌드에 성공했지만 지정한 종속성 "d:\qt\6.9.0\msvc2022_64\lib\cmake\qt6network\qt6networktargets.cmake"이(가) 없습니다. 이 오류로 인해 증분 빌드가 제대로 작동하지 않을 수 있습니다.
C:\Program Files\Microsoft Visual Studio\2022\Community\MSBuild\Microsoft\VC\v170\Microsoft.CppCommon.targets(237,5): warning MSB8064: "D:\cybermed\daddy\dependency\sdk-VTK-9.4.2\build_msvc\CMakeFiles\fdeeef45baa0dc57bb14d14d8205cfcd\generate.stamp.rule" 항목에 대한 사용자 지정 빌드에 성공했지만 지정한 종속성 "d:\qt\6.9.0\msvc2022_64\lib\cmake\qt6network\qt6networkversionlessaliastargets.cmake"이(가) 없습니다. 이 오류로 인해 증분 빌드가 제대로 작동하지 않을 수 있습니다.
C:\Program Files\Microsoft Visual Studio\2022\Community\MSBuild\Microsoft\VC\v170\Microsoft.CppCommon.targets(237,5): warning MSB8064: "D:\cybermed\daddy\dependency\sdk-VTK-9.4.2\build_msvc\CMakeFiles\fdeeef45baa0dc57bb14d14d8205cfcd\generate.stamp.rule" 항목에 대한 사용자 지정 빌드에 성공했지만 지정한 종속성 "d:\qt\6.9.0\msvc2022_64\lib\cmake\qt6network\qt6qnlmnipluginadditionaltargetinfo.cmake"이(가) 없습니다. 이 오류로 인해 증분 빌드가 제대로 작동하지 않을 수 있습니다.
C:\Program Files\Microsoft Visual Studio\2022\Community\MSBuild\Microsoft\VC\v170\Microsoft.CppCommon.targets(237,5): warning MSB8064: "D:\cybermed\daddy\dependency\sdk-VTK-9.4.2\build_msvc\CMakeFiles\fdeeef45baa0dc57bb14d14d8205cfcd\generate.stamp.rule" 항목에 대한 사용자 지정 빌드에 성공했지만 지정한 종속성 "d:\qt\6.9.0\msvc2022_64\lib\cmake\qt6network\qt6qnlmnipluginconfig.cmake"이(가) 없습니다. 이 오류로 인해 증분 빌드가 제대로 작동하지 않을 수 있습니다.
C:\Program Files\Microsoft Visual Studio\2022\Community\MSBuild\Microsoft\VC\v170\Microsoft.CppCommon.targets(237,5): warning MSB8064: "D:\cybermed\daddy\dependency\sdk-VTK-9.4.2\build_msvc\CMakeFiles\fdeeef45baa0dc57bb14d14d8205cfcd\generate.stamp.rule" 항목에 대한 사용자 지정 빌드에 성공했지만 지정한 종속성 "d:\qt\6.9.0\msvc2022_64\lib\cmake\qt6network\qt6qnlmniplugintargets-debug.cmake"이(가) 없습니다. 이 오류로 인해 증분 빌드가 제대로 작동하지 않을 수 있습니다.
C:\Program Files\Microsoft Visual Studio\2022\Community\MSBuild\Microsoft\VC\v170\Microsoft.CppCommon.targets(237,5): warning MSB8064: "D:\cybermed\daddy\dependency\sdk-VTK-9.4.2\build_msvc\CMakeFiles\fdeeef45baa0dc57bb14d14d8205cfcd\generate.stamp.rule" 항목에 대한 사용자 지정 빌드에 성공했지만 지정한 종속성 "d:\qt\6.9.0\msvc2022_64\lib\cmake\qt6network\qt6qnlmniplugintargets-relwithdebinfo.cmake"이(가) 없습니다. 이 오류로 인해 증분 빌드가 제대로 작동하지 않을 수 있습니다.
C:\Program Files\Microsoft Visual Studio\2022\Community\MSBuild\Microsoft\VC\v170\Microsoft.CppCommon.targets(237,5): warning MSB8064: "D:\cybermed\daddy\dependency\sdk-VTK-9.4.2\build_msvc\CMakeFiles\fdeeef45baa0dc57bb14d14d8205cfcd\generate.stamp.rule" 항목에 대한 사용자 지정 빌드에 성공했지만 지정한 종속성 "d:\qt\6.9.0\msvc2022_64\lib\cmake\qt6network\qt6qnlmniplugintargets.cmake"이(가) 없습니다. 이 오류로 인해 증분 빌드가 제대로 작동하지 않을 수 있습니다.
C:\Program Files\Microsoft Visual Studio\2022\Community\MSBuild\Microsoft\VC\v170\Microsoft.CppCommon.targets(237,5): warning MSB8064: "D:\cybermed\daddy\dependency\sdk-VTK-9.4.2\build_msvc\CMakeFiles\fdeeef45baa0dc57bb14d14d8205cfcd\generate.stamp.rule" 항목에 대한 사용자 지정 빌드에 성공했지만 지정한 종속성 "d:\qt\6.9.0\msvc2022_64\lib\cmake\qt6network\qt6qschannelbackendpluginadditionaltargetinfo.cmake"이(가) 없습니다. 이 오류로 인해 증분 빌드가 제대로 작동하지 않을 수 있습니다.
C:\Program Files\Microsoft Visual Studio\2022\Community\MSBuild\Microsoft\VC\v170\Microsoft.CppCommon.targets(237,5): warning MSB8064: "D:\cybermed\daddy\dependency\sdk-VTK-9.4.2\build_msvc\CMakeFiles\fdeeef45baa0dc57bb14d14d8205cfcd\generate.stamp.rule" 항목에 대한 사용자 지정 빌드에 성공했지만 지정한 종속성 "d:\qt\6.9.0\msvc2022_64\lib\cmake\qt6network\qt6qschannelbackendpluginconfig.cmake"이(가) 없습니다. 이 오류로 인해 증분 빌드가 제대로 작동하지 않을 수 있습니다.
C:\Program Files\Microsoft Visual Studio\2022\Community\MSBuild\Microsoft\VC\v170\Microsoft.CppCommon.targets(237,5): warning MSB8064: "D:\cybermed\daddy\dependency\sdk-VTK-9.4.2\build_msvc\CMakeFiles\fdeeef45baa0dc57bb14d14d8205cfcd\generate.stamp.rule" 항목에 대한 사용자 지정 빌드에 성공했지만 지정한 종속성 "d:\qt\6.9.0\msvc2022_64\lib\cmake\qt6network\qt6qschannelbackendplugintargets-debug.cmake"이(가) 없습니다. 이 오류로 인해 증분 빌드가 제대로 작동하지 않을 수 있습니다.
C:\Program Files\Microsoft Visual Studio\2022\Community\MSBuild\Microsoft\VC\v170\Microsoft.CppCommon.targets(237,5): warning MSB8064: "D:\cybermed\daddy\dependency\sdk-VTK-9.4.2\build_msvc\CMakeFiles\fdeeef45baa0dc57bb14d14d8205cfcd\generate.stamp.rule" 항목에 대한 사용자 지정 빌드에 성공했지만 지정한 종속성 "d:\qt\6.9.0\msvc2022_64\lib\cmake\qt6network\qt6qschannelbackendplugintargets-relwithdebinfo.cmake"이(가) 없습니다. 이 오류로 인해 증분 빌드가 제대로 작동하지 않을 수 있습니다.
C:\Program Files\Microsoft Visual Studio\2022\Community\MSBuild\Microsoft\VC\v170\Microsoft.CppCommon.targets(237,5): warning MSB8064: "D:\cybermed\daddy\dependency\sdk-VTK-9.4.2\build_msvc\CMakeFiles\fdeeef45baa0dc57bb14d14d8205cfcd\generate.stamp.rule" 항목에 대한 사용자 지정 빌드에 성공했지만 지정한 종속성 "d:\qt\6.9.0\msvc2022_64\lib\cmake\qt6network\qt6qschannelbackendplugintargets.cmake"이(가) 없습니다. 이 오류로 인해 증분 빌드가 제대로 작동하지 않을 수 있습니다.
C:\Program Files\Microsoft Visual Studio\2022\Community\MSBuild\Microsoft\VC\v170\Microsoft.CppCommon.targets(237,5): warning MSB8064: "D:\cybermed\daddy\dependency\sdk-VTK-9.4.2\build_msvc\CMakeFiles\fdeeef45baa0dc57bb14d14d8205cfcd\generate.stamp.rule" 항목에 대한 사용자 지정 빌드에 성공했지만 지정한 종속성 "d:\qt\6.9.0\msvc2022_64\lib\cmake\qt6network\qt6qtlsbackendcertonlypluginadditionaltargetinfo.cmake"이(가) 없습니다. 이 오류로 인해 증분 빌드가 제대로 작동하지 않을 수 있습니다.
C:\Program Files\Microsoft Visual Studio\2022\Community\MSBuild\Microsoft\VC\v170\Microsoft.CppCommon.targets(237,5): warning MSB8064: "D:\cybermed\daddy\dependency\sdk-VTK-9.4.2\build_msvc\CMakeFiles\fdeeef45baa0dc57bb14d14d8205cfcd\generate.stamp.rule" 항목에 대한 사용자 지정 빌드에 성공했지만 지정한 종속성 "d:\qt\6.9.0\msvc2022_64\lib\cmake\qt6network\qt6qtlsbackendcertonlypluginconfig.cmake"이(가) 없습니다. 이 오류로 인해 증분 빌드가 제대로 작동하지 않을 수 있습니다.
C:\Program Files\Microsoft Visual Studio\2022\Community\MSBuild\Microsoft\VC\v170\Microsoft.CppCommon.targets(237,5): warning MSB8064: "D:\cybermed\daddy\dependency\sdk-VTK-9.4.2\build_msvc\CMakeFiles\fdeeef45baa0dc57bb14d14d8205cfcd\generate.stamp.rule" 항목에 대한 사용자 지정 빌드에 성공했지만 지정한 종속성 "d:\qt\6.9.0\msvc2022_64\lib\cmake\qt6network\qt6qtlsbackendcertonlyplugintargets-debug.cmake"이(가) 없습니다. 이 오류로 인해 증분 빌드가 제대로 작동하지 않을 수 있습니다.
C:\Program Files\Microsoft Visual Studio\2022\Community\MSBuild\Microsoft\VC\v170\Microsoft.CppCommon.targets(237,5): warning MSB8064: "D:\cybermed\daddy\dependency\sdk-VTK-9.4.2\build_msvc\CMakeFiles\fdeeef45baa0dc57bb14d14d8205cfcd\generate.stamp.rule" 항목에 대한 사용자 지정 빌드에 성공했지만 지정한 종속성 "d:\qt\6.9.0\msvc2022_64\lib\cmake\qt6network\qt6qtlsbackendcertonlyplugintargets-relwithdebinfo.cmake"이(가) 없습니다. 이 오류로 인해 증분 빌드가 제대로 작동하지 않을 수 있습니다.
C:\Program Files\Microsoft Visual Studio\2022\Community\MSBuild\Microsoft\VC\v170\Microsoft.CppCommon.targets(237,5): warning MSB8064: "D:\cybermed\daddy\dependency\sdk-VTK-9.4.2\build_msvc\CMakeFiles\fdeeef45baa0dc57bb14d14d8205cfcd\generate.stamp.rule" 항목에 대한 사용자 지정 빌드에 성공했지만 지정한 종속성 "d:\qt\6.9.0\msvc2022_64\lib\cmake\qt6network\qt6qtlsbackendcertonlyplugintargets.cmake"이(가) 없습니다. 이 오류로 인해 증분 빌드가 제대로 작동하지 않을 수 있습니다.
C:\Program Files\Microsoft Visual Studio\2022\Community\MSBuild\Microsoft\VC\v170\Microsoft.CppCommon.targets(237,5): warning MSB8064: "D:\cybermed\daddy\dependency\sdk-VTK-9.4.2\build_msvc\CMakeFiles\fdeeef45baa0dc57bb14d14d8205cfcd\generate.stamp.rule" 항목에 대한 사용자 지정 빌드에 성공했지만 지정한 종속성 "d:\qt\6.9.0\msvc2022_64\lib\cmake\qt6network\qt6qtlsbackendopensslpluginadditionaltargetinfo.cmake"이(가) 없습니다. 이 오류로 인해 증분 빌드가 제대로 작동하지 않을 수 있습니다.
C:\Program Files\Microsoft Visual Studio\2022\Community\MSBuild\Microsoft\VC\v170\Microsoft.CppCommon.targets(237,5): warning MSB8064: "D:\cybermed\daddy\dependency\sdk-VTK-9.4.2\build_msvc\CMakeFiles\fdeeef45baa0dc57bb14d14d8205cfcd\generate.stamp.rule" 항목에 대한 사용자 지정 빌드에 성공했지만 지정한 종속성 "d:\qt\6.9.0\msvc2022_64\lib\cmake\qt6network\qt6qtlsbackendopensslpluginconfig.cmake"이(가) 없습니다. 이 오류로 인해 증분 빌드가 제대로 작동하지 않을 수 있습니다.
C:\Program Files\Microsoft Visual Studio\2022\Community\MSBuild\Microsoft\VC\v170\Microsoft.CppCommon.targets(237,5): warning MSB8064: "D:\cybermed\daddy\dependency\sdk-VTK-9.4.2\build_msvc\CMakeFiles\fdeeef45baa0dc57bb14d14d8205cfcd\generate.stamp.rule" 항목에 대한 사용자 지정 빌드에 성공했지만 지정한 종속성 "d:\qt\6.9.0\msvc2022_64\lib\cmake\qt6network\qt6qtlsbackendopensslplugintargets-debug.cmake"이(가) 없습니다. 이 오류로 인해 증분 빌드가 제대로 작동하지 않을 수 있습니다.
C:\Program Files\Microsoft Visual Studio\2022\Community\MSBuild\Microsoft\VC\v170\Microsoft.CppCommon.targets(237,5): warning MSB8064: "D:\cybermed\daddy\dependency\sdk-VTK-9.4.2\build_msvc\CMakeFiles\fdeeef45baa0dc57bb14d14d8205cfcd\generate.stamp.rule" 항목에 대한 사용자 지정 빌드에 성공했지만 지정한 종속성 "d:\qt\6.9.0\msvc2022_64\lib\cmake\qt6network\qt6qtlsbackendopensslplugintargets-relwithdebinfo.cmake"이(가) 없습니다. 이 오류로 인해 증분 빌드가 제대로 작동하지 않을 수 있습니다.
C:\Program Files\Microsoft Visual Studio\2022\Community\MSBuild\Microsoft\VC\v170\Microsoft.CppCommon.targets(237,5): warning MSB8064: "D:\cybermed\daddy\dependency\sdk-VTK-9.4.2\build_msvc\CMakeFiles\fdeeef45baa0dc57bb14d14d8205cfcd\generate.stamp.rule" 항목에 대한 사용자 지정 빌드에 성공했지만 지정한 종속성 "d:\qt\6.9.0\msvc2022_64\lib\cmake\qt6network\qt6qtlsbackendopensslplugintargets.cmake"이(가) 없습니다. 이 오류로 인해 증분 빌드가 제대로 작동하지 않을 수 있습니다.
C:\Program Files\Microsoft Visual Studio\2022\Community\MSBuild\Microsoft\VC\v170\Microsoft.CppCommon.targets(237,5): warning MSB8064: "D:\cybermed\daddy\dependency\sdk-VTK-9.4.2\build_msvc\CMakeFiles\fdeeef45baa0dc57bb14d14d8205cfcd\generate.stamp.rule" 항목에 대한 사용자 지정 빌드에 성공했지만 지정한 종속성 "d:\qt\6.9.0\msvc2022_64\lib\cmake\qt6networkprivate\qt6networkprivateadditionaltargetinfo.cmake"이(가) 없습니다. 이 오류로 인해 증분 빌드가 제대로 작동하지 않을 수 있습니다.
C:\Program Files\Microsoft Visual Studio\2022\Community\MSBuild\Microsoft\VC\v170\Microsoft.CppCommon.targets(237,5): warning MSB8064: "D:\cybermed\daddy\dependency\sdk-VTK-9.4.2\build_msvc\CMakeFiles\fdeeef45baa0dc57bb14d14d8205cfcd\generate.stamp.rule" 항목에 대한 사용자 지정 빌드에 성공했지만 지정한 종속성 "d:\qt\6.9.0\msvc2022_64\lib\cmake\qt6networkprivate\qt6networkprivateconfig.cmake"이(가) 없습니다. 이 오류로 인해 증분 빌드가 제대로 작동하지 않을 수 있습니다.
C:\Program Files\Microsoft Visual Studio\2022\Community\MSBuild\Microsoft\VC\v170\Microsoft.CppCommon.targets(237,5): warning MSB8064: "D:\cybermed\daddy\dependency\sdk-VTK-9.4.2\build_msvc\CMakeFiles\fdeeef45baa0dc57bb14d14d8205cfcd\generate.stamp.rule" 항목에 대한 사용자 지정 빌드에 성공했지만 지정한 종속성 "d:\qt\6.9.0\msvc2022_64\lib\cmake\qt6networkprivate\qt6networkprivateconfigversion.cmake"이(가) 없습니다. 이 오류로 인해 증분 빌드가 제대로 작동하지 않을 수 있습니다.
C:\Program Files\Microsoft Visual Studio\2022\Community\MSBuild\Microsoft\VC\v170\Microsoft.CppCommon.targets(237,5): warning MSB8064: "D:\cybermed\daddy\dependency\sdk-VTK-9.4.2\build_msvc\CMakeFiles\fdeeef45baa0dc57bb14d14d8205cfcd\generate.stamp.rule" 항목에 대한 사용자 지정 빌드에 성공했지만 지정한 종속성 "d:\qt\6.9.0\msvc2022_64\lib\cmake\qt6networkprivate\qt6networkprivateconfigversionimpl.cmake"이(가) 없습니다. 이 오류로 인해 증분 빌드가 제대로 작동하지 않을 수 있습니다.
C:\Program Files\Microsoft Visual Studio\2022\Community\MSBuild\Microsoft\VC\v170\Microsoft.CppCommon.targets(237,5): warning MSB8064: "D:\cybermed\daddy\dependency\sdk-VTK-9.4.2\build_msvc\CMakeFiles\fdeeef45baa0dc57bb14d14d8205cfcd\generate.stamp.rule" 항목에 대한 사용자 지정 빌드에 성공했지만 지정한 종속성 "d:\qt\6.9.0\msvc2022_64\lib\cmake\qt6networkprivate\qt6networkprivatedependencies.cmake"이(가) 없습니다. 이 오류로 인해 증분 빌드가 제대로 작동하지 않을 수 있습니다.
C:\Program Files\Microsoft Visual Studio\2022\Community\MSBuild\Microsoft\VC\v170\Microsoft.CppCommon.targets(237,5): warning MSB8064: "D:\cybermed\daddy\dependency\sdk-VTK-9.4.2\build_msvc\CMakeFiles\fdeeef45baa0dc57bb14d14d8205cfcd\generate.stamp.rule" 항목에 대한 사용자 지정 빌드에 성공했지만 지정한 종속성 "d:\qt\6.9.0\msvc2022_64\lib\cmake\qt6networkprivate\qt6networkprivatetargets.cmake"이(가) 없습니다. 이 오류로 인해 증분 빌드가 제대로 작동하지 않을 수 있습니다.
C:\Program Files\Microsoft Visual Studio\2022\Community\MSBuild\Microsoft\VC\v170\Microsoft.CppCommon.targets(237,5): warning MSB8064: "D:\cybermed\daddy\dependency\sdk-VTK-9.4.2\build_msvc\CMakeFiles\fdeeef45baa0dc57bb14d14d8205cfcd\generate.stamp.rule" 항목에 대한 사용자 지정 빌드에 성공했지만 지정한 종속성 "d:\qt\6.9.0\msvc2022_64\lib\cmake\qt6networkprivate\qt6networkprivateversionlessaliastargets.cmake"이(가) 없습니다. 이 오류로 인해 증분 빌드가 제대로 작동하지 않을 수 있습니다.
C:\Program Files\Microsoft Visual Studio\2022\Community\MSBuild\Microsoft\VC\v170\Microsoft.CppCommon.targets(237,5): warning MSB8064: "D:\cybermed\daddy\dependency\sdk-VTK-9.4.2\build_msvc\CMakeFiles\fdeeef45baa0dc57bb14d14d8205cfcd\generate.stamp.rule" 항목에 대한 사용자 지정 빌드에 성공했지만 지정한 종속성 "d:\qt\6.9.0\msvc2022_64\lib\cmake\qt6opengl\qt6opengladditionaltargetinfo.cmake"이(가) 없습니다. 이 오류로 인해 증분 빌드가 제대로 작동하지 않을 수 있습니다.
C:\Program Files\Microsoft Visual Studio\2022\Community\MSBuild\Microsoft\VC\v170\Microsoft.CppCommon.targets(237,5): warning MSB8064: "D:\cybermed\daddy\dependency\sdk-VTK-9.4.2\build_msvc\CMakeFiles\fdeeef45baa0dc57bb14d14d8205cfcd\generate.stamp.rule" 항목에 대한 사용자 지정 빌드에 성공했지만 지정한 종속성 "d:\qt\6.9.0\msvc2022_64\lib\cmake\qt6opengl\qt6openglconfig.cmake"이(가) 없습니다. 이 오류로 인해 증분 빌드가 제대로 작동하지 않을 수 있습니다.
C:\Program Files\Microsoft Visual Studio\2022\Community\MSBuild\Microsoft\VC\v170\Microsoft.CppCommon.targets(237,5): warning MSB8064: "D:\cybermed\daddy\dependency\sdk-VTK-9.4.2\build_msvc\CMakeFiles\fdeeef45baa0dc57bb14d14d8205cfcd\generate.stamp.rule" 항목에 대한 사용자 지정 빌드에 성공했지만 지정한 종속성 "d:\qt\6.9.0\msvc2022_64\lib\cmake\qt6opengl\qt6openglconfigversion.cmake"이(가) 없습니다. 이 오류로 인해 증분 빌드가 제대로 작동하지 않을 수 있습니다.
C:\Program Files\Microsoft Visual Studio\2022\Community\MSBuild\Microsoft\VC\v170\Microsoft.CppCommon.targets(237,5): warning MSB8064: "D:\cybermed\daddy\dependency\sdk-VTK-9.4.2\build_msvc\CMakeFiles\fdeeef45baa0dc57bb14d14d8205cfcd\generate.stamp.rule" 항목에 대한 사용자 지정 빌드에 성공했지만 지정한 종속성 "d:\qt\6.9.0\msvc2022_64\lib\cmake\qt6opengl\qt6openglconfigversionimpl.cmake"이(가) 없습니다. 이 오류로 인해 증분 빌드가 제대로 작동하지 않을 수 있습니다.
C:\Program Files\Microsoft Visual Studio\2022\Community\MSBuild\Microsoft\VC\v170\Microsoft.CppCommon.targets(237,5): warning MSB8064: "D:\cybermed\daddy\dependency\sdk-VTK-9.4.2\build_msvc\CMakeFiles\fdeeef45baa0dc57bb14d14d8205cfcd\generate.stamp.rule" 항목에 대한 사용자 지정 빌드에 성공했지만 지정한 종속성 "d:\qt\6.9.0\msvc2022_64\lib\cmake\qt6opengl\qt6opengldependencies.cmake"이(가) 없습니다. 이 오류로 인해 증분 빌드가 제대로 작동하지 않을 수 있습니다.
C:\Program Files\Microsoft Visual Studio\2022\Community\MSBuild\Microsoft\VC\v170\Microsoft.CppCommon.targets(237,5): warning MSB8064: "D:\cybermed\daddy\dependency\sdk-VTK-9.4.2\build_msvc\CMakeFiles\fdeeef45baa0dc57bb14d14d8205cfcd\generate.stamp.rule" 항목에 대한 사용자 지정 빌드에 성공했지만 지정한 종속성 "d:\qt\6.9.0\msvc2022_64\lib\cmake\qt6opengl\qt6opengltargets-debug.cmake"이(가) 없습니다. 이 오류로 인해 증분 빌드가 제대로 작동하지 않을 수 있습니다.
C:\Program Files\Microsoft Visual Studio\2022\Community\MSBuild\Microsoft\VC\v170\Microsoft.CppCommon.targets(237,5): warning MSB8064: "D:\cybermed\daddy\dependency\sdk-VTK-9.4.2\build_msvc\CMakeFiles\fdeeef45baa0dc57bb14d14d8205cfcd\generate.stamp.rule" 항목에 대한 사용자 지정 빌드에 성공했지만 지정한 종속성 "d:\qt\6.9.0\msvc2022_64\lib\cmake\qt6opengl\qt6opengltargets-relwithdebinfo.cmake"이(가) 없습니다. 이 오류로 인해 증분 빌드가 제대로 작동하지 않을 수 있습니다.
C:\Program Files\Microsoft Visual Studio\2022\Community\MSBuild\Microsoft\VC\v170\Microsoft.CppCommon.targets(237,5): warning MSB8064: "D:\cybermed\daddy\dependency\sdk-VTK-9.4.2\build_msvc\CMakeFiles\fdeeef45baa0dc57bb14d14d8205cfcd\generate.stamp.rule" 항목에 대한 사용자 지정 빌드에 성공했지만 지정한 종속성 "d:\qt\6.9.0\msvc2022_64\lib\cmake\qt6opengl\qt6opengltargets.cmake"이(가) 없습니다. 이 오류로 인해 증분 빌드가 제대로 작동하지 않을 수 있습니다.
C:\Program Files\Microsoft Visual Studio\2022\Community\MSBuild\Microsoft\VC\v170\Microsoft.CppCommon.targets(237,5): warning MSB8064: "D:\cybermed\daddy\dependency\sdk-VTK-9.4.2\build_msvc\CMakeFiles\fdeeef45baa0dc57bb14d14d8205cfcd\generate.stamp.rule" 항목에 대한 사용자 지정 빌드에 성공했지만 지정한 종속성 "d:\qt\6.9.0\msvc2022_64\lib\cmake\qt6opengl\qt6openglversionlessaliastargets.cmake"이(가) 없습니다. 이 오류로 인해 증분 빌드가 제대로 작동하지 않을 수 있습니다.
C:\Program Files\Microsoft Visual Studio\2022\Community\MSBuild\Microsoft\VC\v170\Microsoft.CppCommon.targets(237,5): warning MSB8064: "D:\cybermed\daddy\dependency\sdk-VTK-9.4.2\build_msvc\CMakeFiles\fdeeef45baa0dc57bb14d14d8205cfcd\generate.stamp.rule" 항목에 대한 사용자 지정 빌드에 성공했지만 지정한 종속성 "d:\qt\6.9.0\msvc2022_64\lib\cmake\qt6openglprivate\qt6openglprivateadditionaltargetinfo.cmake"이(가) 없습니다. 이 오류로 인해 증분 빌드가 제대로 작동하지 않을 수 있습니다.
C:\Program Files\Microsoft Visual Studio\2022\Community\MSBuild\Microsoft\VC\v170\Microsoft.CppCommon.targets(237,5): warning MSB8064: "D:\cybermed\daddy\dependency\sdk-VTK-9.4.2\build_msvc\CMakeFiles\fdeeef45baa0dc57bb14d14d8205cfcd\generate.stamp.rule" 항목에 대한 사용자 지정 빌드에 성공했지만 지정한 종속성 "d:\qt\6.9.0\msvc2022_64\lib\cmake\qt6openglprivate\qt6openglprivateconfig.cmake"이(가) 없습니다. 이 오류로 인해 증분 빌드가 제대로 작동하지 않을 수 있습니다.
C:\Program Files\Microsoft Visual Studio\2022\Community\MSBuild\Microsoft\VC\v170\Microsoft.CppCommon.targets(237,5): warning MSB8064: "D:\cybermed\daddy\dependency\sdk-VTK-9.4.2\build_msvc\CMakeFiles\fdeeef45baa0dc57bb14d14d8205cfcd\generate.stamp.rule" 항목에 대한 사용자 지정 빌드에 성공했지만 지정한 종속성 "d:\qt\6.9.0\msvc2022_64\lib\cmake\qt6openglprivate\qt6openglprivateconfigversion.cmake"이(가) 없습니다. 이 오류로 인해 증분 빌드가 제대로 작동하지 않을 수 있습니다.
C:\Program Files\Microsoft Visual Studio\2022\Community\MSBuild\Microsoft\VC\v170\Microsoft.CppCommon.targets(237,5): warning MSB8064: "D:\cybermed\daddy\dependency\sdk-VTK-9.4.2\build_msvc\CMakeFiles\fdeeef45baa0dc57bb14d14d8205cfcd\generate.stamp.rule" 항목에 대한 사용자 지정 빌드에 성공했지만 지정한 종속성 "d:\qt\6.9.0\msvc2022_64\lib\cmake\qt6openglprivate\qt6openglprivateconfigversionimpl.cmake"이(가) 없습니다. 이 오류로 인해 증분 빌드가 제대로 작동하지 않을 수 있습니다.
C:\Program Files\Microsoft Visual Studio\2022\Community\MSBuild\Microsoft\VC\v170\Microsoft.CppCommon.targets(237,5): warning MSB8064: "D:\cybermed\daddy\dependency\sdk-VTK-9.4.2\build_msvc\CMakeFiles\fdeeef45baa0dc57bb14d14d8205cfcd\generate.stamp.rule" 항목에 대한 사용자 지정 빌드에 성공했지만 지정한 종속성 "d:\qt\6.9.0\msvc2022_64\lib\cmake\qt6openglprivate\qt6openglprivatedependencies.cmake"이(가) 없습니다. 이 오류로 인해 증분 빌드가 제대로 작동하지 않을 수 있습니다.
C:\Program Files\Microsoft Visual Studio\2022\Community\MSBuild\Microsoft\VC\v170\Microsoft.CppCommon.targets(237,5): warning MSB8064: "D:\cybermed\daddy\dependency\sdk-VTK-9.4.2\build_msvc\CMakeFiles\fdeeef45baa0dc57bb14d14d8205cfcd\generate.stamp.rule" 항목에 대한 사용자 지정 빌드에 성공했지만 지정한 종속성 "d:\qt\6.9.0\msvc2022_64\lib\cmake\qt6openglprivate\qt6openglprivatetargets.cmake"이(가) 없습니다. 이 오류로 인해 증분 빌드가 제대로 작동하지 않을 수 있습니다.
C:\Program Files\Microsoft Visual Studio\2022\Community\MSBuild\Microsoft\VC\v170\Microsoft.CppCommon.targets(237,5): warning MSB8064: "D:\cybermed\daddy\dependency\sdk-VTK-9.4.2\build_msvc\CMakeFiles\fdeeef45baa0dc57bb14d14d8205cfcd\generate.stamp.rule" 항목에 대한 사용자 지정 빌드에 성공했지만 지정한 종속성 "d:\qt\6.9.0\msvc2022_64\lib\cmake\qt6openglprivate\qt6openglprivateversionlessaliastargets.cmake"이(가) 없습니다. 이 오류로 인해 증분 빌드가 제대로 작동하지 않을 수 있습니다.
C:\Program Files\Microsoft Visual Studio\2022\Community\MSBuild\Microsoft\VC\v170\Microsoft.CppCommon.targets(237,5): warning MSB8064: "D:\cybermed\daddy\dependency\sdk-VTK-9.4.2\build_msvc\CMakeFiles\fdeeef45baa0dc57bb14d14d8205cfcd\generate.stamp.rule" 항목에 대한 사용자 지정 빌드에 성공했지만 지정한 종속성 "d:\qt\6.9.0\msvc2022_64\lib\cmake\qt6openglwidgets\qt6openglwidgetsadditionaltargetinfo.cmake"이(가) 없습니다. 이 오류로 인해 증분 빌드가 제대로 작동하지 않을 수 있습니다.
C:\Program Files\Microsoft Visual Studio\2022\Community\MSBuild\Microsoft\VC\v170\Microsoft.CppCommon.targets(237,5): warning MSB8064: "D:\cybermed\daddy\dependency\sdk-VTK-9.4.2\build_msvc\CMakeFiles\fdeeef45baa0dc57bb14d14d8205cfcd\generate.stamp.rule" 항목에 대한 사용자 지정 빌드에 성공했지만 지정한 종속성 "d:\qt\6.9.0\msvc2022_64\lib\cmake\qt6openglwidgets\qt6openglwidgetsconfig.cmake"이(가) 없습니다. 이 오류로 인해 증분 빌드가 제대로 작동하지 않을 수 있습니다.
C:\Program Files\Microsoft Visual Studio\2022\Community\MSBuild\Microsoft\VC\v170\Microsoft.CppCommon.targets(237,5): warning MSB8064: "D:\cybermed\daddy\dependency\sdk-VTK-9.4.2\build_msvc\CMakeFiles\fdeeef45baa0dc57bb14d14d8205cfcd\generate.stamp.rule" 항목에 대한 사용자 지정 빌드에 성공했지만 지정한 종속성 "d:\qt\6.9.0\msvc2022_64\lib\cmake\qt6openglwidgets\qt6openglwidgetsconfigversion.cmake"이(가) 없습니다. 이 오류로 인해 증분 빌드가 제대로 작동하지 않을 수 있습니다.
C:\Program Files\Microsoft Visual Studio\2022\Community\MSBuild\Microsoft\VC\v170\Microsoft.CppCommon.targets(237,5): warning MSB8064: "D:\cybermed\daddy\dependency\sdk-VTK-9.4.2\build_msvc\CMakeFiles\fdeeef45baa0dc57bb14d14d8205cfcd\generate.stamp.rule" 항목에 대한 사용자 지정 빌드에 성공했지만 지정한 종속성 "d:\qt\6.9.0\msvc2022_64\lib\cmake\qt6openglwidgets\qt6openglwidgetsconfigversionimpl.cmake"이(가) 없습니다. 이 오류로 인해 증분 빌드가 제대로 작동하지 않을 수 있습니다.
C:\Program Files\Microsoft Visual Studio\2022\Community\MSBuild\Microsoft\VC\v170\Microsoft.CppCommon.targets(237,5): warning MSB8064: "D:\cybermed\daddy\dependency\sdk-VTK-9.4.2\build_msvc\CMakeFiles\fdeeef45baa0dc57bb14d14d8205cfcd\generate.stamp.rule" 항목에 대한 사용자 지정 빌드에 성공했지만 지정한 종속성 "d:\qt\6.9.0\msvc2022_64\lib\cmake\qt6openglwidgets\qt6openglwidgetsdependencies.cmake"이(가) 없습니다. 이 오류로 인해 증분 빌드가 제대로 작동하지 않을 수 있습니다.
C:\Program Files\Microsoft Visual Studio\2022\Community\MSBuild\Microsoft\VC\v170\Microsoft.CppCommon.targets(237,5): warning MSB8064: "D:\cybermed\daddy\dependency\sdk-VTK-9.4.2\build_msvc\CMakeFiles\fdeeef45baa0dc57bb14d14d8205cfcd\generate.stamp.rule" 항목에 대한 사용자 지정 빌드에 성공했지만 지정한 종속성 "d:\qt\6.9.0\msvc2022_64\lib\cmake\qt6openglwidgets\qt6openglwidgetstargets-debug.cmake"이(가) 없습니다. 이 오류로 인해 증분 빌드가 제대로 작동하지 않을 수 있습니다.
C:\Program Files\Microsoft Visual Studio\2022\Community\MSBuild\Microsoft\VC\v170\Microsoft.CppCommon.targets(237,5): warning MSB8064: "D:\cybermed\daddy\dependency\sdk-VTK-9.4.2\build_msvc\CMakeFiles\fdeeef45baa0dc57bb14d14d8205cfcd\generate.stamp.rule" 항목에 대한 사용자 지정 빌드에 성공했지만 지정한 종속성 "d:\qt\6.9.0\msvc2022_64\lib\cmake\qt6openglwidgets\qt6openglwidgetstargets-relwithdebinfo.cmake"이(가) 없습니다. 이 오류로 인해 증분 빌드가 제대로 작동하지 않을 수 있습니다.
C:\Program Files\Microsoft Visual Studio\2022\Community\MSBuild\Microsoft\VC\v170\Microsoft.CppCommon.targets(237,5): warning MSB8064: "D:\cybermed\daddy\dependency\sdk-VTK-9.4.2\build_msvc\CMakeFiles\fdeeef45baa0dc57bb14d14d8205cfcd\generate.stamp.rule" 항목에 대한 사용자 지정 빌드에 성공했지만 지정한 종속성 "d:\qt\6.9.0\msvc2022_64\lib\cmake\qt6openglwidgets\qt6openglwidgetstargets.cmake"이(가) 없습니다. 이 오류로 인해 증분 빌드가 제대로 작동하지 않을 수 있습니다.
C:\Program Files\Microsoft Visual Studio\2022\Community\MSBuild\Microsoft\VC\v170\Microsoft.CppCommon.targets(237,5): warning MSB8064: "D:\cybermed\daddy\dependency\sdk-VTK-9.4.2\build_msvc\CMakeFiles\fdeeef45baa0dc57bb14d14d8205cfcd\generate.stamp.rule" 항목에 대한 사용자 지정 빌드에 성공했지만 지정한 종속성 "d:\qt\6.9.0\msvc2022_64\lib\cmake\qt6openglwidgets\qt6openglwidgetsversionlessaliastargets.cmake"이(가) 없습니다. 이 오류로 인해 증분 빌드가 제대로 작동하지 않을 수 있습니다.
C:\Program Files\Microsoft Visual Studio\2022\Community\MSBuild\Microsoft\VC\v170\Microsoft.CppCommon.targets(237,5): warning MSB8064: "D:\cybermed\daddy\dependency\sdk-VTK-9.4.2\build_msvc\CMakeFiles\fdeeef45baa0dc57bb14d14d8205cfcd\generate.stamp.rule" 항목에 대한 사용자 지정 빌드에 성공했지만 지정한 종속성 "d:\qt\6.9.0\msvc2022_64\lib\cmake\qt6openglwidgetsprivate\qt6openglwidgetsprivateadditionaltargetinfo.cmake"이(가) 없습니다. 이 오류로 인해 증분 빌드가 제대로 작동하지 않을 수 있습니다.
C:\Program Files\Microsoft Visual Studio\2022\Community\MSBuild\Microsoft\VC\v170\Microsoft.CppCommon.targets(237,5): warning MSB8064: "D:\cybermed\daddy\dependency\sdk-VTK-9.4.2\build_msvc\CMakeFiles\fdeeef45baa0dc57bb14d14d8205cfcd\generate.stamp.rule" 항목에 대한 사용자 지정 빌드에 성공했지만 지정한 종속성 "d:\qt\6.9.0\msvc2022_64\lib\cmake\qt6openglwidgetsprivate\qt6openglwidgetsprivateconfig.cmake"이(가) 없습니다. 이 오류로 인해 증분 빌드가 제대로 작동하지 않을 수 있습니다.
C:\Program Files\Microsoft Visual Studio\2022\Community\MSBuild\Microsoft\VC\v170\Microsoft.CppCommon.targets(237,5): warning MSB8064: "D:\cybermed\daddy\dependency\sdk-VTK-9.4.2\build_msvc\CMakeFiles\fdeeef45baa0dc57bb14d14d8205cfcd\generate.stamp.rule" 항목에 대한 사용자 지정 빌드에 성공했지만 지정한 종속성 "d:\qt\6.9.0\msvc2022_64\lib\cmake\qt6openglwidgetsprivate\qt6openglwidgetsprivateconfigversion.cmake"이(가) 없습니다. 이 오류로 인해 증분 빌드가 제대로 작동하지 않을 수 있습니다.
C:\Program Files\Microsoft Visual Studio\2022\Community\MSBuild\Microsoft\VC\v170\Microsoft.CppCommon.targets(237,5): warning MSB8064: "D:\cybermed\daddy\dependency\sdk-VTK-9.4.2\build_msvc\CMakeFiles\fdeeef45baa0dc57bb14d14d8205cfcd\generate.stamp.rule" 항목에 대한 사용자 지정 빌드에 성공했지만 지정한 종속성 "d:\qt\6.9.0\msvc2022_64\lib\cmake\qt6openglwidgetsprivate\qt6openglwidgetsprivateconfigversionimpl.cmake"이(가) 없습니다. 이 오류로 인해 증분 빌드가 제대로 작동하지 않을 수 있습니다.
C:\Program Files\Microsoft Visual Studio\2022\Community\MSBuild\Microsoft\VC\v170\Microsoft.CppCommon.targets(237,5): warning MSB8064: "D:\cybermed\daddy\dependency\sdk-VTK-9.4.2\build_msvc\CMakeFiles\fdeeef45baa0dc57bb14d14d8205cfcd\generate.stamp.rule" 항목에 대한 사용자 지정 빌드에 성공했지만 지정한 종속성 "d:\qt\6.9.0\msvc2022_64\lib\cmake\qt6openglwidgetsprivate\qt6openglwidgetsprivatedependencies.cmake"이(가) 없습니다. 이 오류로 인해 증분 빌드가 제대로 작동하지 않을 수 있습니다.
C:\Program Files\Microsoft Visual Studio\2022\Community\MSBuild\Microsoft\VC\v170\Microsoft.CppCommon.targets(237,5): warning MSB8064: "D:\cybermed\daddy\dependency\sdk-VTK-9.4.2\build_msvc\CMakeFiles\fdeeef45baa0dc57bb14d14d8205cfcd\generate.stamp.rule" 항목에 대한 사용자 지정 빌드에 성공했지만 지정한 종속성 "d:\qt\6.9.0\msvc2022_64\lib\cmake\qt6openglwidgetsprivate\qt6openglwidgetsprivatetargets.cmake"이(가) 없습니다. 이 오류로 인해 증분 빌드가 제대로 작동하지 않을 수 있습니다.
C:\Program Files\Microsoft Visual Studio\2022\Community\MSBuild\Microsoft\VC\v170\Microsoft.CppCommon.targets(237,5): warning MSB8064: "D:\cybermed\daddy\dependency\sdk-VTK-9.4.2\build_msvc\CMakeFiles\fdeeef45baa0dc57bb14d14d8205cfcd\generate.stamp.rule" 항목에 대한 사용자 지정 빌드에 성공했지만 지정한 종속성 "d:\qt\6.9.0\msvc2022_64\lib\cmake\qt6openglwidgetsprivate\qt6openglwidgetsprivateversionlessaliastargets.cmake"이(가) 없습니다. 이 오류로 인해 증분 빌드가 제대로 작동하지 않을 수 있습니다.
C:\Program Files\Microsoft Visual Studio\2022\Community\MSBuild\Microsoft\VC\v170\Microsoft.CppCommon.targets(237,5): warning MSB8064: "D:\cybermed\daddy\dependency\sdk-VTK-9.4.2\build_msvc\CMakeFiles\fdeeef45baa0dc57bb14d14d8205cfcd\generate.stamp.rule" 항목에 대한 사용자 지정 빌드에 성공했지만 지정한 종속성 "d:\qt\6.9.0\msvc2022_64\lib\cmake\qt6qml\qmlplugins\qt6labsplatformpluginadditionaltargetinfo.cmake"이(가) 없습니다. 이 오류로 인해 증분 빌드가 제대로 작동하지 않을 수 있습니다.
C:\Program Files\Microsoft Visual Studio\2022\Community\MSBuild\Microsoft\VC\v170\Microsoft.CppCommon.targets(237,5): warning MSB8064: "D:\cybermed\daddy\dependency\sdk-VTK-9.4.2\build_msvc\CMakeFiles\fdeeef45baa0dc57bb14d14d8205cfcd\generate.stamp.rule" 항목에 대한 사용자 지정 빌드에 성공했지만 지정한 종속성 "d:\qt\6.9.0\msvc2022_64\lib\cmake\qt6qml\qmlplugins\qt6labsplatformpluginconfig.cmake"이(가) 없습니다. 이 오류로 인해 증분 빌드가 제대로 작동하지 않을 수 있습니다.
C:\Program Files\Microsoft Visual Studio\2022\Community\MSBuild\Microsoft\VC\v170\Microsoft.CppCommon.targets(237,5): warning MSB8064: "D:\cybermed\daddy\dependency\sdk-VTK-9.4.2\build_msvc\CMakeFiles\fdeeef45baa0dc57bb14d14d8205cfcd\generate.stamp.rule" 항목에 대한 사용자 지정 빌드에 성공했지만 지정한 종속성 "d:\qt\6.9.0\msvc2022_64\lib\cmake\qt6qml\qmlplugins\qt6labsplatformplugintargets-debug.cmake"이(가) 없습니다. 이 오류로 인해 증분 빌드가 제대로 작동하지 않을 수 있습니다.
C:\Program Files\Microsoft Visual Studio\2022\Community\MSBuild\Microsoft\VC\v170\Microsoft.CppCommon.targets(237,5): warning MSB8064: "D:\cybermed\daddy\dependency\sdk-VTK-9.4.2\build_msvc\CMakeFiles\fdeeef45baa0dc57bb14d14d8205cfcd\generate.stamp.rule" 항목에 대한 사용자 지정 빌드에 성공했지만 지정한 종속성 "d:\qt\6.9.0\msvc2022_64\lib\cmake\qt6qml\qmlplugins\qt6labsplatformplugintargets-relwithdebinfo.cmake"이(가) 없습니다. 이 오류로 인해 증분 빌드가 제대로 작동하지 않을 수 있습니다.
C:\Program Files\Microsoft Visual Studio\2022\Community\MSBuild\Microsoft\VC\v170\Microsoft.CppCommon.targets(237,5): warning MSB8064: "D:\cybermed\daddy\dependency\sdk-VTK-9.4.2\build_msvc\CMakeFiles\fdeeef45baa0dc57bb14d14d8205cfcd\generate.stamp.rule" 항목에 대한 사용자 지정 빌드에 성공했지만 지정한 종속성 "d:\qt\6.9.0\msvc2022_64\lib\cmake\qt6qml\qmlplugins\qt6labsplatformplugintargets.cmake"이(가) 없습니다. 이 오류로 인해 증분 빌드가 제대로 작동하지 않을 수 있습니다.
C:\Program Files\Microsoft Visual Studio\2022\Community\MSBuild\Microsoft\VC\v170\Microsoft.CppCommon.targets(237,5): warning MSB8064: "D:\cybermed\daddy\dependency\sdk-VTK-9.4.2\build_msvc\CMakeFiles\fdeeef45baa0dc57bb14d14d8205cfcd\generate.stamp.rule" 항목에 대한 사용자 지정 빌드에 성공했지만 지정한 종속성 "d:\qt\6.9.0\msvc2022_64\lib\cmake\qt6qml\qmlplugins\qt6qmlassetdownloaderpluginadditionaltargetinfo.cmake"이(가) 없습니다. 이 오류로 인해 증분 빌드가 제대로 작동하지 않을 수 있습니다.
C:\Program Files\Microsoft Visual Studio\2022\Community\MSBuild\Microsoft\VC\v170\Microsoft.CppCommon.targets(237,5): warning MSB8064: "D:\cybermed\daddy\dependency\sdk-VTK-9.4.2\build_msvc\CMakeFiles\fdeeef45baa0dc57bb14d14d8205cfcd\generate.stamp.rule" 항목에 대한 사용자 지정 빌드에 성공했지만 지정한 종속성 "d:\qt\6.9.0\msvc2022_64\lib\cmake\qt6qml\qmlplugins\qt6qmlassetdownloaderpluginconfig.cmake"이(가) 없습니다. 이 오류로 인해 증분 빌드가 제대로 작동하지 않을 수 있습니다.
C:\Program Files\Microsoft Visual Studio\2022\Community\MSBuild\Microsoft\VC\v170\Microsoft.CppCommon.targets(237,5): warning MSB8064: "D:\cybermed\daddy\dependency\sdk-VTK-9.4.2\build_msvc\CMakeFiles\fdeeef45baa0dc57bb14d14d8205cfcd\generate.stamp.rule" 항목에 대한 사용자 지정 빌드에 성공했지만 지정한 종속성 "d:\qt\6.9.0\msvc2022_64\lib\cmake\qt6qml\qmlplugins\qt6qmlassetdownloaderplugindependencies.cmake"이(가) 없습니다. 이 오류로 인해 증분 빌드가 제대로 작동하지 않을 수 있습니다.
C:\Program Files\Microsoft Visual Studio\2022\Community\MSBuild\Microsoft\VC\v170\Microsoft.CppCommon.targets(237,5): warning MSB8064: "D:\cybermed\daddy\dependency\sdk-VTK-9.4.2\build_msvc\CMakeFiles\fdeeef45baa0dc57bb14d14d8205cfcd\generate.stamp.rule" 항목에 대한 사용자 지정 빌드에 성공했지만 지정한 종속성 "d:\qt\6.9.0\msvc2022_64\lib\cmake\qt6qml\qmlplugins\qt6qmlassetdownloaderplugintargets-debug.cmake"이(가) 없습니다. 이 오류로 인해 증분 빌드가 제대로 작동하지 않을 수 있습니다.
C:\Program Files\Microsoft Visual Studio\2022\Community\MSBuild\Microsoft\VC\v170\Microsoft.CppCommon.targets(237,5): warning MSB8064: "D:\cybermed\daddy\dependency\sdk-VTK-9.4.2\build_msvc\CMakeFiles\fdeeef45baa0dc57bb14d14d8205cfcd\generate.stamp.rule" 항목에 대한 사용자 지정 빌드에 성공했지만 지정한 종속성 "d:\qt\6.9.0\msvc2022_64\lib\cmake\qt6qml\qmlplugins\qt6qmlassetdownloaderplugintargets-relwithdebinfo.cmake"이(가) 없습니다. 이 오류로 인해 증분 빌드가 제대로 작동하지 않을 수 있습니다.
C:\Program Files\Microsoft Visual Studio\2022\Community\MSBuild\Microsoft\VC\v170\Microsoft.CppCommon.targets(237,5): warning MSB8064: "D:\cybermed\daddy\dependency\sdk-VTK-9.4.2\build_msvc\CMakeFiles\fdeeef45baa0dc57bb14d14d8205cfcd\generate.stamp.rule" 항목에 대한 사용자 지정 빌드에 성공했지만 지정한 종속성 "d:\qt\6.9.0\msvc2022_64\lib\cmake\qt6qml\qmlplugins\qt6qmlassetdownloaderplugintargets.cmake"이(가) 없습니다. 이 오류로 인해 증분 빌드가 제대로 작동하지 않을 수 있습니다.
C:\Program Files\Microsoft Visual Studio\2022\Community\MSBuild\Microsoft\VC\v170\Microsoft.CppCommon.targets(237,5): warning MSB8064: "D:\cybermed\daddy\dependency\sdk-VTK-9.4.2\build_msvc\CMakeFiles\fdeeef45baa0dc57bb14d14d8205cfcd\generate.stamp.rule" 항목에 대한 사용자 지정 빌드에 성공했지만 지정한 종속성 "d:\qt\6.9.0\msvc2022_64\lib\cmake\qt6qml\qmlplugins\qt6qmlnetworkpluginadditionaltargetinfo.cmake"이(가) 없습니다. 이 오류로 인해 증분 빌드가 제대로 작동하지 않을 수 있습니다.
C:\Program Files\Microsoft Visual Studio\2022\Community\MSBuild\Microsoft\VC\v170\Microsoft.CppCommon.targets(237,5): warning MSB8064: "D:\cybermed\daddy\dependency\sdk-VTK-9.4.2\build_msvc\CMakeFiles\fdeeef45baa0dc57bb14d14d8205cfcd\generate.stamp.rule" 항목에 대한 사용자 지정 빌드에 성공했지만 지정한 종속성 "d:\qt\6.9.0\msvc2022_64\lib\cmake\qt6qml\qmlplugins\qt6qmlnetworkpluginconfig.cmake"이(가) 없습니다. 이 오류로 인해 증분 빌드가 제대로 작동하지 않을 수 있습니다.
C:\Program Files\Microsoft Visual Studio\2022\Community\MSBuild\Microsoft\VC\v170\Microsoft.CppCommon.targets(237,5): warning MSB8064: "D:\cybermed\daddy\dependency\sdk-VTK-9.4.2\build_msvc\CMakeFiles\fdeeef45baa0dc57bb14d14d8205cfcd\generate.stamp.rule" 항목에 대한 사용자 지정 빌드에 성공했지만 지정한 종속성 "d:\qt\6.9.0\msvc2022_64\lib\cmake\qt6qml\qmlplugins\qt6qmlnetworkplugintargets-debug.cmake"이(가) 없습니다. 이 오류로 인해 증분 빌드가 제대로 작동하지 않을 수 있습니다.
C:\Program Files\Microsoft Visual Studio\2022\Community\MSBuild\Microsoft\VC\v170\Microsoft.CppCommon.targets(237,5): warning MSB8064: "D:\cybermed\daddy\dependency\sdk-VTK-9.4.2\build_msvc\CMakeFiles\fdeeef45baa0dc57bb14d14d8205cfcd\generate.stamp.rule" 항목에 대한 사용자 지정 빌드에 성공했지만 지정한 종속성 "d:\qt\6.9.0\msvc2022_64\lib\cmake\qt6qml\qmlplugins\qt6qmlnetworkplugintargets-relwithdebinfo.cmake"이(가) 없습니다. 이 오류로 인해 증분 빌드가 제대로 작동하지 않을 수 있습니다.
C:\Program Files\Microsoft Visual Studio\2022\Community\MSBuild\Microsoft\VC\v170\Microsoft.CppCommon.targets(237,5): warning MSB8064: "D:\cybermed\daddy\dependency\sdk-VTK-9.4.2\build_msvc\CMakeFiles\fdeeef45baa0dc57bb14d14d8205cfcd\generate.stamp.rule" 항목에 대한 사용자 지정 빌드에 성공했지만 지정한 종속성 "d:\qt\6.9.0\msvc2022_64\lib\cmake\qt6qml\qmlplugins\qt6qmlnetworkplugintargets.cmake"이(가) 없습니다. 이 오류로 인해 증분 빌드가 제대로 작동하지 않을 수 있습니다.
C:\Program Files\Microsoft Visual Studio\2022\Community\MSBuild\Microsoft\VC\v170\Microsoft.CppCommon.targets(237,5): warning MSB8064: "D:\cybermed\daddy\dependency\sdk-VTK-9.4.2\build_msvc\CMakeFiles\fdeeef45baa0dc57bb14d14d8205cfcd\generate.stamp.rule" 항목에 대한 사용자 지정 빌드에 성공했지만 지정한 종속성 "d:\qt\6.9.0\msvc2022_64\lib\cmake\qt6qml\qmlplugins\qt6quickcontrolstestutilsprivatepluginadditionaltargetinfo.cmake"이(가) 없습니다. 이 오류로 인해 증분 빌드가 제대로 작동하지 않을 수 있습니다.
C:\Program Files\Microsoft Visual Studio\2022\Community\MSBuild\Microsoft\VC\v170\Microsoft.CppCommon.targets(237,5): warning MSB8064: "D:\cybermed\daddy\dependency\sdk-VTK-9.4.2\build_msvc\CMakeFiles\fdeeef45baa0dc57bb14d14d8205cfcd\generate.stamp.rule" 항목에 대한 사용자 지정 빌드에 성공했지만 지정한 종속성 "d:\qt\6.9.0\msvc2022_64\lib\cmake\qt6qml\qmlplugins\qt6quickcontrolstestutilsprivatepluginconfig.cmake"이(가) 없습니다. 이 오류로 인해 증분 빌드가 제대로 작동하지 않을 수 있습니다.
C:\Program Files\Microsoft Visual Studio\2022\Community\MSBuild\Microsoft\VC\v170\Microsoft.CppCommon.targets(237,5): warning MSB8064: "D:\cybermed\daddy\dependency\sdk-VTK-9.4.2\build_msvc\CMakeFiles\fdeeef45baa0dc57bb14d14d8205cfcd\generate.stamp.rule" 항목에 대한 사용자 지정 빌드에 성공했지만 지정한 종속성 "d:\qt\6.9.0\msvc2022_64\lib\cmake\qt6qml\qmlplugins\qt6quickcontrolstestutilsprivateplugintargets-debug.cmake"이(가) 없습니다. 이 오류로 인해 증분 빌드가 제대로 작동하지 않을 수 있습니다.
C:\Program Files\Microsoft Visual Studio\2022\Community\MSBuild\Microsoft\VC\v170\Microsoft.CppCommon.targets(237,5): warning MSB8064: "D:\cybermed\daddy\dependency\sdk-VTK-9.4.2\build_msvc\CMakeFiles\fdeeef45baa0dc57bb14d14d8205cfcd\generate.stamp.rule" 항목에 대한 사용자 지정 빌드에 성공했지만 지정한 종속성 "d:\qt\6.9.0\msvc2022_64\lib\cmake\qt6qml\qmlplugins\qt6quickcontrolstestutilsprivateplugintargets-relwithdebinfo.cmake"이(가) 없습니다. 이 오류로 인해 증분 빌드가 제대로 작동하지 않을 수 있습니다.
C:\Program Files\Microsoft Visual Studio\2022\Community\MSBuild\Microsoft\VC\v170\Microsoft.CppCommon.targets(237,5): warning MSB8064: "D:\cybermed\daddy\dependency\sdk-VTK-9.4.2\build_msvc\CMakeFiles\fdeeef45baa0dc57bb14d14d8205cfcd\generate.stamp.rule" 항목에 대한 사용자 지정 빌드에 성공했지만 지정한 종속성 "d:\qt\6.9.0\msvc2022_64\lib\cmake\qt6qml\qmlplugins\qt6quickcontrolstestutilsprivateplugintargets.cmake"이(가) 없습니다. 이 오류로 인해 증분 빌드가 제대로 작동하지 않을 수 있습니다.
C:\Program Files\Microsoft Visual Studio\2022\Community\MSBuild\Microsoft\VC\v170\Microsoft.CppCommon.targets(237,5): warning MSB8064: "D:\cybermed\daddy\dependency\sdk-VTK-9.4.2\build_msvc\CMakeFiles\fdeeef45baa0dc57bb14d14d8205cfcd\generate.stamp.rule" 항목에 대한 사용자 지정 빌드에 성공했지만 지정한 종속성 "d:\qt\6.9.0\msvc2022_64\lib\cmake\qt6qml\qmlplugins\qt6quicktestpluginadditionaltargetinfo.cmake"이(가) 없습니다. 이 오류로 인해 증분 빌드가 제대로 작동하지 않을 수 있습니다.
C:\Program Files\Microsoft Visual Studio\2022\Community\MSBuild\Microsoft\VC\v170\Microsoft.CppCommon.targets(237,5): warning MSB8064: "D:\cybermed\daddy\dependency\sdk-VTK-9.4.2\build_msvc\CMakeFiles\fdeeef45baa0dc57bb14d14d8205cfcd\generate.stamp.rule" 항목에 대한 사용자 지정 빌드에 성공했지만 지정한 종속성 "d:\qt\6.9.0\msvc2022_64\lib\cmake\qt6qml\qmlplugins\qt6quicktestpluginconfig.cmake"이(가) 없습니다. 이 오류로 인해 증분 빌드가 제대로 작동하지 않을 수 있습니다.
C:\Program Files\Microsoft Visual Studio\2022\Community\MSBuild\Microsoft\VC\v170\Microsoft.CppCommon.targets(237,5): warning MSB8064: "D:\cybermed\daddy\dependency\sdk-VTK-9.4.2\build_msvc\CMakeFiles\fdeeef45baa0dc57bb14d14d8205cfcd\generate.stamp.rule" 항목에 대한 사용자 지정 빌드에 성공했지만 지정한 종속성 "d:\qt\6.9.0\msvc2022_64\lib\cmake\qt6qml\qmlplugins\qt6quicktestplugintargets-debug.cmake"이(가) 없습니다. 이 오류로 인해 증분 빌드가 제대로 작동하지 않을 수 있습니다.
C:\Program Files\Microsoft Visual Studio\2022\Community\MSBuild\Microsoft\VC\v170\Microsoft.CppCommon.targets(237,5): warning MSB8064: "D:\cybermed\daddy\dependency\sdk-VTK-9.4.2\build_msvc\CMakeFiles\fdeeef45baa0dc57bb14d14d8205cfcd\generate.stamp.rule" 항목에 대한 사용자 지정 빌드에 성공했지만 지정한 종속성 "d:\qt\6.9.0\msvc2022_64\lib\cmake\qt6qml\qmlplugins\qt6quicktestplugintargets-relwithdebinfo.cmake"이(가) 없습니다. 이 오류로 인해 증분 빌드가 제대로 작동하지 않을 수 있습니다.
C:\Program Files\Microsoft Visual Studio\2022\Community\MSBuild\Microsoft\VC\v170\Microsoft.CppCommon.targets(237,5): warning MSB8064: "D:\cybermed\daddy\dependency\sdk-VTK-9.4.2\build_msvc\CMakeFiles\fdeeef45baa0dc57bb14d14d8205cfcd\generate.stamp.rule" 항목에 대한 사용자 지정 빌드에 성공했지만 지정한 종속성 "d:\qt\6.9.0\msvc2022_64\lib\cmake\qt6qml\qmlplugins\qt6quicktestplugintargets.cmake"이(가) 없습니다. 이 오류로 인해 증분 빌드가 제대로 작동하지 않을 수 있습니다.
C:\Program Files\Microsoft Visual Studio\2022\Community\MSBuild\Microsoft\VC\v170\Microsoft.CppCommon.targets(237,5): warning MSB8064: "D:\cybermed\daddy\dependency\sdk-VTK-9.4.2\build_msvc\CMakeFiles\fdeeef45baa0dc57bb14d14d8205cfcd\generate.stamp.rule" 항목에 대한 사용자 지정 빌드에 성공했지만 지정한 종속성 "d:\qt\6.9.0\msvc2022_64\lib\cmake\qt6qml\qmlplugins\qt6texttospeechqmladditionaltargetinfo.cmake"이(가) 없습니다. 이 오류로 인해 증분 빌드가 제대로 작동하지 않을 수 있습니다.
C:\Program Files\Microsoft Visual Studio\2022\Community\MSBuild\Microsoft\VC\v170\Microsoft.CppCommon.targets(237,5): warning MSB8064: "D:\cybermed\daddy\dependency\sdk-VTK-9.4.2\build_msvc\CMakeFiles\fdeeef45baa0dc57bb14d14d8205cfcd\generate.stamp.rule" 항목에 대한 사용자 지정 빌드에 성공했지만 지정한 종속성 "d:\qt\6.9.0\msvc2022_64\lib\cmake\qt6qml\qmlplugins\qt6texttospeechqmlconfig.cmake"이(가) 없습니다. 이 오류로 인해 증분 빌드가 제대로 작동하지 않을 수 있습니다.
C:\Program Files\Microsoft Visual Studio\2022\Community\MSBuild\Microsoft\VC\v170\Microsoft.CppCommon.targets(237,5): warning MSB8064: "D:\cybermed\daddy\dependency\sdk-VTK-9.4.2\build_msvc\CMakeFiles\fdeeef45baa0dc57bb14d14d8205cfcd\generate.stamp.rule" 항목에 대한 사용자 지정 빌드에 성공했지만 지정한 종속성 "d:\qt\6.9.0\msvc2022_64\lib\cmake\qt6qml\qmlplugins\qt6texttospeechqmltargets-debug.cmake"이(가) 없습니다. 이 오류로 인해 증분 빌드가 제대로 작동하지 않을 수 있습니다.
C:\Program Files\Microsoft Visual Studio\2022\Community\MSBuild\Microsoft\VC\v170\Microsoft.CppCommon.targets(237,5): warning MSB8064: "D:\cybermed\daddy\dependency\sdk-VTK-9.4.2\build_msvc\CMakeFiles\fdeeef45baa0dc57bb14d14d8205cfcd\generate.stamp.rule" 항목에 대한 사용자 지정 빌드에 성공했지만 지정한 종속성 "d:\qt\6.9.0\msvc2022_64\lib\cmake\qt6qml\qmlplugins\qt6texttospeechqmltargets-relwithdebinfo.cmake"이(가) 없습니다. 이 오류로 인해 증분 빌드가 제대로 작동하지 않을 수 있습니다.
C:\Program Files\Microsoft Visual Studio\2022\Community\MSBuild\Microsoft\VC\v170\Microsoft.CppCommon.targets(237,5): warning MSB8064: "D:\cybermed\daddy\dependency\sdk-VTK-9.4.2\build_msvc\CMakeFiles\fdeeef45baa0dc57bb14d14d8205cfcd\generate.stamp.rule" 항목에 대한 사용자 지정 빌드에 성공했지만 지정한 종속성 "d:\qt\6.9.0\msvc2022_64\lib\cmake\qt6qml\qmlplugins\qt6texttospeechqmltargets.cmake"이(가) 없습니다. 이 오류로 인해 증분 빌드가 제대로 작동하지 않을 수 있습니다.
C:\Program Files\Microsoft Visual Studio\2022\Community\MSBuild\Microsoft\VC\v170\Microsoft.CppCommon.targets(237,5): warning MSB8064: "D:\cybermed\daddy\dependency\sdk-VTK-9.4.2\build_msvc\CMakeFiles\fdeeef45baa0dc57bb14d14d8205cfcd\generate.stamp.rule" 항목에 대한 사용자 지정 빌드에 성공했지만 지정한 종속성 "d:\qt\6.9.0\msvc2022_64\lib\cmake\qt6qml\qmlplugins\qt6webchannelquickpluginadditionaltargetinfo.cmake"이(가) 없습니다. 이 오류로 인해 증분 빌드가 제대로 작동하지 않을 수 있습니다.
C:\Program Files\Microsoft Visual Studio\2022\Community\MSBuild\Microsoft\VC\v170\Microsoft.CppCommon.targets(237,5): warning MSB8064: "D:\cybermed\daddy\dependency\sdk-VTK-9.4.2\build_msvc\CMakeFiles\fdeeef45baa0dc57bb14d14d8205cfcd\generate.stamp.rule" 항목에 대한 사용자 지정 빌드에 성공했지만 지정한 종속성 "d:\qt\6.9.0\msvc2022_64\lib\cmake\qt6qml\qmlplugins\qt6webchannelquickpluginconfig.cmake"이(가) 없습니다. 이 오류로 인해 증분 빌드가 제대로 작동하지 않을 수 있습니다.
C:\Program Files\Microsoft Visual Studio\2022\Community\MSBuild\Microsoft\VC\v170\Microsoft.CppCommon.targets(237,5): warning MSB8064: "D:\cybermed\daddy\dependency\sdk-VTK-9.4.2\build_msvc\CMakeFiles\fdeeef45baa0dc57bb14d14d8205cfcd\generate.stamp.rule" 항목에 대한 사용자 지정 빌드에 성공했지만 지정한 종속성 "d:\qt\6.9.0\msvc2022_64\lib\cmake\qt6qml\qmlplugins\qt6webchannelquickplugintargets-debug.cmake"이(가) 없습니다. 이 오류로 인해 증분 빌드가 제대로 작동하지 않을 수 있습니다.
C:\Program Files\Microsoft Visual Studio\2022\Community\MSBuild\Microsoft\VC\v170\Microsoft.CppCommon.targets(237,5): warning MSB8064: "D:\cybermed\daddy\dependency\sdk-VTK-9.4.2\build_msvc\CMakeFiles\fdeeef45baa0dc57bb14d14d8205cfcd\generate.stamp.rule" 항목에 대한 사용자 지정 빌드에 성공했지만 지정한 종속성 "d:\qt\6.9.0\msvc2022_64\lib\cmake\qt6qml\qmlplugins\qt6webchannelquickplugintargets-relwithdebinfo.cmake"이(가) 없습니다. 이 오류로 인해 증분 빌드가 제대로 작동하지 않을 수 있습니다.
C:\Program Files\Microsoft Visual Studio\2022\Community\MSBuild\Microsoft\VC\v170\Microsoft.CppCommon.targets(237,5): warning MSB8064: "D:\cybermed\daddy\dependency\sdk-VTK-9.4.2\build_msvc\CMakeFiles\fdeeef45baa0dc57bb14d14d8205cfcd\generate.stamp.rule" 항목에 대한 사용자 지정 빌드에 성공했지만 지정한 종속성 "d:\qt\6.9.0\msvc2022_64\lib\cmake\qt6qml\qmlplugins\qt6webchannelquickplugintargets.cmake"이(가) 없습니다. 이 오류로 인해 증분 빌드가 제대로 작동하지 않을 수 있습니다.
C:\Program Files\Microsoft Visual Studio\2022\Community\MSBuild\Microsoft\VC\v170\Microsoft.CppCommon.targets(237,5): warning MSB8064: "D:\cybermed\daddy\dependency\sdk-VTK-9.4.2\build_msvc\CMakeFiles\fdeeef45baa0dc57bb14d14d8205cfcd\generate.stamp.rule" 항목에 대한 사용자 지정 빌드에 성공했지만 지정한 종속성 "d:\qt\6.9.0\msvc2022_64\lib\cmake\qt6qml\qmlplugins\qt6effectspluginadditionaltargetinfo.cmake"이(가) 없습니다. 이 오류로 인해 증분 빌드가 제대로 작동하지 않을 수 있습니다.
C:\Program Files\Microsoft Visual Studio\2022\Community\MSBuild\Microsoft\VC\v170\Microsoft.CppCommon.targets(237,5): warning MSB8064: "D:\cybermed\daddy\dependency\sdk-VTK-9.4.2\build_msvc\CMakeFiles\fdeeef45baa0dc57bb14d14d8205cfcd\generate.stamp.rule" 항목에 대한 사용자 지정 빌드에 성공했지만 지정한 종속성 "d:\qt\6.9.0\msvc2022_64\lib\cmake\qt6qml\qmlplugins\qt6effectspluginconfig.cmake"이(가) 없습니다. 이 오류로 인해 증분 빌드가 제대로 작동하지 않을 수 있습니다.
C:\Program Files\Microsoft Visual Studio\2022\Community\MSBuild\Microsoft\VC\v170\Microsoft.CppCommon.targets(237,5): warning MSB8064: "D:\cybermed\daddy\dependency\sdk-VTK-9.4.2\build_msvc\CMakeFiles\fdeeef45baa0dc57bb14d14d8205cfcd\generate.stamp.rule" 항목에 대한 사용자 지정 빌드에 성공했지만 지정한 종속성 "d:\qt\6.9.0\msvc2022_64\lib\cmake\qt6qml\qmlplugins\qt6effectsplugintargets-debug.cmake"이(가) 없습니다. 이 오류로 인해 증분 빌드가 제대로 작동하지 않을 수 있습니다.
C:\Program Files\Microsoft Visual Studio\2022\Community\MSBuild\Microsoft\VC\v170\Microsoft.CppCommon.targets(237,5): warning MSB8064: "D:\cybermed\daddy\dependency\sdk-VTK-9.4.2\build_msvc\CMakeFiles\fdeeef45baa0dc57bb14d14d8205cfcd\generate.stamp.rule" 항목에 대한 사용자 지정 빌드에 성공했지만 지정한 종속성 "d:\qt\6.9.0\msvc2022_64\lib\cmake\qt6qml\qmlplugins\qt6effectsplugintargets-relwithdebinfo.cmake"이(가) 없습니다. 이 오류로 인해 증분 빌드가 제대로 작동하지 않을 수 있습니다.
C:\Program Files\Microsoft Visual Studio\2022\Community\MSBuild\Microsoft\VC\v170\Microsoft.CppCommon.targets(237,5): warning MSB8064: "D:\cybermed\daddy\dependency\sdk-VTK-9.4.2\build_msvc\CMakeFiles\fdeeef45baa0dc57bb14d14d8205cfcd\generate.stamp.rule" 항목에 대한 사용자 지정 빌드에 성공했지만 지정한 종속성 "d:\qt\6.9.0\msvc2022_64\lib\cmake\qt6qml\qmlplugins\qt6effectsplugintargets.cmake"이(가) 없습니다. 이 오류로 인해 증분 빌드가 제대로 작동하지 않을 수 있습니다.
C:\Program Files\Microsoft Visual Studio\2022\Community\MSBuild\Microsoft\VC\v170\Microsoft.CppCommon.targets(237,5): warning MSB8064: "D:\cybermed\daddy\dependency\sdk-VTK-9.4.2\build_msvc\CMakeFiles\fdeeef45baa0dc57bb14d14d8205cfcd\generate.stamp.rule" 항목에 대한 사용자 지정 빌드에 성공했지만 지정한 종속성 "d:\qt\6.9.0\msvc2022_64\lib\cmake\qt6qml\qmlplugins\qt6labsanimationpluginadditionaltargetinfo.cmake"이(가) 없습니다. 이 오류로 인해 증분 빌드가 제대로 작동하지 않을 수 있습니다.
C:\Program Files\Microsoft Visual Studio\2022\Community\MSBuild\Microsoft\VC\v170\Microsoft.CppCommon.targets(237,5): warning MSB8064: "D:\cybermed\daddy\dependency\sdk-VTK-9.4.2\build_msvc\CMakeFiles\fdeeef45baa0dc57bb14d14d8205cfcd\generate.stamp.rule" 항목에 대한 사용자 지정 빌드에 성공했지만 지정한 종속성 "d:\qt\6.9.0\msvc2022_64\lib\cmake\qt6qml\qmlplugins\qt6labsanimationpluginconfig.cmake"이(가) 없습니다. 이 오류로 인해 증분 빌드가 제대로 작동하지 않을 수 있습니다.
C:\Program Files\Microsoft Visual Studio\2022\Community\MSBuild\Microsoft\VC\v170\Microsoft.CppCommon.targets(237,5): warning MSB8064: "D:\cybermed\daddy\dependency\sdk-VTK-9.4.2\build_msvc\CMakeFiles\fdeeef45baa0dc57bb14d14d8205cfcd\generate.stamp.rule" 항목에 대한 사용자 지정 빌드에 성공했지만 지정한 종속성 "d:\qt\6.9.0\msvc2022_64\lib\cmake\qt6qml\qmlplugins\qt6labsanimationplugintargets-debug.cmake"이(가) 없습니다. 이 오류로 인해 증분 빌드가 제대로 작동하지 않을 수 있습니다.
C:\Program Files\Microsoft Visual Studio\2022\Community\MSBuild\Microsoft\VC\v170\Microsoft.CppCommon.targets(237,5): warning MSB8064: "D:\cybermed\daddy\dependency\sdk-VTK-9.4.2\build_msvc\CMakeFiles\fdeeef45baa0dc57bb14d14d8205cfcd\generate.stamp.rule" 항목에 대한 사용자 지정 빌드에 성공했지만 지정한 종속성 "d:\qt\6.9.0\msvc2022_64\lib\cmake\qt6qml\qmlplugins\qt6labsanimationplugintargets-relwithdebinfo.cmake"이(가) 없습니다. 이 오류로 인해 증분 빌드가 제대로 작동하지 않을 수 있습니다.
C:\Program Files\Microsoft Visual Studio\2022\Community\MSBuild\Microsoft\VC\v170\Microsoft.CppCommon.targets(237,5): warning MSB8064: "D:\cybermed\daddy\dependency\sdk-VTK-9.4.2\build_msvc\CMakeFiles\fdeeef45baa0dc57bb14d14d8205cfcd\generate.stamp.rule" 항목에 대한 사용자 지정 빌드에 성공했지만 지정한 종속성 "d:\qt\6.9.0\msvc2022_64\lib\cmake\qt6qml\qmlplugins\qt6labsanimationplugintargets.cmake"이(가) 없습니다. 이 오류로 인해 증분 빌드가 제대로 작동하지 않을 수 있습니다.
C:\Program Files\Microsoft Visual Studio\2022\Community\MSBuild\Microsoft\VC\v170\Microsoft.CppCommon.targets(237,5): warning MSB8064: "D:\cybermed\daddy\dependency\sdk-VTK-9.4.2\build_msvc\CMakeFiles\fdeeef45baa0dc57bb14d14d8205cfcd\generate.stamp.rule" 항목에 대한 사용자 지정 빌드에 성공했지만 지정한 종속성 "d:\qt\6.9.0\msvc2022_64\lib\cmake\qt6qml\qmlplugins\qt6labsmodelspluginadditionaltargetinfo.cmake"이(가) 없습니다. 이 오류로 인해 증분 빌드가 제대로 작동하지 않을 수 있습니다.
C:\Program Files\Microsoft Visual Studio\2022\Community\MSBuild\Microsoft\VC\v170\Microsoft.CppCommon.targets(237,5): warning MSB8064: "D:\cybermed\daddy\dependency\sdk-VTK-9.4.2\build_msvc\CMakeFiles\fdeeef45baa0dc57bb14d14d8205cfcd\generate.stamp.rule" 항목에 대한 사용자 지정 빌드에 성공했지만 지정한 종속성 "d:\qt\6.9.0\msvc2022_64\lib\cmake\qt6qml\qmlplugins\qt6labsmodelspluginconfig.cmake"이(가) 없습니다. 이 오류로 인해 증분 빌드가 제대로 작동하지 않을 수 있습니다.
C:\Program Files\Microsoft Visual Studio\2022\Community\MSBuild\Microsoft\VC\v170\Microsoft.CppCommon.targets(237,5): warning MSB8064: "D:\cybermed\daddy\dependency\sdk-VTK-9.4.2\build_msvc\CMakeFiles\fdeeef45baa0dc57bb14d14d8205cfcd\generate.stamp.rule" 항목에 대한 사용자 지정 빌드에 성공했지만 지정한 종속성 "d:\qt\6.9.0\msvc2022_64\lib\cmake\qt6qml\qmlplugins\qt6labsmodelsplugintargets-debug.cmake"이(가) 없습니다. 이 오류로 인해 증분 빌드가 제대로 작동하지 않을 수 있습니다.
C:\Program Files\Microsoft Visual Studio\2022\Community\MSBuild\Microsoft\VC\v170\Microsoft.CppCommon.targets(237,5): warning MSB8064: "D:\cybermed\daddy\dependency\sdk-VTK-9.4.2\build_msvc\CMakeFiles\fdeeef45baa0dc57bb14d14d8205cfcd\generate.stamp.rule" 항목에 대한 사용자 지정 빌드에 성공했지만 지정한 종속성 "d:\qt\6.9.0\msvc2022_64\lib\cmake\qt6qml\qmlplugins\qt6labsmodelsplugintargets-relwithdebinfo.cmake"이(가) 없습니다. 이 오류로 인해 증분 빌드가 제대로 작동하지 않을 수 있습니다.
C:\Program Files\Microsoft Visual Studio\2022\Community\MSBuild\Microsoft\VC\v170\Microsoft.CppCommon.targets(237,5): warning MSB8064: "D:\cybermed\daddy\dependency\sdk-VTK-9.4.2\build_msvc\CMakeFiles\fdeeef45baa0dc57bb14d14d8205cfcd\generate.stamp.rule" 항목에 대한 사용자 지정 빌드에 성공했지만 지정한 종속성 "d:\qt\6.9.0\msvc2022_64\lib\cmake\qt6qml\qmlplugins\qt6labsmodelsplugintargets.cmake"이(가) 없습니다. 이 오류로 인해 증분 빌드가 제대로 작동하지 않을 수 있습니다.
C:\Program Files\Microsoft Visual Studio\2022\Community\MSBuild\Microsoft\VC\v170\Microsoft.CppCommon.targets(237,5): warning MSB8064: "D:\cybermed\daddy\dependency\sdk-VTK-9.4.2\build_msvc\CMakeFiles\fdeeef45baa0dc57bb14d14d8205cfcd\generate.stamp.rule" 항목에 대한 사용자 지정 빌드에 성공했지만 지정한 종속성 "d:\qt\6.9.0\msvc2022_64\lib\cmake\qt6qml\qmlplugins\qt6modelspluginadditionaltargetinfo.cmake"이(가) 없습니다. 이 오류로 인해 증분 빌드가 제대로 작동하지 않을 수 있습니다.
C:\Program Files\Microsoft Visual Studio\2022\Community\MSBuild\Microsoft\VC\v170\Microsoft.CppCommon.targets(237,5): warning MSB8064: "D:\cybermed\daddy\dependency\sdk-VTK-9.4.2\build_msvc\CMakeFiles\fdeeef45baa0dc57bb14d14d8205cfcd\generate.stamp.rule" 항목에 대한 사용자 지정 빌드에 성공했지만 지정한 종속성 "d:\qt\6.9.0\msvc2022_64\lib\cmake\qt6qml\qmlplugins\qt6modelspluginconfig.cmake"이(가) 없습니다. 이 오류로 인해 증분 빌드가 제대로 작동하지 않을 수 있습니다.
C:\Program Files\Microsoft Visual Studio\2022\Community\MSBuild\Microsoft\VC\v170\Microsoft.CppCommon.targets(237,5): warning MSB8064: "D:\cybermed\daddy\dependency\sdk-VTK-9.4.2\build_msvc\CMakeFiles\fdeeef45baa0dc57bb14d14d8205cfcd\generate.stamp.rule" 항목에 대한 사용자 지정 빌드에 성공했지만 지정한 종속성 "d:\qt\6.9.0\msvc2022_64\lib\cmake\qt6qml\qmlplugins\qt6modelsplugintargets-debug.cmake"이(가) 없습니다. 이 오류로 인해 증분 빌드가 제대로 작동하지 않을 수 있습니다.
C:\Program Files\Microsoft Visual Studio\2022\Community\MSBuild\Microsoft\VC\v170\Microsoft.CppCommon.targets(237,5): warning MSB8064: "D:\cybermed\daddy\dependency\sdk-VTK-9.4.2\build_msvc\CMakeFiles\fdeeef45baa0dc57bb14d14d8205cfcd\generate.stamp.rule" 항목에 대한 사용자 지정 빌드에 성공했지만 지정한 종속성 "d:\qt\6.9.0\msvc2022_64\lib\cmake\qt6qml\qmlplugins\qt6modelsplugintargets-relwithdebinfo.cmake"이(가) 없습니다. 이 오류로 인해 증분 빌드가 제대로 작동하지 않을 수 있습니다.
C:\Program Files\Microsoft Visual Studio\2022\Community\MSBuild\Microsoft\VC\v170\Microsoft.CppCommon.targets(237,5): warning MSB8064: "D:\cybermed\daddy\dependency\sdk-VTK-9.4.2\build_msvc\CMakeFiles\fdeeef45baa0dc57bb14d14d8205cfcd\generate.stamp.rule" 항목에 대한 사용자 지정 빌드에 성공했지만 지정한 종속성 "d:\qt\6.9.0\msvc2022_64\lib\cmake\qt6qml\qmlplugins\qt6modelsplugintargets.cmake"이(가) 없습니다. 이 오류로 인해 증분 빌드가 제대로 작동하지 않을 수 있습니다.
C:\Program Files\Microsoft Visual Studio\2022\Community\MSBuild\Microsoft\VC\v170\Microsoft.CppCommon.targets(237,5): warning MSB8064: "D:\cybermed\daddy\dependency\sdk-VTK-9.4.2\build_msvc\CMakeFiles\fdeeef45baa0dc57bb14d14d8205cfcd\generate.stamp.rule" 항목에 대한 사용자 지정 빌드에 성공했지만 지정한 종속성 "d:\qt\6.9.0\msvc2022_64\lib\cmake\qt6qml\qmlplugins\qt6particlespluginadditionaltargetinfo.cmake"이(가) 없습니다. 이 오류로 인해 증분 빌드가 제대로 작동하지 않을 수 있습니다.
C:\Program Files\Microsoft Visual Studio\2022\Community\MSBuild\Microsoft\VC\v170\Microsoft.CppCommon.targets(237,5): warning MSB8064: "D:\cybermed\daddy\dependency\sdk-VTK-9.4.2\build_msvc\CMakeFiles\fdeeef45baa0dc57bb14d14d8205cfcd\generate.stamp.rule" 항목에 대한 사용자 지정 빌드에 성공했지만 지정한 종속성 "d:\qt\6.9.0\msvc2022_64\lib\cmake\qt6qml\qmlplugins\qt6particlespluginconfig.cmake"이(가) 없습니다. 이 오류로 인해 증분 빌드가 제대로 작동하지 않을 수 있습니다.
C:\Program Files\Microsoft Visual Studio\2022\Community\MSBuild\Microsoft\VC\v170\Microsoft.CppCommon.targets(237,5): warning MSB8064: "D:\cybermed\daddy\dependency\sdk-VTK-9.4.2\build_msvc\CMakeFiles\fdeeef45baa0dc57bb14d14d8205cfcd\generate.stamp.rule" 항목에 대한 사용자 지정 빌드에 성공했지만 지정한 종속성 "d:\qt\6.9.0\msvc2022_64\lib\cmake\qt6qml\qmlplugins\qt6particlesplugintargets-debug.cmake"이(가) 없습니다. 이 오류로 인해 증분 빌드가 제대로 작동하지 않을 수 있습니다.
C:\Program Files\Microsoft Visual Studio\2022\Community\MSBuild\Microsoft\VC\v170\Microsoft.CppCommon.targets(237,5): warning MSB8064: "D:\cybermed\daddy\dependency\sdk-VTK-9.4.2\build_msvc\CMakeFiles\fdeeef45baa0dc57bb14d14d8205cfcd\generate.stamp.rule" 항목에 대한 사용자 지정 빌드에 성공했지만 지정한 종속성 "d:\qt\6.9.0\msvc2022_64\lib\cmake\qt6qml\qmlplugins\qt6particlesplugintargets-relwithdebinfo.cmake"이(가) 없습니다. 이 오류로 인해 증분 빌드가 제대로 작동하지 않을 수 있습니다.
C:\Program Files\Microsoft Visual Studio\2022\Community\MSBuild\Microsoft\VC\v170\Microsoft.CppCommon.targets(237,5): warning MSB8064: "D:\cybermed\daddy\dependency\sdk-VTK-9.4.2\build_msvc\CMakeFiles\fdeeef45baa0dc57bb14d14d8205cfcd\generate.stamp.rule" 항목에 대한 사용자 지정 빌드에 성공했지만 지정한 종속성 "d:\qt\6.9.0\msvc2022_64\lib\cmake\qt6qml\qmlplugins\qt6particlesplugintargets.cmake"이(가) 없습니다. 이 오류로 인해 증분 빌드가 제대로 작동하지 않을 수 있습니다.
C:\Program Files\Microsoft Visual Studio\2022\Community\MSBuild\Microsoft\VC\v170\Microsoft.CppCommon.targets(237,5): warning MSB8064: "D:\cybermed\daddy\dependency\sdk-VTK-9.4.2\build_msvc\CMakeFiles\fdeeef45baa0dc57bb14d14d8205cfcd\generate.stamp.rule" 항목에 대한 사용자 지정 빌드에 성공했지만 지정한 종속성 "d:\qt\6.9.0\msvc2022_64\lib\cmake\qt6qml\qmlplugins\qt6positioningquickpluginadditionaltargetinfo.cmake"이(가) 없습니다. 이 오류로 인해 증분 빌드가 제대로 작동하지 않을 수 있습니다.
C:\Program Files\Microsoft Visual Studio\2022\Community\MSBuild\Microsoft\VC\v170\Microsoft.CppCommon.targets(237,5): warning MSB8064: "D:\cybermed\daddy\dependency\sdk-VTK-9.4.2\build_msvc\CMakeFiles\fdeeef45baa0dc57bb14d14d8205cfcd\generate.stamp.rule" 항목에 대한 사용자 지정 빌드에 성공했지만 지정한 종속성 "d:\qt\6.9.0\msvc2022_64\lib\cmake\qt6qml\qmlplugins\qt6positioningquickpluginconfig.cmake"이(가) 없습니다. 이 오류로 인해 증분 빌드가 제대로 작동하지 않을 수 있습니다.
C:\Program Files\Microsoft Visual Studio\2022\Community\MSBuild\Microsoft\VC\v170\Microsoft.CppCommon.targets(237,5): warning MSB8064: "D:\cybermed\daddy\dependency\sdk-VTK-9.4.2\build_msvc\CMakeFiles\fdeeef45baa0dc57bb14d14d8205cfcd\generate.stamp.rule" 항목에 대한 사용자 지정 빌드에 성공했지만 지정한 종속성 "d:\qt\6.9.0\msvc2022_64\lib\cmake\qt6qml\qmlplugins\qt6positioningquickplugintargets-debug.cmake"이(가) 없습니다. 이 오류로 인해 증분 빌드가 제대로 작동하지 않을 수 있습니다.
C:\Program Files\Microsoft Visual Studio\2022\Community\MSBuild\Microsoft\VC\v170\Microsoft.CppCommon.targets(237,5): warning MSB8064: "D:\cybermed\daddy\dependency\sdk-VTK-9.4.2\build_msvc\CMakeFiles\fdeeef45baa0dc57bb14d14d8205cfcd\generate.stamp.rule" 항목에 대한 사용자 지정 빌드에 성공했지만 지정한 종속성 "d:\qt\6.9.0\msvc2022_64\lib\cmake\qt6qml\qmlplugins\qt6positioningquickplugintargets-relwithdebinfo.cmake"이(가) 없습니다. 이 오류로 인해 증분 빌드가 제대로 작동하지 않을 수 있습니다.
C:\Program Files\Microsoft Visual Studio\2022\Community\MSBuild\Microsoft\VC\v170\Microsoft.CppCommon.targets(237,5): warning MSB8064: "D:\cybermed\daddy\dependency\sdk-VTK-9.4.2\build_msvc\CMakeFiles\fdeeef45baa0dc57bb14d14d8205cfcd\generate.stamp.rule" 항목에 대한 사용자 지정 빌드에 성공했지만 지정한 종속성 "d:\qt\6.9.0\msvc2022_64\lib\cmake\qt6qml\qmlplugins\qt6positioningquickplugintargets.cmake"이(가) 없습니다. 이 오류로 인해 증분 빌드가 제대로 작동하지 않을 수 있습니다.
C:\Program Files\Microsoft Visual Studio\2022\Community\MSBuild\Microsoft\VC\v170\Microsoft.CppCommon.targets(237,5): warning MSB8064: "D:\cybermed\daddy\dependency\sdk-VTK-9.4.2\build_msvc\CMakeFiles\fdeeef45baa0dc57bb14d14d8205cfcd\generate.stamp.rule" 항목에 대한 사용자 지정 빌드에 성공했지만 지정한 종속성 "d:\qt\6.9.0\msvc2022_64\lib\cmake\qt6qml\qmlplugins\qt6qmlfolderlistmodelpluginadditionaltargetinfo.cmake"이(가) 없습니다. 이 오류로 인해 증분 빌드가 제대로 작동하지 않을 수 있습니다.
C:\Program Files\Microsoft Visual Studio\2022\Community\MSBuild\Microsoft\VC\v170\Microsoft.CppCommon.targets(237,5): warning MSB8064: "D:\cybermed\daddy\dependency\sdk-VTK-9.4.2\build_msvc\CMakeFiles\fdeeef45baa0dc57bb14d14d8205cfcd\generate.stamp.rule" 항목에 대한 사용자 지정 빌드에 성공했지만 지정한 종속성 "d:\qt\6.9.0\msvc2022_64\lib\cmake\qt6qml\qmlplugins\qt6qmlfolderlistmodelpluginconfig.cmake"이(가) 없습니다. 이 오류로 인해 증분 빌드가 제대로 작동하지 않을 수 있습니다.
C:\Program Files\Microsoft Visual Studio\2022\Community\MSBuild\Microsoft\VC\v170\Microsoft.CppCommon.targets(237,5): warning MSB8064: "D:\cybermed\daddy\dependency\sdk-VTK-9.4.2\build_msvc\CMakeFiles\fdeeef45baa0dc57bb14d14d8205cfcd\generate.stamp.rule" 항목에 대한 사용자 지정 빌드에 성공했지만 지정한 종속성 "d:\qt\6.9.0\msvc2022_64\lib\cmake\qt6qml\qmlplugins\qt6qmlfolderlistmodelplugintargets-debug.cmake"이(가) 없습니다. 이 오류로 인해 증분 빌드가 제대로 작동하지 않을 수 있습니다.
C:\Program Files\Microsoft Visual Studio\2022\Community\MSBuild\Microsoft\VC\v170\Microsoft.CppCommon.targets(237,5): warning MSB8064: "D:\cybermed\daddy\dependency\sdk-VTK-9.4.2\build_msvc\CMakeFiles\fdeeef45baa0dc57bb14d14d8205cfcd\generate.stamp.rule" 항목에 대한 사용자 지정 빌드에 성공했지만 지정한 종속성 "d:\qt\6.9.0\msvc2022_64\lib\cmake\qt6qml\qmlplugins\qt6qmlfolderlistmodelplugintargets-relwithdebinfo.cmake"이(가) 없습니다. 이 오류로 인해 증분 빌드가 제대로 작동하지 않을 수 있습니다.
C:\Program Files\Microsoft Visual Studio\2022\Community\MSBuild\Microsoft\VC\v170\Microsoft.CppCommon.targets(237,5): warning MSB8064: "D:\cybermed\daddy\dependency\sdk-VTK-9.4.2\build_msvc\CMakeFiles\fdeeef45baa0dc57bb14d14d8205cfcd\generate.stamp.rule" 항목에 대한 사용자 지정 빌드에 성공했지만 지정한 종속성 "d:\qt\6.9.0\msvc2022_64\lib\cmake\qt6qml\qmlplugins\qt6qmlfolderlistmodelplugintargets.cmake"이(가) 없습니다. 이 오류로 인해 증분 빌드가 제대로 작동하지 않을 수 있습니다.
C:\Program Files\Microsoft Visual Studio\2022\Community\MSBuild\Microsoft\VC\v170\Microsoft.CppCommon.targets(237,5): warning MSB8064: "D:\cybermed\daddy\dependency\sdk-VTK-9.4.2\build_msvc\CMakeFiles\fdeeef45baa0dc57bb14d14d8205cfcd\generate.stamp.rule" 항목에 대한 사용자 지정 빌드에 성공했지만 지정한 종속성 "d:\qt\6.9.0\msvc2022_64\lib\cmake\qt6qml\qmlplugins\qt6qmllocalstoragepluginadditionaltargetinfo.cmake"이(가) 없습니다. 이 오류로 인해 증분 빌드가 제대로 작동하지 않을 수 있습니다.
C:\Program Files\Microsoft Visual Studio\2022\Community\MSBuild\Microsoft\VC\v170\Microsoft.CppCommon.targets(237,5): warning MSB8064: "D:\cybermed\daddy\dependency\sdk-VTK-9.4.2\build_msvc\CMakeFiles\fdeeef45baa0dc57bb14d14d8205cfcd\generate.stamp.rule" 항목에 대한 사용자 지정 빌드에 성공했지만 지정한 종속성 "d:\qt\6.9.0\msvc2022_64\lib\cmake\qt6qml\qmlplugins\qt6qmllocalstoragepluginconfig.cmake"이(가) 없습니다. 이 오류로 인해 증분 빌드가 제대로 작동하지 않을 수 있습니다.
C:\Program Files\Microsoft Visual Studio\2022\Community\MSBuild\Microsoft\VC\v170\Microsoft.CppCommon.targets(237,5): warning MSB8064: "D:\cybermed\daddy\dependency\sdk-VTK-9.4.2\build_msvc\CMakeFiles\fdeeef45baa0dc57bb14d14d8205cfcd\generate.stamp.rule" 항목에 대한 사용자 지정 빌드에 성공했지만 지정한 종속성 "d:\qt\6.9.0\msvc2022_64\lib\cmake\qt6qml\qmlplugins\qt6qmllocalstorageplugintargets-debug.cmake"이(가) 없습니다. 이 오류로 인해 증분 빌드가 제대로 작동하지 않을 수 있습니다.
C:\Program Files\Microsoft Visual Studio\2022\Community\MSBuild\Microsoft\VC\v170\Microsoft.CppCommon.targets(237,5): warning MSB8064: "D:\cybermed\daddy\dependency\sdk-VTK-9.4.2\build_msvc\CMakeFiles\fdeeef45baa0dc57bb14d14d8205cfcd\generate.stamp.rule" 항목에 대한 사용자 지정 빌드에 성공했지만 지정한 종속성 "d:\qt\6.9.0\msvc2022_64\lib\cmake\qt6qml\qmlplugins\qt6qmllocalstorageplugintargets-relwithdebinfo.cmake"이(가) 없습니다. 이 오류로 인해 증분 빌드가 제대로 작동하지 않을 수 있습니다.
C:\Program Files\Microsoft Visual Studio\2022\Community\MSBuild\Microsoft\VC\v170\Microsoft.CppCommon.targets(237,5): warning MSB8064: "D:\cybermed\daddy\dependency\sdk-VTK-9.4.2\build_msvc\CMakeFiles\fdeeef45baa0dc57bb14d14d8205cfcd\generate.stamp.rule" 항목에 대한 사용자 지정 빌드에 성공했지만 지정한 종속성 "d:\qt\6.9.0\msvc2022_64\lib\cmake\qt6qml\qmlplugins\qt6qmllocalstorageplugintargets.cmake"이(가) 없습니다. 이 오류로 인해 증분 빌드가 제대로 작동하지 않을 수 있습니다.
C:\Program Files\Microsoft Visual Studio\2022\Community\MSBuild\Microsoft\VC\v170\Microsoft.CppCommon.targets(237,5): warning MSB8064: "D:\cybermed\daddy\dependency\sdk-VTK-9.4.2\build_msvc\CMakeFiles\fdeeef45baa0dc57bb14d14d8205cfcd\generate.stamp.rule" 항목에 대한 사용자 지정 빌드에 성공했지만 지정한 종속성 "d:\qt\6.9.0\msvc2022_64\lib\cmake\qt6qml\qmlplugins\qt6qmlpluginadditionaltargetinfo.cmake"이(가) 없습니다. 이 오류로 인해 증분 빌드가 제대로 작동하지 않을 수 있습니다.
C:\Program Files\Microsoft Visual Studio\2022\Community\MSBuild\Microsoft\VC\v170\Microsoft.CppCommon.targets(237,5): warning MSB8064: "D:\cybermed\daddy\dependency\sdk-VTK-9.4.2\build_msvc\CMakeFiles\fdeeef45baa0dc57bb14d14d8205cfcd\generate.stamp.rule" 항목에 대한 사용자 지정 빌드에 성공했지만 지정한 종속성 "d:\qt\6.9.0\msvc2022_64\lib\cmake\qt6qml\qmlplugins\qt6qmlpluginconfig.cmake"이(가) 없습니다. 이 오류로 인해 증분 빌드가 제대로 작동하지 않을 수 있습니다.
C:\Program Files\Microsoft Visual Studio\2022\Community\MSBuild\Microsoft\VC\v170\Microsoft.CppCommon.targets(237,5): warning MSB8064: "D:\cybermed\daddy\dependency\sdk-VTK-9.4.2\build_msvc\CMakeFiles\fdeeef45baa0dc57bb14d14d8205cfcd\generate.stamp.rule" 항목에 대한 사용자 지정 빌드에 성공했지만 지정한 종속성 "d:\qt\6.9.0\msvc2022_64\lib\cmake\qt6qml\qmlplugins\qt6qmlplugintargets-debug.cmake"이(가) 없습니다. 이 오류로 인해 증분 빌드가 제대로 작동하지 않을 수 있습니다.
C:\Program Files\Microsoft Visual Studio\2022\Community\MSBuild\Microsoft\VC\v170\Microsoft.CppCommon.targets(237,5): warning MSB8064: "D:\cybermed\daddy\dependency\sdk-VTK-9.4.2\build_msvc\CMakeFiles\fdeeef45baa0dc57bb14d14d8205cfcd\generate.stamp.rule" 항목에 대한 사용자 지정 빌드에 성공했지만 지정한 종속성 "d:\qt\6.9.0\msvc2022_64\lib\cmake\qt6qml\qmlplugins\qt6qmlplugintargets-relwithdebinfo.cmake"이(가) 없습니다. 이 오류로 인해 증분 빌드가 제대로 작동하지 않을 수 있습니다.
C:\Program Files\Microsoft Visual Studio\2022\Community\MSBuild\Microsoft\VC\v170\Microsoft.CppCommon.targets(237,5): warning MSB8064: "D:\cybermed\daddy\dependency\sdk-VTK-9.4.2\build_msvc\CMakeFiles\fdeeef45baa0dc57bb14d14d8205cfcd\generate.stamp.rule" 항목에 대한 사용자 지정 빌드에 성공했지만 지정한 종속성 "d:\qt\6.9.0\msvc2022_64\lib\cmake\qt6qml\qmlplugins\qt6qmlplugintargets.cmake"이(가) 없습니다. 이 오류로 인해 증분 빌드가 제대로 작동하지 않을 수 있습니다.
C:\Program Files\Microsoft Visual Studio\2022\Community\MSBuild\Microsoft\VC\v170\Microsoft.CppCommon.targets(237,5): warning MSB8064: "D:\cybermed\daddy\dependency\sdk-VTK-9.4.2\build_msvc\CMakeFiles\fdeeef45baa0dc57bb14d14d8205cfcd\generate.stamp.rule" 항목에 대한 사용자 지정 빌드에 성공했지만 지정한 종속성 "d:\qt\6.9.0\msvc2022_64\lib\cmake\qt6qml\qmlplugins\qt6qmlsettingspluginadditionaltargetinfo.cmake"이(가) 없습니다. 이 오류로 인해 증분 빌드가 제대로 작동하지 않을 수 있습니다.
C:\Program Files\Microsoft Visual Studio\2022\Community\MSBuild\Microsoft\VC\v170\Microsoft.CppCommon.targets(237,5): warning MSB8064: "D:\cybermed\daddy\dependency\sdk-VTK-9.4.2\build_msvc\CMakeFiles\fdeeef45baa0dc57bb14d14d8205cfcd\generate.stamp.rule" 항목에 대한 사용자 지정 빌드에 성공했지만 지정한 종속성 "d:\qt\6.9.0\msvc2022_64\lib\cmake\qt6qml\qmlplugins\qt6qmlsettingspluginconfig.cmake"이(가) 없습니다. 이 오류로 인해 증분 빌드가 제대로 작동하지 않을 수 있습니다.
C:\Program Files\Microsoft Visual Studio\2022\Community\MSBuild\Microsoft\VC\v170\Microsoft.CppCommon.targets(237,5): warning MSB8064: "D:\cybermed\daddy\dependency\sdk-VTK-9.4.2\build_msvc\CMakeFiles\fdeeef45baa0dc57bb14d14d8205cfcd\generate.stamp.rule" 항목에 대한 사용자 지정 빌드에 성공했지만 지정한 종속성 "d:\qt\6.9.0\msvc2022_64\lib\cmake\qt6qml\qmlplugins\qt6qmlsettingsplugintargets-debug.cmake"이(가) 없습니다. 이 오류로 인해 증분 빌드가 제대로 작동하지 않을 수 있습니다.
C:\Program Files\Microsoft Visual Studio\2022\Community\MSBuild\Microsoft\VC\v170\Microsoft.CppCommon.targets(237,5): warning MSB8064: "D:\cybermed\daddy\dependency\sdk-VTK-9.4.2\build_msvc\CMakeFiles\fdeeef45baa0dc57bb14d14d8205cfcd\generate.stamp.rule" 항목에 대한 사용자 지정 빌드에 성공했지만 지정한 종속성 "d:\qt\6.9.0\msvc2022_64\lib\cmake\qt6qml\qmlplugins\qt6qmlsettingsplugintargets-relwithdebinfo.cmake"이(가) 없습니다. 이 오류로 인해 증분 빌드가 제대로 작동하지 않을 수 있습니다.
C:\Program Files\Microsoft Visual Studio\2022\Community\MSBuild\Microsoft\VC\v170\Microsoft.CppCommon.targets(237,5): warning MSB8064: "D:\cybermed\daddy\dependency\sdk-VTK-9.4.2\build_msvc\CMakeFiles\fdeeef45baa0dc57bb14d14d8205cfcd\generate.stamp.rule" 항목에 대한 사용자 지정 빌드에 성공했지만 지정한 종속성 "d:\qt\6.9.0\msvc2022_64\lib\cmake\qt6qml\qmlplugins\qt6qmlsettingsplugintargets.cmake"이(가) 없습니다. 이 오류로 인해 증분 빌드가 제대로 작동하지 않을 수 있습니다.
C:\Program Files\Microsoft Visual Studio\2022\Community\MSBuild\Microsoft\VC\v170\Microsoft.CppCommon.targets(237,5): warning MSB8064: "D:\cybermed\daddy\dependency\sdk-VTK-9.4.2\build_msvc\CMakeFiles\fdeeef45baa0dc57bb14d14d8205cfcd\generate.stamp.rule" 항목에 대한 사용자 지정 빌드에 성공했지만 지정한 종속성 "d:\qt\6.9.0\msvc2022_64\lib\cmake\qt6qml\qmlplugins\qt6qmlshapespluginadditionaltargetinfo.cmake"이(가) 없습니다. 이 오류로 인해 증분 빌드가 제대로 작동하지 않을 수 있습니다.
C:\Program Files\Microsoft Visual Studio\2022\Community\MSBuild\Microsoft\VC\v170\Microsoft.CppCommon.targets(237,5): warning MSB8064: "D:\cybermed\daddy\dependency\sdk-VTK-9.4.2\build_msvc\CMakeFiles\fdeeef45baa0dc57bb14d14d8205cfcd\generate.stamp.rule" 항목에 대한 사용자 지정 빌드에 성공했지만 지정한 종속성 "d:\qt\6.9.0\msvc2022_64\lib\cmake\qt6qml\qmlplugins\qt6qmlshapespluginconfig.cmake"이(가) 없습니다. 이 오류로 인해 증분 빌드가 제대로 작동하지 않을 수 있습니다.
C:\Program Files\Microsoft Visual Studio\2022\Community\MSBuild\Microsoft\VC\v170\Microsoft.CppCommon.targets(237,5): warning MSB8064: "D:\cybermed\daddy\dependency\sdk-VTK-9.4.2\build_msvc\CMakeFiles\fdeeef45baa0dc57bb14d14d8205cfcd\generate.stamp.rule" 항목에 대한 사용자 지정 빌드에 성공했지만 지정한 종속성 "d:\qt\6.9.0\msvc2022_64\lib\cmake\qt6qml\qmlplugins\qt6qmlshapesplugintargets-debug.cmake"이(가) 없습니다. 이 오류로 인해 증분 빌드가 제대로 작동하지 않을 수 있습니다.
C:\Program Files\Microsoft Visual Studio\2022\Community\MSBuild\Microsoft\VC\v170\Microsoft.CppCommon.targets(237,5): warning MSB8064: "D:\cybermed\daddy\dependency\sdk-VTK-9.4.2\build_msvc\CMakeFiles\fdeeef45baa0dc57bb14d14d8205cfcd\generate.stamp.rule" 항목에 대한 사용자 지정 빌드에 성공했지만 지정한 종속성 "d:\qt\6.9.0\msvc2022_64\lib\cmake\qt6qml\qmlplugins\qt6qmlshapesplugintargets-relwithdebinfo.cmake"이(가) 없습니다. 이 오류로 인해 증분 빌드가 제대로 작동하지 않을 수 있습니다.
C:\Program Files\Microsoft Visual Studio\2022\Community\MSBuild\Microsoft\VC\v170\Microsoft.CppCommon.targets(237,5): warning MSB8064: "D:\cybermed\daddy\dependency\sdk-VTK-9.4.2\build_msvc\CMakeFiles\fdeeef45baa0dc57bb14d14d8205cfcd\generate.stamp.rule" 항목에 대한 사용자 지정 빌드에 성공했지만 지정한 종속성 "d:\qt\6.9.0\msvc2022_64\lib\cmake\qt6qml\qmlplugins\qt6qmlshapesplugintargets.cmake"이(가) 없습니다. 이 오류로 인해 증분 빌드가 제대로 작동하지 않을 수 있습니다.
C:\Program Files\Microsoft Visual Studio\2022\Community\MSBuild\Microsoft\VC\v170\Microsoft.CppCommon.targets(237,5): warning MSB8064: "D:\cybermed\daddy\dependency\sdk-VTK-9.4.2\build_msvc\CMakeFiles\fdeeef45baa0dc57bb14d14d8205cfcd\generate.stamp.rule" 항목에 대한 사용자 지정 빌드에 성공했지만 지정한 종속성 "d:\qt\6.9.0\msvc2022_64\lib\cmake\qt6qml\qmlplugins\qt6qmlwavefrontmeshpluginadditionaltargetinfo.cmake"이(가) 없습니다. 이 오류로 인해 증분 빌드가 제대로 작동하지 않을 수 있습니다.
C:\Program Files\Microsoft Visual Studio\2022\Community\MSBuild\Microsoft\VC\v170\Microsoft.CppCommon.targets(237,5): warning MSB8064: "D:\cybermed\daddy\dependency\sdk-VTK-9.4.2\build_msvc\CMakeFiles\fdeeef45baa0dc57bb14d14d8205cfcd\generate.stamp.rule" 항목에 대한 사용자 지정 빌드에 성공했지만 지정한 종속성 "d:\qt\6.9.0\msvc2022_64\lib\cmake\qt6qml\qmlplugins\qt6qmlwavefrontmeshpluginconfig.cmake"이(가) 없습니다. 이 오류로 인해 증분 빌드가 제대로 작동하지 않을 수 있습니다.
C:\Program Files\Microsoft Visual Studio\2022\Community\MSBuild\Microsoft\VC\v170\Microsoft.CppCommon.targets(237,5): warning MSB8064: "D:\cybermed\daddy\dependency\sdk-VTK-9.4.2\build_msvc\CMakeFiles\fdeeef45baa0dc57bb14d14d8205cfcd\generate.stamp.rule" 항목에 대한 사용자 지정 빌드에 성공했지만 지정한 종속성 "d:\qt\6.9.0\msvc2022_64\lib\cmake\qt6qml\qmlplugins\qt6qmlwavefrontmeshplugintargets-debug.cmake"이(가) 없습니다. 이 오류로 인해 증분 빌드가 제대로 작동하지 않을 수 있습니다.
C:\Program Files\Microsoft Visual Studio\2022\Community\MSBuild\Microsoft\VC\v170\Microsoft.CppCommon.targets(237,5): warning MSB8064: "D:\cybermed\daddy\dependency\sdk-VTK-9.4.2\build_msvc\CMakeFiles\fdeeef45baa0dc57bb14d14d8205cfcd\generate.stamp.rule" 항목에 대한 사용자 지정 빌드에 성공했지만 지정한 종속성 "d:\qt\6.9.0\msvc2022_64\lib\cmake\qt6qml\qmlplugins\qt6qmlwavefrontmeshplugintargets-relwithdebinfo.cmake"이(가) 없습니다. 이 오류로 인해 증분 빌드가 제대로 작동하지 않을 수 있습니다.
C:\Program Files\Microsoft Visual Studio\2022\Community\MSBuild\Microsoft\VC\v170\Microsoft.CppCommon.targets(237,5): warning MSB8064: "D:\cybermed\daddy\dependency\sdk-VTK-9.4.2\build_msvc\CMakeFiles\fdeeef45baa0dc57bb14d14d8205cfcd\generate.stamp.rule" 항목에 대한 사용자 지정 빌드에 성공했지만 지정한 종속성 "d:\qt\6.9.0\msvc2022_64\lib\cmake\qt6qml\qmlplugins\qt6qmlwavefrontmeshplugintargets.cmake"이(가) 없습니다. 이 오류로 인해 증분 빌드가 제대로 작동하지 않을 수 있습니다.
C:\Program Files\Microsoft Visual Studio\2022\Community\MSBuild\Microsoft\VC\v170\Microsoft.CppCommon.targets(237,5): warning MSB8064: "D:\cybermed\daddy\dependency\sdk-VTK-9.4.2\build_msvc\CMakeFiles\fdeeef45baa0dc57bb14d14d8205cfcd\generate.stamp.rule" 항목에 대한 사용자 지정 빌드에 성공했지만 지정한 종속성 "d:\qt\6.9.0\msvc2022_64\lib\cmake\qt6qml\qmlplugins\qt6qmlwebsocketsadditionaltargetinfo.cmake"이(가) 없습니다. 이 오류로 인해 증분 빌드가 제대로 작동하지 않을 수 있습니다.
C:\Program Files\Microsoft Visual Studio\2022\Community\MSBuild\Microsoft\VC\v170\Microsoft.CppCommon.targets(237,5): warning MSB8064: "D:\cybermed\daddy\dependency\sdk-VTK-9.4.2\build_msvc\CMakeFiles\fdeeef45baa0dc57bb14d14d8205cfcd\generate.stamp.rule" 항목에 대한 사용자 지정 빌드에 성공했지만 지정한 종속성 "d:\qt\6.9.0\msvc2022_64\lib\cmake\qt6qml\qmlplugins\qt6qmlwebsocketsconfig.cmake"이(가) 없습니다. 이 오류로 인해 증분 빌드가 제대로 작동하지 않을 수 있습니다.
C:\Program Files\Microsoft Visual Studio\2022\Community\MSBuild\Microsoft\VC\v170\Microsoft.CppCommon.targets(237,5): warning MSB8064: "D:\cybermed\daddy\dependency\sdk-VTK-9.4.2\build_msvc\CMakeFiles\fdeeef45baa0dc57bb14d14d8205cfcd\generate.stamp.rule" 항목에 대한 사용자 지정 빌드에 성공했지만 지정한 종속성 "d:\qt\6.9.0\msvc2022_64\lib\cmake\qt6qml\qmlplugins\qt6qmlwebsocketstargets-debug.cmake"이(가) 없습니다. 이 오류로 인해 증분 빌드가 제대로 작동하지 않을 수 있습니다.
C:\Program Files\Microsoft Visual Studio\2022\Community\MSBuild\Microsoft\VC\v170\Microsoft.CppCommon.targets(237,5): warning MSB8064: "D:\cybermed\daddy\dependency\sdk-VTK-9.4.2\build_msvc\CMakeFiles\fdeeef45baa0dc57bb14d14d8205cfcd\generate.stamp.rule" 항목에 대한 사용자 지정 빌드에 성공했지만 지정한 종속성 "d:\qt\6.9.0\msvc2022_64\lib\cmake\qt6qml\qmlplugins\qt6qmlwebsocketstargets-relwithdebinfo.cmake"이(가) 없습니다. 이 오류로 인해 증분 빌드가 제대로 작동하지 않을 수 있습니다.
C:\Program Files\Microsoft Visual Studio\2022\Community\MSBuild\Microsoft\VC\v170\Microsoft.CppCommon.targets(237,5): warning MSB8064: "D:\cybermed\daddy\dependency\sdk-VTK-9.4.2\build_msvc\CMakeFiles\fdeeef45baa0dc57bb14d14d8205cfcd\generate.stamp.rule" 항목에 대한 사용자 지정 빌드에 성공했지만 지정한 종속성 "d:\qt\6.9.0\msvc2022_64\lib\cmake\qt6qml\qmlplugins\qt6qmlwebsocketstargets.cmake"이(가) 없습니다. 이 오류로 인해 증분 빌드가 제대로 작동하지 않을 수 있습니다.
C:\Program Files\Microsoft Visual Studio\2022\Community\MSBuild\Microsoft\VC\v170\Microsoft.CppCommon.targets(237,5): warning MSB8064: "D:\cybermed\daddy\dependency\sdk-VTK-9.4.2\build_msvc\CMakeFiles\fdeeef45baa0dc57bb14d14d8205cfcd\generate.stamp.rule" 항목에 대한 사용자 지정 빌드에 성공했지만 지정한 종속성 "d:\qt\6.9.0\msvc2022_64\lib\cmake\qt6qml\qmlplugins\qt6qmlxmllistmodelpluginadditionaltargetinfo.cmake"이(가) 없습니다. 이 오류로 인해 증분 빌드가 제대로 작동하지 않을 수 있습니다.
C:\Program Files\Microsoft Visual Studio\2022\Community\MSBuild\Microsoft\VC\v170\Microsoft.CppCommon.targets(237,5): warning MSB8064: "D:\cybermed\daddy\dependency\sdk-VTK-9.4.2\build_msvc\CMakeFiles\fdeeef45baa0dc57bb14d14d8205cfcd\generate.stamp.rule" 항목에 대한 사용자 지정 빌드에 성공했지만 지정한 종속성 "d:\qt\6.9.0\msvc2022_64\lib\cmake\qt6qml\qmlplugins\qt6qmlxmllistmodelpluginconfig.cmake"이(가) 없습니다. 이 오류로 인해 증분 빌드가 제대로 작동하지 않을 수 있습니다.
C:\Program Files\Microsoft Visual Studio\2022\Community\MSBuild\Microsoft\VC\v170\Microsoft.CppCommon.targets(237,5): warning MSB8064: "D:\cybermed\daddy\dependency\sdk-VTK-9.4.2\build_msvc\CMakeFiles\fdeeef45baa0dc57bb14d14d8205cfcd\generate.stamp.rule" 항목에 대한 사용자 지정 빌드에 성공했지만 지정한 종속성 "d:\qt\6.9.0\msvc2022_64\lib\cmake\qt6qml\qmlplugins\qt6qmlxmllistmodelplugintargets-debug.cmake"이(가) 없습니다. 이 오류로 인해 증분 빌드가 제대로 작동하지 않을 수 있습니다.
C:\Program Files\Microsoft Visual Studio\2022\Community\MSBuild\Microsoft\VC\v170\Microsoft.CppCommon.targets(237,5): warning MSB8064: "D:\cybermed\daddy\dependency\sdk-VTK-9.4.2\build_msvc\CMakeFiles\fdeeef45baa0dc57bb14d14d8205cfcd\generate.stamp.rule" 항목에 대한 사용자 지정 빌드에 성공했지만 지정한 종속성 "d:\qt\6.9.0\msvc2022_64\lib\cmake\qt6qml\qmlplugins\qt6qmlxmllistmodelplugintargets-relwithdebinfo.cmake"이(가) 없습니다. 이 오류로 인해 증분 빌드가 제대로 작동하지 않을 수 있습니다.
C:\Program Files\Microsoft Visual Studio\2022\Community\MSBuild\Microsoft\VC\v170\Microsoft.CppCommon.targets(237,5): warning MSB8064: "D:\cybermed\daddy\dependency\sdk-VTK-9.4.2\build_msvc\CMakeFiles\fdeeef45baa0dc57bb14d14d8205cfcd\generate.stamp.rule" 항목에 대한 사용자 지정 빌드에 성공했지만 지정한 종속성 "d:\qt\6.9.0\msvc2022_64\lib\cmake\qt6qml\qmlplugins\qt6qmlxmllistmodelplugintargets.cmake"이(가) 없습니다. 이 오류로 인해 증분 빌드가 제대로 작동하지 않을 수 있습니다.
C:\Program Files\Microsoft Visual Studio\2022\Community\MSBuild\Microsoft\VC\v170\Microsoft.CppCommon.targets(237,5): warning MSB8064: "D:\cybermed\daddy\dependency\sdk-VTK-9.4.2\build_msvc\CMakeFiles\fdeeef45baa0dc57bb14d14d8205cfcd\generate.stamp.rule" 항목에 대한 사용자 지정 빌드에 성공했지만 지정한 종속성 "d:\qt\6.9.0\msvc2022_64\lib\cmake\qt6qml\qmlplugins\qt6qquicklayoutspluginadditionaltargetinfo.cmake"이(가) 없습니다. 이 오류로 인해 증분 빌드가 제대로 작동하지 않을 수 있습니다.
C:\Program Files\Microsoft Visual Studio\2022\Community\MSBuild\Microsoft\VC\v170\Microsoft.CppCommon.targets(237,5): warning MSB8064: "D:\cybermed\daddy\dependency\sdk-VTK-9.4.2\build_msvc\CMakeFiles\fdeeef45baa0dc57bb14d14d8205cfcd\generate.stamp.rule" 항목에 대한 사용자 지정 빌드에 성공했지만 지정한 종속성 "d:\qt\6.9.0\msvc2022_64\lib\cmake\qt6qml\qmlplugins\qt6qquicklayoutspluginconfig.cmake"이(가) 없습니다. 이 오류로 인해 증분 빌드가 제대로 작동하지 않을 수 있습니다.
C:\Program Files\Microsoft Visual Studio\2022\Community\MSBuild\Microsoft\VC\v170\Microsoft.CppCommon.targets(237,5): warning MSB8064: "D:\cybermed\daddy\dependency\sdk-VTK-9.4.2\build_msvc\CMakeFiles\fdeeef45baa0dc57bb14d14d8205cfcd\generate.stamp.rule" 항목에 대한 사용자 지정 빌드에 성공했지만 지정한 종속성 "d:\qt\6.9.0\msvc2022_64\lib\cmake\qt6qml\qmlplugins\qt6qquicklayoutsplugintargets-debug.cmake"이(가) 없습니다. 이 오류로 인해 증분 빌드가 제대로 작동하지 않을 수 있습니다.
C:\Program Files\Microsoft Visual Studio\2022\Community\MSBuild\Microsoft\VC\v170\Microsoft.CppCommon.targets(237,5): warning MSB8064: "D:\cybermed\daddy\dependency\sdk-VTK-9.4.2\build_msvc\CMakeFiles\fdeeef45baa0dc57bb14d14d8205cfcd\generate.stamp.rule" 항목에 대한 사용자 지정 빌드에 성공했지만 지정한 종속성 "d:\qt\6.9.0\msvc2022_64\lib\cmake\qt6qml\qmlplugins\qt6qquicklayoutsplugintargets-relwithdebinfo.cmake"이(가) 없습니다. 이 오류로 인해 증분 빌드가 제대로 작동하지 않을 수 있습니다.
C:\Program Files\Microsoft Visual Studio\2022\Community\MSBuild\Microsoft\VC\v170\Microsoft.CppCommon.targets(237,5): warning MSB8064: "D:\cybermed\daddy\dependency\sdk-VTK-9.4.2\build_msvc\CMakeFiles\fdeeef45baa0dc57bb14d14d8205cfcd\generate.stamp.rule" 항목에 대한 사용자 지정 빌드에 성공했지만 지정한 종속성 "d:\qt\6.9.0\msvc2022_64\lib\cmake\qt6qml\qmlplugins\qt6qquicklayoutsplugintargets.cmake"이(가) 없습니다. 이 오류로 인해 증분 빌드가 제대로 작동하지 않을 수 있습니다.
C:\Program Files\Microsoft Visual Studio\2022\Community\MSBuild\Microsoft\VC\v170\Microsoft.CppCommon.targets(237,5): warning MSB8064: "D:\cybermed\daddy\dependency\sdk-VTK-9.4.2\build_msvc\CMakeFiles\fdeeef45baa0dc57bb14d14d8205cfcd\generate.stamp.rule" 항목에 대한 사용자 지정 빌드에 성공했지만 지정한 종속성 "d:\qt\6.9.0\msvc2022_64\lib\cmake\qt6qml\qmlplugins\qt6qquickvectorimagepluginadditionaltargetinfo.cmake"이(가) 없습니다. 이 오류로 인해 증분 빌드가 제대로 작동하지 않을 수 있습니다.
C:\Program Files\Microsoft Visual Studio\2022\Community\MSBuild\Microsoft\VC\v170\Microsoft.CppCommon.targets(237,5): warning MSB8064: "D:\cybermed\daddy\dependency\sdk-VTK-9.4.2\build_msvc\CMakeFiles\fdeeef45baa0dc57bb14d14d8205cfcd\generate.stamp.rule" 항목에 대한 사용자 지정 빌드에 성공했지만 지정한 종속성 "d:\qt\6.9.0\msvc2022_64\lib\cmake\qt6qml\qmlplugins\qt6qquickvectorimagepluginconfig.cmake"이(가) 없습니다. 이 오류로 인해 증분 빌드가 제대로 작동하지 않을 수 있습니다.
C:\Program Files\Microsoft Visual Studio\2022\Community\MSBuild\Microsoft\VC\v170\Microsoft.CppCommon.targets(237,5): warning MSB8064: "D:\cybermed\daddy\dependency\sdk-VTK-9.4.2\build_msvc\CMakeFiles\fdeeef45baa0dc57bb14d14d8205cfcd\generate.stamp.rule" 항목에 대한 사용자 지정 빌드에 성공했지만 지정한 종속성 "d:\qt\6.9.0\msvc2022_64\lib\cmake\qt6qml\qmlplugins\qt6qquickvectorimageplugintargets-debug.cmake"이(가) 없습니다. 이 오류로 인해 증분 빌드가 제대로 작동하지 않을 수 있습니다.
C:\Program Files\Microsoft Visual Studio\2022\Community\MSBuild\Microsoft\VC\v170\Microsoft.CppCommon.targets(237,5): warning MSB8064: "D:\cybermed\daddy\dependency\sdk-VTK-9.4.2\build_msvc\CMakeFiles\fdeeef45baa0dc57bb14d14d8205cfcd\generate.stamp.rule" 항목에 대한 사용자 지정 빌드에 성공했지만 지정한 종속성 "d:\qt\6.9.0\msvc2022_64\lib\cmake\qt6qml\qmlplugins\qt6qquickvectorimageplugintargets-relwithdebinfo.cmake"이(가) 없습니다. 이 오류로 인해 증분 빌드가 제대로 작동하지 않을 수 있습니다.
C:\Program Files\Microsoft Visual Studio\2022\Community\MSBuild\Microsoft\VC\v170\Microsoft.CppCommon.targets(237,5): warning MSB8064: "D:\cybermed\daddy\dependency\sdk-VTK-9.4.2\build_msvc\CMakeFiles\fdeeef45baa0dc57bb14d14d8205cfcd\generate.stamp.rule" 항목에 대한 사용자 지정 빌드에 성공했지만 지정한 종속성 "d:\qt\6.9.0\msvc2022_64\lib\cmake\qt6qml\qmlplugins\qt6qquickvectorimageplugintargets.cmake"이(가) 없습니다. 이 오류로 인해 증분 빌드가 제대로 작동하지 않을 수 있습니다.
C:\Program Files\Microsoft Visual Studio\2022\Community\MSBuild\Microsoft\VC\v170\Microsoft.CppCommon.targets(237,5): warning MSB8064: "D:\cybermed\daddy\dependency\sdk-VTK-9.4.2\build_msvc\CMakeFiles\fdeeef45baa0dc57bb14d14d8205cfcd\generate.stamp.rule" 항목에 대한 사용자 지정 빌드에 성공했지만 지정한 종속성 "d:\qt\6.9.0\msvc2022_64\lib\cmake\qt6qml\qmlplugins\qt6qtqmlcorepluginadditionaltargetinfo.cmake"이(가) 없습니다. 이 오류로 인해 증분 빌드가 제대로 작동하지 않을 수 있습니다.
C:\Program Files\Microsoft Visual Studio\2022\Community\MSBuild\Microsoft\VC\v170\Microsoft.CppCommon.targets(237,5): warning MSB8064: "D:\cybermed\daddy\dependency\sdk-VTK-9.4.2\build_msvc\CMakeFiles\fdeeef45baa0dc57bb14d14d8205cfcd\generate.stamp.rule" 항목에 대한 사용자 지정 빌드에 성공했지만 지정한 종속성 "d:\qt\6.9.0\msvc2022_64\lib\cmake\qt6qml\qmlplugins\qt6qtqmlcorepluginconfig.cmake"이(가) 없습니다. 이 오류로 인해 증분 빌드가 제대로 작동하지 않을 수 있습니다.
C:\Program Files\Microsoft Visual Studio\2022\Community\MSBuild\Microsoft\VC\v170\Microsoft.CppCommon.targets(237,5): warning MSB8064: "D:\cybermed\daddy\dependency\sdk-VTK-9.4.2\build_msvc\CMakeFiles\fdeeef45baa0dc57bb14d14d8205cfcd\generate.stamp.rule" 항목에 대한 사용자 지정 빌드에 성공했지만 지정한 종속성 "d:\qt\6.9.0\msvc2022_64\lib\cmake\qt6qml\qmlplugins\qt6qtqmlcoreplugintargets-debug.cmake"이(가) 없습니다. 이 오류로 인해 증분 빌드가 제대로 작동하지 않을 수 있습니다.
C:\Program Files\Microsoft Visual Studio\2022\Community\MSBuild\Microsoft\VC\v170\Microsoft.CppCommon.targets(237,5): warning MSB8064: "D:\cybermed\daddy\dependency\sdk-VTK-9.4.2\build_msvc\CMakeFiles\fdeeef45baa0dc57bb14d14d8205cfcd\generate.stamp.rule" 항목에 대한 사용자 지정 빌드에 성공했지만 지정한 종속성 "d:\qt\6.9.0\msvc2022_64\lib\cmake\qt6qml\qmlplugins\qt6qtqmlcoreplugintargets-relwithdebinfo.cmake"이(가) 없습니다. 이 오류로 인해 증분 빌드가 제대로 작동하지 않을 수 있습니다.
C:\Program Files\Microsoft Visual Studio\2022\Community\MSBuild\Microsoft\VC\v170\Microsoft.CppCommon.targets(237,5): warning MSB8064: "D:\cybermed\daddy\dependency\sdk-VTK-9.4.2\build_msvc\CMakeFiles\fdeeef45baa0dc57bb14d14d8205cfcd\generate.stamp.rule" 항목에 대한 사용자 지정 빌드에 성공했지만 지정한 종속성 "d:\qt\6.9.0\msvc2022_64\lib\cmake\qt6qml\qmlplugins\qt6qtqmlcoreplugintargets.cmake"이(가) 없습니다. 이 오류로 인해 증분 빌드가 제대로 작동하지 않을 수 있습니다.
C:\Program Files\Microsoft Visual Studio\2022\Community\MSBuild\Microsoft\VC\v170\Microsoft.CppCommon.targets(237,5): warning MSB8064: "D:\cybermed\daddy\dependency\sdk-VTK-9.4.2\build_msvc\CMakeFiles\fdeeef45baa0dc57bb14d14d8205cfcd\generate.stamp.rule" 항목에 대한 사용자 지정 빌드에 성공했지만 지정한 종속성 "d:\qt\6.9.0\msvc2022_64\lib\cmake\qt6qml\qmlplugins\qt6qtquick2pluginadditionaltargetinfo.cmake"이(가) 없습니다. 이 오류로 인해 증분 빌드가 제대로 작동하지 않을 수 있습니다.
C:\Program Files\Microsoft Visual Studio\2022\Community\MSBuild\Microsoft\VC\v170\Microsoft.CppCommon.targets(237,5): warning MSB8064: "D:\cybermed\daddy\dependency\sdk-VTK-9.4.2\build_msvc\CMakeFiles\fdeeef45baa0dc57bb14d14d8205cfcd\generate.stamp.rule" 항목에 대한 사용자 지정 빌드에 성공했지만 지정한 종속성 "d:\qt\6.9.0\msvc2022_64\lib\cmake\qt6qml\qmlplugins\qt6qtquick2pluginconfig.cmake"이(가) 없습니다. 이 오류로 인해 증분 빌드가 제대로 작동하지 않을 수 있습니다.
C:\Program Files\Microsoft Visual Studio\2022\Community\MSBuild\Microsoft\VC\v170\Microsoft.CppCommon.targets(237,5): warning MSB8064: "D:\cybermed\daddy\dependency\sdk-VTK-9.4.2\build_msvc\CMakeFiles\fdeeef45baa0dc57bb14d14d8205cfcd\generate.stamp.rule" 항목에 대한 사용자 지정 빌드에 성공했지만 지정한 종속성 "d:\qt\6.9.0\msvc2022_64\lib\cmake\qt6qml\qmlplugins\qt6qtquick2plugintargets-debug.cmake"이(가) 없습니다. 이 오류로 인해 증분 빌드가 제대로 작동하지 않을 수 있습니다.
C:\Program Files\Microsoft Visual Studio\2022\Community\MSBuild\Microsoft\VC\v170\Microsoft.CppCommon.targets(237,5): warning MSB8064: "D:\cybermed\daddy\dependency\sdk-VTK-9.4.2\build_msvc\CMakeFiles\fdeeef45baa0dc57bb14d14d8205cfcd\generate.stamp.rule" 항목에 대한 사용자 지정 빌드에 성공했지만 지정한 종속성 "d:\qt\6.9.0\msvc2022_64\lib\cmake\qt6qml\qmlplugins\qt6qtquick2plugintargets-relwithdebinfo.cmake"이(가) 없습니다. 이 오류로 인해 증분 빌드가 제대로 작동하지 않을 수 있습니다.
C:\Program Files\Microsoft Visual Studio\2022\Community\MSBuild\Microsoft\VC\v170\Microsoft.CppCommon.targets(237,5): warning MSB8064: "D:\cybermed\daddy\dependency\sdk-VTK-9.4.2\build_msvc\CMakeFiles\fdeeef45baa0dc57bb14d14d8205cfcd\generate.stamp.rule" 항목에 대한 사용자 지정 빌드에 성공했지만 지정한 종속성 "d:\qt\6.9.0\msvc2022_64\lib\cmake\qt6qml\qmlplugins\qt6qtquick2plugintargets.cmake"이(가) 없습니다. 이 오류로 인해 증분 빌드가 제대로 작동하지 않을 수 있습니다.
C:\Program Files\Microsoft Visual Studio\2022\Community\MSBuild\Microsoft\VC\v170\Microsoft.CppCommon.targets(237,5): warning MSB8064: "D:\cybermed\daddy\dependency\sdk-VTK-9.4.2\build_msvc\CMakeFiles\fdeeef45baa0dc57bb14d14d8205cfcd\generate.stamp.rule" 항목에 대한 사용자 지정 빌드에 성공했지만 지정한 종속성 "d:\qt\6.9.0\msvc2022_64\lib\cmake\qt6qml\qmlplugins\qt6qtquickcontrols2basicstyleimplpluginadditionaltargetinfo.cmake"이(가) 없습니다. 이 오류로 인해 증분 빌드가 제대로 작동하지 않을 수 있습니다.
C:\Program Files\Microsoft Visual Studio\2022\Community\MSBuild\Microsoft\VC\v170\Microsoft.CppCommon.targets(237,5): warning MSB8064: "D:\cybermed\daddy\dependency\sdk-VTK-9.4.2\build_msvc\CMakeFiles\fdeeef45baa0dc57bb14d14d8205cfcd\generate.stamp.rule" 항목에 대한 사용자 지정 빌드에 성공했지만 지정한 종속성 "d:\qt\6.9.0\msvc2022_64\lib\cmake\qt6qml\qmlplugins\qt6qtquickcontrols2basicstyleimplpluginconfig.cmake"이(가) 없습니다. 이 오류로 인해 증분 빌드가 제대로 작동하지 않을 수 있습니다.
C:\Program Files\Microsoft Visual Studio\2022\Community\MSBuild\Microsoft\VC\v170\Microsoft.CppCommon.targets(237,5): warning MSB8064: "D:\cybermed\daddy\dependency\sdk-VTK-9.4.2\build_msvc\CMakeFiles\fdeeef45baa0dc57bb14d14d8205cfcd\generate.stamp.rule" 항목에 대한 사용자 지정 빌드에 성공했지만 지정한 종속성 "d:\qt\6.9.0\msvc2022_64\lib\cmake\qt6qml\qmlplugins\qt6qtquickcontrols2basicstyleimplplugintargets-debug.cmake"이(가) 없습니다. 이 오류로 인해 증분 빌드가 제대로 작동하지 않을 수 있습니다.
C:\Program Files\Microsoft Visual Studio\2022\Community\MSBuild\Microsoft\VC\v170\Microsoft.CppCommon.targets(237,5): warning MSB8064: "D:\cybermed\daddy\dependency\sdk-VTK-9.4.2\build_msvc\CMakeFiles\fdeeef45baa0dc57bb14d14d8205cfcd\generate.stamp.rule" 항목에 대한 사용자 지정 빌드에 성공했지만 지정한 종속성 "d:\qt\6.9.0\msvc2022_64\lib\cmake\qt6qml\qmlplugins\qt6qtquickcontrols2basicstyleimplplugintargets-relwithdebinfo.cmake"이(가) 없습니다. 이 오류로 인해 증분 빌드가 제대로 작동하지 않을 수 있습니다.
C:\Program Files\Microsoft Visual Studio\2022\Community\MSBuild\Microsoft\VC\v170\Microsoft.CppCommon.targets(237,5): warning MSB8064: "D:\cybermed\daddy\dependency\sdk-VTK-9.4.2\build_msvc\CMakeFiles\fdeeef45baa0dc57bb14d14d8205cfcd\generate.stamp.rule" 항목에 대한 사용자 지정 빌드에 성공했지만 지정한 종속성 "d:\qt\6.9.0\msvc2022_64\lib\cmake\qt6qml\qmlplugins\qt6qtquickcontrols2basicstyleimplplugintargets.cmake"이(가) 없습니다. 이 오류로 인해 증분 빌드가 제대로 작동하지 않을 수 있습니다.
C:\Program Files\Microsoft Visual Studio\2022\Community\MSBuild\Microsoft\VC\v170\Microsoft.CppCommon.targets(237,5): warning MSB8064: "D:\cybermed\daddy\dependency\sdk-VTK-9.4.2\build_msvc\CMakeFiles\fdeeef45baa0dc57bb14d14d8205cfcd\generate.stamp.rule" 항목에 대한 사용자 지정 빌드에 성공했지만 지정한 종속성 "d:\qt\6.9.0\msvc2022_64\lib\cmake\qt6qml\qmlplugins\qt6qtquickcontrols2basicstylepluginadditionaltargetinfo.cmake"이(가) 없습니다. 이 오류로 인해 증분 빌드가 제대로 작동하지 않을 수 있습니다.
C:\Program Files\Microsoft Visual Studio\2022\Community\MSBuild\Microsoft\VC\v170\Microsoft.CppCommon.targets(237,5): warning MSB8064: "D:\cybermed\daddy\dependency\sdk-VTK-9.4.2\build_msvc\CMakeFiles\fdeeef45baa0dc57bb14d14d8205cfcd\generate.stamp.rule" 항목에 대한 사용자 지정 빌드에 성공했지만 지정한 종속성 "d:\qt\6.9.0\msvc2022_64\lib\cmake\qt6qml\qmlplugins\qt6qtquickcontrols2basicstylepluginconfig.cmake"이(가) 없습니다. 이 오류로 인해 증분 빌드가 제대로 작동하지 않을 수 있습니다.
C:\Program Files\Microsoft Visual Studio\2022\Community\MSBuild\Microsoft\VC\v170\Microsoft.CppCommon.targets(237,5): warning MSB8064: "D:\cybermed\daddy\dependency\sdk-VTK-9.4.2\build_msvc\CMakeFiles\fdeeef45baa0dc57bb14d14d8205cfcd\generate.stamp.rule" 항목에 대한 사용자 지정 빌드에 성공했지만 지정한 종속성 "d:\qt\6.9.0\msvc2022_64\lib\cmake\qt6qml\qmlplugins\qt6qtquickcontrols2basicstyleplugintargets-debug.cmake"이(가) 없습니다. 이 오류로 인해 증분 빌드가 제대로 작동하지 않을 수 있습니다.
C:\Program Files\Microsoft Visual Studio\2022\Community\MSBuild\Microsoft\VC\v170\Microsoft.CppCommon.targets(237,5): warning MSB8064: "D:\cybermed\daddy\dependency\sdk-VTK-9.4.2\build_msvc\CMakeFiles\fdeeef45baa0dc57bb14d14d8205cfcd\generate.stamp.rule" 항목에 대한 사용자 지정 빌드에 성공했지만 지정한 종속성 "d:\qt\6.9.0\msvc2022_64\lib\cmake\qt6qml\qmlplugins\qt6qtquickcontrols2basicstyleplugintargets-relwithdebinfo.cmake"이(가) 없습니다. 이 오류로 인해 증분 빌드가 제대로 작동하지 않을 수 있습니다.
C:\Program Files\Microsoft Visual Studio\2022\Community\MSBuild\Microsoft\VC\v170\Microsoft.CppCommon.targets(237,5): warning MSB8064: "D:\cybermed\daddy\dependency\sdk-VTK-9.4.2\build_msvc\CMakeFiles\fdeeef45baa0dc57bb14d14d8205cfcd\generate.stamp.rule" 항목에 대한 사용자 지정 빌드에 성공했지만 지정한 종속성 "d:\qt\6.9.0\msvc2022_64\lib\cmake\qt6qml\qmlplugins\qt6qtquickcontrols2basicstyleplugintargets.cmake"이(가) 없습니다. 이 오류로 인해 증분 빌드가 제대로 작동하지 않을 수 있습니다.
C:\Program Files\Microsoft Visual Studio\2022\Community\MSBuild\Microsoft\VC\v170\Microsoft.CppCommon.targets(237,5): warning MSB8064: "D:\cybermed\daddy\dependency\sdk-VTK-9.4.2\build_msvc\CMakeFiles\fdeeef45baa0dc57bb14d14d8205cfcd\generate.stamp.rule" 항목에 대한 사용자 지정 빌드에 성공했지만 지정한 종속성 "d:\qt\6.9.0\msvc2022_64\lib\cmake\qt6qml\qmlplugins\qt6qtquickcontrols2fluentwinui3styleimplpluginadditionaltargetinfo.cmake"이(가) 없습니다. 이 오류로 인해 증분 빌드가 제대로 작동하지 않을 수 있습니다.
C:\Program Files\Microsoft Visual Studio\2022\Community\MSBuild\Microsoft\VC\v170\Microsoft.CppCommon.targets(237,5): warning MSB8064: "D:\cybermed\daddy\dependency\sdk-VTK-9.4.2\build_msvc\CMakeFiles\fdeeef45baa0dc57bb14d14d8205cfcd\generate.stamp.rule" 항목에 대한 사용자 지정 빌드에 성공했지만 지정한 종속성 "d:\qt\6.9.0\msvc2022_64\lib\cmake\qt6qml\qmlplugins\qt6qtquickcontrols2fluentwinui3styleimplpluginconfig.cmake"이(가) 없습니다. 이 오류로 인해 증분 빌드가 제대로 작동하지 않을 수 있습니다.
C:\Program Files\Microsoft Visual Studio\2022\Community\MSBuild\Microsoft\VC\v170\Microsoft.CppCommon.targets(237,5): warning MSB8064: "D:\cybermed\daddy\dependency\sdk-VTK-9.4.2\build_msvc\CMakeFiles\fdeeef45baa0dc57bb14d14d8205cfcd\generate.stamp.rule" 항목에 대한 사용자 지정 빌드에 성공했지만 지정한 종속성 "d:\qt\6.9.0\msvc2022_64\lib\cmake\qt6qml\qmlplugins\qt6qtquickcontrols2fluentwinui3styleimplplugintargets-debug.cmake"이(가) 없습니다. 이 오류로 인해 증분 빌드가 제대로 작동하지 않을 수 있습니다.
C:\Program Files\Microsoft Visual Studio\2022\Community\MSBuild\Microsoft\VC\v170\Microsoft.CppCommon.targets(237,5): warning MSB8064: "D:\cybermed\daddy\dependency\sdk-VTK-9.4.2\build_msvc\CMakeFiles\fdeeef45baa0dc57bb14d14d8205cfcd\generate.stamp.rule" 항목에 대한 사용자 지정 빌드에 성공했지만 지정한 종속성 "d:\qt\6.9.0\msvc2022_64\lib\cmake\qt6qml\qmlplugins\qt6qtquickcontrols2fluentwinui3styleimplplugintargets-relwithdebinfo.cmake"이(가) 없습니다. 이 오류로 인해 증분 빌드가 제대로 작동하지 않을 수 있습니다.
C:\Program Files\Microsoft Visual Studio\2022\Community\MSBuild\Microsoft\VC\v170\Microsoft.CppCommon.targets(237,5): warning MSB8064: "D:\cybermed\daddy\dependency\sdk-VTK-9.4.2\build_msvc\CMakeFiles\fdeeef45baa0dc57bb14d14d8205cfcd\generate.stamp.rule" 항목에 대한 사용자 지정 빌드에 성공했지만 지정한 종속성 "d:\qt\6.9.0\msvc2022_64\lib\cmake\qt6qml\qmlplugins\qt6qtquickcontrols2fluentwinui3styleimplplugintargets.cmake"이(가) 없습니다. 이 오류로 인해 증분 빌드가 제대로 작동하지 않을 수 있습니다.
C:\Program Files\Microsoft Visual Studio\2022\Community\MSBuild\Microsoft\VC\v170\Microsoft.CppCommon.targets(237,5): warning MSB8064: "D:\cybermed\daddy\dependency\sdk-VTK-9.4.2\build_msvc\CMakeFiles\fdeeef45baa0dc57bb14d14d8205cfcd\generate.stamp.rule" 항목에 대한 사용자 지정 빌드에 성공했지만 지정한 종속성 "d:\qt\6.9.0\msvc2022_64\lib\cmake\qt6qml\qmlplugins\qt6qtquickcontrols2fluentwinui3stylepluginadditionaltargetinfo.cmake"이(가) 없습니다. 이 오류로 인해 증분 빌드가 제대로 작동하지 않을 수 있습니다.
C:\Program Files\Microsoft Visual Studio\2022\Community\MSBuild\Microsoft\VC\v170\Microsoft.CppCommon.targets(237,5): warning MSB8064: "D:\cybermed\daddy\dependency\sdk-VTK-9.4.2\build_msvc\CMakeFiles\fdeeef45baa0dc57bb14d14d8205cfcd\generate.stamp.rule" 항목에 대한 사용자 지정 빌드에 성공했지만 지정한 종속성 "d:\qt\6.9.0\msvc2022_64\lib\cmake\qt6qml\qmlplugins\qt6qtquickcontrols2fluentwinui3stylepluginconfig.cmake"이(가) 없습니다. 이 오류로 인해 증분 빌드가 제대로 작동하지 않을 수 있습니다.
C:\Program Files\Microsoft Visual Studio\2022\Community\MSBuild\Microsoft\VC\v170\Microsoft.CppCommon.targets(237,5): warning MSB8064: "D:\cybermed\daddy\dependency\sdk-VTK-9.4.2\build_msvc\CMakeFiles\fdeeef45baa0dc57bb14d14d8205cfcd\generate.stamp.rule" 항목에 대한 사용자 지정 빌드에 성공했지만 지정한 종속성 "d:\qt\6.9.0\msvc2022_64\lib\cmake\qt6qml\qmlplugins\qt6qtquickcontrols2fluentwinui3styleplugintargets-debug.cmake"이(가) 없습니다. 이 오류로 인해 증분 빌드가 제대로 작동하지 않을 수 있습니다.
C:\Program Files\Microsoft Visual Studio\2022\Community\MSBuild\Microsoft\VC\v170\Microsoft.CppCommon.targets(237,5): warning MSB8064: "D:\cybermed\daddy\dependency\sdk-VTK-9.4.2\build_msvc\CMakeFiles\fdeeef45baa0dc57bb14d14d8205cfcd\generate.stamp.rule" 항목에 대한 사용자 지정 빌드에 성공했지만 지정한 종속성 "d:\qt\6.9.0\msvc2022_64\lib\cmake\qt6qml\qmlplugins\qt6qtquickcontrols2fluentwinui3styleplugintargets-relwithdebinfo.cmake"이(가) 없습니다. 이 오류로 인해 증분 빌드가 제대로 작동하지 않을 수 있습니다.
C:\Program Files\Microsoft Visual Studio\2022\Community\MSBuild\Microsoft\VC\v170\Microsoft.CppCommon.targets(237,5): warning MSB8064: "D:\cybermed\daddy\dependency\sdk-VTK-9.4.2\build_msvc\CMakeFiles\fdeeef45baa0dc57bb14d14d8205cfcd\generate.stamp.rule" 항목에 대한 사용자 지정 빌드에 성공했지만 지정한 종속성 "d:\qt\6.9.0\msvc2022_64\lib\cmake\qt6qml\qmlplugins\qt6qtquickcontrols2fluentwinui3styleplugintargets.cmake"이(가) 없습니다. 이 오류로 인해 증분 빌드가 제대로 작동하지 않을 수 있습니다.
C:\Program Files\Microsoft Visual Studio\2022\Community\MSBuild\Microsoft\VC\v170\Microsoft.CppCommon.targets(237,5): warning MSB8064: "D:\cybermed\daddy\dependency\sdk-VTK-9.4.2\build_msvc\CMakeFiles\fdeeef45baa0dc57bb14d14d8205cfcd\generate.stamp.rule" 항목에 대한 사용자 지정 빌드에 성공했지만 지정한 종속성 "d:\qt\6.9.0\msvc2022_64\lib\cmake\qt6qml\qmlplugins\qt6qtquickcontrols2fusionstyleimplpluginadditionaltargetinfo.cmake"이(가) 없습니다. 이 오류로 인해 증분 빌드가 제대로 작동하지 않을 수 있습니다.
C:\Program Files\Microsoft Visual Studio\2022\Community\MSBuild\Microsoft\VC\v170\Microsoft.CppCommon.targets(237,5): warning MSB8064: "D:\cybermed\daddy\dependency\sdk-VTK-9.4.2\build_msvc\CMakeFiles\fdeeef45baa0dc57bb14d14d8205cfcd\generate.stamp.rule" 항목에 대한 사용자 지정 빌드에 성공했지만 지정한 종속성 "d:\qt\6.9.0\msvc2022_64\lib\cmake\qt6qml\qmlplugins\qt6qtquickcontrols2fusionstyleimplpluginconfig.cmake"이(가) 없습니다. 이 오류로 인해 증분 빌드가 제대로 작동하지 않을 수 있습니다.
C:\Program Files\Microsoft Visual Studio\2022\Community\MSBuild\Microsoft\VC\v170\Microsoft.CppCommon.targets(237,5): warning MSB8064: "D:\cybermed\daddy\dependency\sdk-VTK-9.4.2\build_msvc\CMakeFiles\fdeeef45baa0dc57bb14d14d8205cfcd\generate.stamp.rule" 항목에 대한 사용자 지정 빌드에 성공했지만 지정한 종속성 "d:\qt\6.9.0\msvc2022_64\lib\cmake\qt6qml\qmlplugins\qt6qtquickcontrols2fusionstyleimplplugintargets-debug.cmake"이(가) 없습니다. 이 오류로 인해 증분 빌드가 제대로 작동하지 않을 수 있습니다.
C:\Program Files\Microsoft Visual Studio\2022\Community\MSBuild\Microsoft\VC\v170\Microsoft.CppCommon.targets(237,5): warning MSB8064: "D:\cybermed\daddy\dependency\sdk-VTK-9.4.2\build_msvc\CMakeFiles\fdeeef45baa0dc57bb14d14d8205cfcd\generate.stamp.rule" 항목에 대한 사용자 지정 빌드에 성공했지만 지정한 종속성 "d:\qt\6.9.0\msvc2022_64\lib\cmake\qt6qml\qmlplugins\qt6qtquickcontrols2fusionstyleimplplugintargets-relwithdebinfo.cmake"이(가) 없습니다. 이 오류로 인해 증분 빌드가 제대로 작동하지 않을 수 있습니다.
C:\Program Files\Microsoft Visual Studio\2022\Community\MSBuild\Microsoft\VC\v170\Microsoft.CppCommon.targets(237,5): warning MSB8064: "D:\cybermed\daddy\dependency\sdk-VTK-9.4.2\build_msvc\CMakeFiles\fdeeef45baa0dc57bb14d14d8205cfcd\generate.stamp.rule" 항목에 대한 사용자 지정 빌드에 성공했지만 지정한 종속성 "d:\qt\6.9.0\msvc2022_64\lib\cmake\qt6qml\qmlplugins\qt6qtquickcontrols2fusionstyleimplplugintargets.cmake"이(가) 없습니다. 이 오류로 인해 증분 빌드가 제대로 작동하지 않을 수 있습니다.
C:\Program Files\Microsoft Visual Studio\2022\Community\MSBuild\Microsoft\VC\v170\Microsoft.CppCommon.targets(237,5): warning MSB8064: "D:\cybermed\daddy\dependency\sdk-VTK-9.4.2\build_msvc\CMakeFiles\fdeeef45baa0dc57bb14d14d8205cfcd\generate.stamp.rule" 항목에 대한 사용자 지정 빌드에 성공했지만 지정한 종속성 "d:\qt\6.9.0\msvc2022_64\lib\cmake\qt6qml\qmlplugins\qt6qtquickcontrols2fusionstylepluginadditionaltargetinfo.cmake"이(가) 없습니다. 이 오류로 인해 증분 빌드가 제대로 작동하지 않을 수 있습니다.
C:\Program Files\Microsoft Visual Studio\2022\Community\MSBuild\Microsoft\VC\v170\Microsoft.CppCommon.targets(237,5): warning MSB8064: "D:\cybermed\daddy\dependency\sdk-VTK-9.4.2\build_msvc\CMakeFiles\fdeeef45baa0dc57bb14d14d8205cfcd\generate.stamp.rule" 항목에 대한 사용자 지정 빌드에 성공했지만 지정한 종속성 "d:\qt\6.9.0\msvc2022_64\lib\cmake\qt6qml\qmlplugins\qt6qtquickcontrols2fusionstylepluginconfig.cmake"이(가) 없습니다. 이 오류로 인해 증분 빌드가 제대로 작동하지 않을 수 있습니다.
C:\Program Files\Microsoft Visual Studio\2022\Community\MSBuild\Microsoft\VC\v170\Microsoft.CppCommon.targets(237,5): warning MSB8064: "D:\cybermed\daddy\dependency\sdk-VTK-9.4.2\build_msvc\CMakeFiles\fdeeef45baa0dc57bb14d14d8205cfcd\generate.stamp.rule" 항목에 대한 사용자 지정 빌드에 성공했지만 지정한 종속성 "d:\qt\6.9.0\msvc2022_64\lib\cmake\qt6qml\qmlplugins\qt6qtquickcontrols2fusionstyleplugintargets-debug.cmake"이(가) 없습니다. 이 오류로 인해 증분 빌드가 제대로 작동하지 않을 수 있습니다.
C:\Program Files\Microsoft Visual Studio\2022\Community\MSBuild\Microsoft\VC\v170\Microsoft.CppCommon.targets(237,5): warning MSB8064: "D:\cybermed\daddy\dependency\sdk-VTK-9.4.2\build_msvc\CMakeFiles\fdeeef45baa0dc57bb14d14d8205cfcd\generate.stamp.rule" 항목에 대한 사용자 지정 빌드에 성공했지만 지정한 종속성 "d:\qt\6.9.0\msvc2022_64\lib\cmake\qt6qml\qmlplugins\qt6qtquickcontrols2fusionstyleplugintargets-relwithdebinfo.cmake"이(가) 없습니다. 이 오류로 인해 증분 빌드가 제대로 작동하지 않을 수 있습니다.
C:\Program Files\Microsoft Visual Studio\2022\Community\MSBuild\Microsoft\VC\v170\Microsoft.CppCommon.targets(237,5): warning MSB8064: "D:\cybermed\daddy\dependency\sdk-VTK-9.4.2\build_msvc\CMakeFiles\fdeeef45baa0dc57bb14d14d8205cfcd\generate.stamp.rule" 항목에 대한 사용자 지정 빌드에 성공했지만 지정한 종속성 "d:\qt\6.9.0\msvc2022_64\lib\cmake\qt6qml\qmlplugins\qt6qtquickcontrols2fusionstyleplugintargets.cmake"이(가) 없습니다. 이 오류로 인해 증분 빌드가 제대로 작동하지 않을 수 있습니다.
C:\Program Files\Microsoft Visual Studio\2022\Community\MSBuild\Microsoft\VC\v170\Microsoft.CppCommon.targets(237,5): warning MSB8064: "D:\cybermed\daddy\dependency\sdk-VTK-9.4.2\build_msvc\CMakeFiles\fdeeef45baa0dc57bb14d14d8205cfcd\generate.stamp.rule" 항목에 대한 사용자 지정 빌드에 성공했지만 지정한 종속성 "d:\qt\6.9.0\msvc2022_64\lib\cmake\qt6qml\qmlplugins\qt6qtquickcontrols2imaginestyleimplpluginadditionaltargetinfo.cmake"이(가) 없습니다. 이 오류로 인해 증분 빌드가 제대로 작동하지 않을 수 있습니다.
C:\Program Files\Microsoft Visual Studio\2022\Community\MSBuild\Microsoft\VC\v170\Microsoft.CppCommon.targets(237,5): warning MSB8064: "D:\cybermed\daddy\dependency\sdk-VTK-9.4.2\build_msvc\CMakeFiles\fdeeef45baa0dc57bb14d14d8205cfcd\generate.stamp.rule" 항목에 대한 사용자 지정 빌드에 성공했지만 지정한 종속성 "d:\qt\6.9.0\msvc2022_64\lib\cmake\qt6qml\qmlplugins\qt6qtquickcontrols2imaginestyleimplpluginconfig.cmake"이(가) 없습니다. 이 오류로 인해 증분 빌드가 제대로 작동하지 않을 수 있습니다.
C:\Program Files\Microsoft Visual Studio\2022\Community\MSBuild\Microsoft\VC\v170\Microsoft.CppCommon.targets(237,5): warning MSB8064: "D:\cybermed\daddy\dependency\sdk-VTK-9.4.2\build_msvc\CMakeFiles\fdeeef45baa0dc57bb14d14d8205cfcd\generate.stamp.rule" 항목에 대한 사용자 지정 빌드에 성공했지만 지정한 종속성 "d:\qt\6.9.0\msvc2022_64\lib\cmake\qt6qml\qmlplugins\qt6qtquickcontrols2imaginestyleimplplugintargets-debug.cmake"이(가) 없습니다. 이 오류로 인해 증분 빌드가 제대로 작동하지 않을 수 있습니다.
C:\Program Files\Microsoft Visual Studio\2022\Community\MSBuild\Microsoft\VC\v170\Microsoft.CppCommon.targets(237,5): warning MSB8064: "D:\cybermed\daddy\dependency\sdk-VTK-9.4.2\build_msvc\CMakeFiles\fdeeef45baa0dc57bb14d14d8205cfcd\generate.stamp.rule" 항목에 대한 사용자 지정 빌드에 성공했지만 지정한 종속성 "d:\qt\6.9.0\msvc2022_64\lib\cmake\qt6qml\qmlplugins\qt6qtquickcontrols2imaginestyleimplplugintargets-relwithdebinfo.cmake"이(가) 없습니다. 이 오류로 인해 증분 빌드가 제대로 작동하지 않을 수 있습니다.
C:\Program Files\Microsoft Visual Studio\2022\Community\MSBuild\Microsoft\VC\v170\Microsoft.CppCommon.targets(237,5): warning MSB8064: "D:\cybermed\daddy\dependency\sdk-VTK-9.4.2\build_msvc\CMakeFiles\fdeeef45baa0dc57bb14d14d8205cfcd\generate.stamp.rule" 항목에 대한 사용자 지정 빌드에 성공했지만 지정한 종속성 "d:\qt\6.9.0\msvc2022_64\lib\cmake\qt6qml\qmlplugins\qt6qtquickcontrols2imaginestyleimplplugintargets.cmake"이(가) 없습니다. 이 오류로 인해 증분 빌드가 제대로 작동하지 않을 수 있습니다.
C:\Program Files\Microsoft Visual Studio\2022\Community\MSBuild\Microsoft\VC\v170\Microsoft.CppCommon.targets(237,5): warning MSB8064: "D:\cybermed\daddy\dependency\sdk-VTK-9.4.2\build_msvc\CMakeFiles\fdeeef45baa0dc57bb14d14d8205cfcd\generate.stamp.rule" 항목에 대한 사용자 지정 빌드에 성공했지만 지정한 종속성 "d:\qt\6.9.0\msvc2022_64\lib\cmake\qt6qml\qmlplugins\qt6qtquickcontrols2imaginestylepluginadditionaltargetinfo.cmake"이(가) 없습니다. 이 오류로 인해 증분 빌드가 제대로 작동하지 않을 수 있습니다.
C:\Program Files\Microsoft Visual Studio\2022\Community\MSBuild\Microsoft\VC\v170\Microsoft.CppCommon.targets(237,5): warning MSB8064: "D:\cybermed\daddy\dependency\sdk-VTK-9.4.2\build_msvc\CMakeFiles\fdeeef45baa0dc57bb14d14d8205cfcd\generate.stamp.rule" 항목에 대한 사용자 지정 빌드에 성공했지만 지정한 종속성 "d:\qt\6.9.0\msvc2022_64\lib\cmake\qt6qml\qmlplugins\qt6qtquickcontrols2imaginestylepluginconfig.cmake"이(가) 없습니다. 이 오류로 인해 증분 빌드가 제대로 작동하지 않을 수 있습니다.
C:\Program Files\Microsoft Visual Studio\2022\Community\MSBuild\Microsoft\VC\v170\Microsoft.CppCommon.targets(237,5): warning MSB8064: "D:\cybermed\daddy\dependency\sdk-VTK-9.4.2\build_msvc\CMakeFiles\fdeeef45baa0dc57bb14d14d8205cfcd\generate.stamp.rule" 항목에 대한 사용자 지정 빌드에 성공했지만 지정한 종속성 "d:\qt\6.9.0\msvc2022_64\lib\cmake\qt6qml\qmlplugins\qt6qtquickcontrols2imaginestyleplugintargets-debug.cmake"이(가) 없습니다. 이 오류로 인해 증분 빌드가 제대로 작동하지 않을 수 있습니다.
C:\Program Files\Microsoft Visual Studio\2022\Community\MSBuild\Microsoft\VC\v170\Microsoft.CppCommon.targets(237,5): warning MSB8064: "D:\cybermed\daddy\dependency\sdk-VTK-9.4.2\build_msvc\CMakeFiles\fdeeef45baa0dc57bb14d14d8205cfcd\generate.stamp.rule" 항목에 대한 사용자 지정 빌드에 성공했지만 지정한 종속성 "d:\qt\6.9.0\msvc2022_64\lib\cmake\qt6qml\qmlplugins\qt6qtquickcontrols2imaginestyleplugintargets-relwithdebinfo.cmake"이(가) 없습니다. 이 오류로 인해 증분 빌드가 제대로 작동하지 않을 수 있습니다.
C:\Program Files\Microsoft Visual Studio\2022\Community\MSBuild\Microsoft\VC\v170\Microsoft.CppCommon.targets(237,5): warning MSB8064: "D:\cybermed\daddy\dependency\sdk-VTK-9.4.2\build_msvc\CMakeFiles\fdeeef45baa0dc57bb14d14d8205cfcd\generate.stamp.rule" 항목에 대한 사용자 지정 빌드에 성공했지만 지정한 종속성 "d:\qt\6.9.0\msvc2022_64\lib\cmake\qt6qml\qmlplugins\qt6qtquickcontrols2imaginestyleplugintargets.cmake"이(가) 없습니다. 이 오류로 인해 증분 빌드가 제대로 작동하지 않을 수 있습니다.
C:\Program Files\Microsoft Visual Studio\2022\Community\MSBuild\Microsoft\VC\v170\Microsoft.CppCommon.targets(237,5): warning MSB8064: "D:\cybermed\daddy\dependency\sdk-VTK-9.4.2\build_msvc\CMakeFiles\fdeeef45baa0dc57bb14d14d8205cfcd\generate.stamp.rule" 항목에 대한 사용자 지정 빌드에 성공했지만 지정한 종속성 "d:\qt\6.9.0\msvc2022_64\lib\cmake\qt6qml\qmlplugins\qt6qtquickcontrols2implpluginadditionaltargetinfo.cmake"이(가) 없습니다. 이 오류로 인해 증분 빌드가 제대로 작동하지 않을 수 있습니다.
C:\Program Files\Microsoft Visual Studio\2022\Community\MSBuild\Microsoft\VC\v170\Microsoft.CppCommon.targets(237,5): warning MSB8064: "D:\cybermed\daddy\dependency\sdk-VTK-9.4.2\build_msvc\CMakeFiles\fdeeef45baa0dc57bb14d14d8205cfcd\generate.stamp.rule" 항목에 대한 사용자 지정 빌드에 성공했지만 지정한 종속성 "d:\qt\6.9.0\msvc2022_64\lib\cmake\qt6qml\qmlplugins\qt6qtquickcontrols2implpluginconfig.cmake"이(가) 없습니다. 이 오류로 인해 증분 빌드가 제대로 작동하지 않을 수 있습니다.
C:\Program Files\Microsoft Visual Studio\2022\Community\MSBuild\Microsoft\VC\v170\Microsoft.CppCommon.targets(237,5): warning MSB8064: "D:\cybermed\daddy\dependency\sdk-VTK-9.4.2\build_msvc\CMakeFiles\fdeeef45baa0dc57bb14d14d8205cfcd\generate.stamp.rule" 항목에 대한 사용자 지정 빌드에 성공했지만 지정한 종속성 "d:\qt\6.9.0\msvc2022_64\lib\cmake\qt6qml\qmlplugins\qt6qtquickcontrols2implplugintargets-debug.cmake"이(가) 없습니다. 이 오류로 인해 증분 빌드가 제대로 작동하지 않을 수 있습니다.
C:\Program Files\Microsoft Visual Studio\2022\Community\MSBuild\Microsoft\VC\v170\Microsoft.CppCommon.targets(237,5): warning MSB8064: "D:\cybermed\daddy\dependency\sdk-VTK-9.4.2\build_msvc\CMakeFiles\fdeeef45baa0dc57bb14d14d8205cfcd\generate.stamp.rule" 항목에 대한 사용자 지정 빌드에 성공했지만 지정한 종속성 "d:\qt\6.9.0\msvc2022_64\lib\cmake\qt6qml\qmlplugins\qt6qtquickcontrols2implplugintargets-relwithdebinfo.cmake"이(가) 없습니다. 이 오류로 인해 증분 빌드가 제대로 작동하지 않을 수 있습니다.
C:\Program Files\Microsoft Visual Studio\2022\Community\MSBuild\Microsoft\VC\v170\Microsoft.CppCommon.targets(237,5): warning MSB8064: "D:\cybermed\daddy\dependency\sdk-VTK-9.4.2\build_msvc\CMakeFiles\fdeeef45baa0dc57bb14d14d8205cfcd\generate.stamp.rule" 항목에 대한 사용자 지정 빌드에 성공했지만 지정한 종속성 "d:\qt\6.9.0\msvc2022_64\lib\cmake\qt6qml\qmlplugins\qt6qtquickcontrols2implplugintargets.cmake"이(가) 없습니다. 이 오류로 인해 증분 빌드가 제대로 작동하지 않을 수 있습니다.
C:\Program Files\Microsoft Visual Studio\2022\Community\MSBuild\Microsoft\VC\v170\Microsoft.CppCommon.targets(237,5): warning MSB8064: "D:\cybermed\daddy\dependency\sdk-VTK-9.4.2\build_msvc\CMakeFiles\fdeeef45baa0dc57bb14d14d8205cfcd\generate.stamp.rule" 항목에 대한 사용자 지정 빌드에 성공했지만 지정한 종속성 "d:\qt\6.9.0\msvc2022_64\lib\cmake\qt6qml\qmlplugins\qt6qtquickcontrols2materialstyleimplpluginadditionaltargetinfo.cmake"이(가) 없습니다. 이 오류로 인해 증분 빌드가 제대로 작동하지 않을 수 있습니다.
C:\Program Files\Microsoft Visual Studio\2022\Community\MSBuild\Microsoft\VC\v170\Microsoft.CppCommon.targets(237,5): warning MSB8064: "D:\cybermed\daddy\dependency\sdk-VTK-9.4.2\build_msvc\CMakeFiles\fdeeef45baa0dc57bb14d14d8205cfcd\generate.stamp.rule" 항목에 대한 사용자 지정 빌드에 성공했지만 지정한 종속성 "d:\qt\6.9.0\msvc2022_64\lib\cmake\qt6qml\qmlplugins\qt6qtquickcontrols2materialstyleimplpluginconfig.cmake"이(가) 없습니다. 이 오류로 인해 증분 빌드가 제대로 작동하지 않을 수 있습니다.
C:\Program Files\Microsoft Visual Studio\2022\Community\MSBuild\Microsoft\VC\v170\Microsoft.CppCommon.targets(237,5): warning MSB8064: "D:\cybermed\daddy\dependency\sdk-VTK-9.4.2\build_msvc\CMakeFiles\fdeeef45baa0dc57bb14d14d8205cfcd\generate.stamp.rule" 항목에 대한 사용자 지정 빌드에 성공했지만 지정한 종속성 "d:\qt\6.9.0\msvc2022_64\lib\cmake\qt6qml\qmlplugins\qt6qtquickcontrols2materialstyleimplplugintargets-debug.cmake"이(가) 없습니다. 이 오류로 인해 증분 빌드가 제대로 작동하지 않을 수 있습니다.
C:\Program Files\Microsoft Visual Studio\2022\Community\MSBuild\Microsoft\VC\v170\Microsoft.CppCommon.targets(237,5): warning MSB8064: "D:\cybermed\daddy\dependency\sdk-VTK-9.4.2\build_msvc\CMakeFiles\fdeeef45baa0dc57bb14d14d8205cfcd\generate.stamp.rule" 항목에 대한 사용자 지정 빌드에 성공했지만 지정한 종속성 "d:\qt\6.9.0\msvc2022_64\lib\cmake\qt6qml\qmlplugins\qt6qtquickcontrols2materialstyleimplplugintargets-relwithdebinfo.cmake"이(가) 없습니다. 이 오류로 인해 증분 빌드가 제대로 작동하지 않을 수 있습니다.
C:\Program Files\Microsoft Visual Studio\2022\Community\MSBuild\Microsoft\VC\v170\Microsoft.CppCommon.targets(237,5): warning MSB8064: "D:\cybermed\daddy\dependency\sdk-VTK-9.4.2\build_msvc\CMakeFiles\fdeeef45baa0dc57bb14d14d8205cfcd\generate.stamp.rule" 항목에 대한 사용자 지정 빌드에 성공했지만 지정한 종속성 "d:\qt\6.9.0\msvc2022_64\lib\cmake\qt6qml\qmlplugins\qt6qtquickcontrols2materialstyleimplplugintargets.cmake"이(가) 없습니다. 이 오류로 인해 증분 빌드가 제대로 작동하지 않을 수 있습니다.
C:\Program Files\Microsoft Visual Studio\2022\Community\MSBuild\Microsoft\VC\v170\Microsoft.CppCommon.targets(237,5): warning MSB8064: "D:\cybermed\daddy\dependency\sdk-VTK-9.4.2\build_msvc\CMakeFiles\fdeeef45baa0dc57bb14d14d8205cfcd\generate.stamp.rule" 항목에 대한 사용자 지정 빌드에 성공했지만 지정한 종속성 "d:\qt\6.9.0\msvc2022_64\lib\cmake\qt6qml\qmlplugins\qt6qtquickcontrols2materialstylepluginadditionaltargetinfo.cmake"이(가) 없습니다. 이 오류로 인해 증분 빌드가 제대로 작동하지 않을 수 있습니다.
C:\Program Files\Microsoft Visual Studio\2022\Community\MSBuild\Microsoft\VC\v170\Microsoft.CppCommon.targets(237,5): warning MSB8064: "D:\cybermed\daddy\dependency\sdk-VTK-9.4.2\build_msvc\CMakeFiles\fdeeef45baa0dc57bb14d14d8205cfcd\generate.stamp.rule" 항목에 대한 사용자 지정 빌드에 성공했지만 지정한 종속성 "d:\qt\6.9.0\msvc2022_64\lib\cmake\qt6qml\qmlplugins\qt6qtquickcontrols2materialstylepluginconfig.cmake"이(가) 없습니다. 이 오류로 인해 증분 빌드가 제대로 작동하지 않을 수 있습니다.
C:\Program Files\Microsoft Visual Studio\2022\Community\MSBuild\Microsoft\VC\v170\Microsoft.CppCommon.targets(237,5): warning MSB8064: "D:\cybermed\daddy\dependency\sdk-VTK-9.4.2\build_msvc\CMakeFiles\fdeeef45baa0dc57bb14d14d8205cfcd\generate.stamp.rule" 항목에 대한 사용자 지정 빌드에 성공했지만 지정한 종속성 "d:\qt\6.9.0\msvc2022_64\lib\cmake\qt6qml\qmlplugins\qt6qtquickcontrols2materialstyleplugintargets-debug.cmake"이(가) 없습니다. 이 오류로 인해 증분 빌드가 제대로 작동하지 않을 수 있습니다.
C:\Program Files\Microsoft Visual Studio\2022\Community\MSBuild\Microsoft\VC\v170\Microsoft.CppCommon.targets(237,5): warning MSB8064: "D:\cybermed\daddy\dependency\sdk-VTK-9.4.2\build_msvc\CMakeFiles\fdeeef45baa0dc57bb14d14d8205cfcd\generate.stamp.rule" 항목에 대한 사용자 지정 빌드에 성공했지만 지정한 종속성 "d:\qt\6.9.0\msvc2022_64\lib\cmake\qt6qml\qmlplugins\qt6qtquickcontrols2materialstyleplugintargets-relwithdebinfo.cmake"이(가) 없습니다. 이 오류로 인해 증분 빌드가 제대로 작동하지 않을 수 있습니다.
C:\Program Files\Microsoft Visual Studio\2022\Community\MSBuild\Microsoft\VC\v170\Microsoft.CppCommon.targets(237,5): warning MSB8064: "D:\cybermed\daddy\dependency\sdk-VTK-9.4.2\build_msvc\CMakeFiles\fdeeef45baa0dc57bb14d14d8205cfcd\generate.stamp.rule" 항목에 대한 사용자 지정 빌드에 성공했지만 지정한 종속성 "d:\qt\6.9.0\msvc2022_64\lib\cmake\qt6qml\qmlplugins\qt6qtquickcontrols2materialstyleplugintargets.cmake"이(가) 없습니다. 이 오류로 인해 증분 빌드가 제대로 작동하지 않을 수 있습니다.
C:\Program Files\Microsoft Visual Studio\2022\Community\MSBuild\Microsoft\VC\v170\Microsoft.CppCommon.targets(237,5): warning MSB8064: "D:\cybermed\daddy\dependency\sdk-VTK-9.4.2\build_msvc\CMakeFiles\fdeeef45baa0dc57bb14d14d8205cfcd\generate.stamp.rule" 항목에 대한 사용자 지정 빌드에 성공했지만 지정한 종속성 "d:\qt\6.9.0\msvc2022_64\lib\cmake\qt6qml\qmlplugins\qt6qtquickcontrols2nativestylepluginadditionaltargetinfo.cmake"이(가) 없습니다. 이 오류로 인해 증분 빌드가 제대로 작동하지 않을 수 있습니다.
C:\Program Files\Microsoft Visual Studio\2022\Community\MSBuild\Microsoft\VC\v170\Microsoft.CppCommon.targets(237,5): warning MSB8064: "D:\cybermed\daddy\dependency\sdk-VTK-9.4.2\build_msvc\CMakeFiles\fdeeef45baa0dc57bb14d14d8205cfcd\generate.stamp.rule" 항목에 대한 사용자 지정 빌드에 성공했지만 지정한 종속성 "d:\qt\6.9.0\msvc2022_64\lib\cmake\qt6qml\qmlplugins\qt6qtquickcontrols2nativestylepluginconfig.cmake"이(가) 없습니다. 이 오류로 인해 증분 빌드가 제대로 작동하지 않을 수 있습니다.
C:\Program Files\Microsoft Visual Studio\2022\Community\MSBuild\Microsoft\VC\v170\Microsoft.CppCommon.targets(237,5): warning MSB8064: "D:\cybermed\daddy\dependency\sdk-VTK-9.4.2\build_msvc\CMakeFiles\fdeeef45baa0dc57bb14d14d8205cfcd\generate.stamp.rule" 항목에 대한 사용자 지정 빌드에 성공했지만 지정한 종속성 "d:\qt\6.9.0\msvc2022_64\lib\cmake\qt6qml\qmlplugins\qt6qtquickcontrols2nativestyleplugintargets-debug.cmake"이(가) 없습니다. 이 오류로 인해 증분 빌드가 제대로 작동하지 않을 수 있습니다.
C:\Program Files\Microsoft Visual Studio\2022\Community\MSBuild\Microsoft\VC\v170\Microsoft.CppCommon.targets(237,5): warning MSB8064: "D:\cybermed\daddy\dependency\sdk-VTK-9.4.2\build_msvc\CMakeFiles\fdeeef45baa0dc57bb14d14d8205cfcd\generate.stamp.rule" 항목에 대한 사용자 지정 빌드에 성공했지만 지정한 종속성 "d:\qt\6.9.0\msvc2022_64\lib\cmake\qt6qml\qmlplugins\qt6qtquickcontrols2nativestyleplugintargets-relwithdebinfo.cmake"이(가) 없습니다. 이 오류로 인해 증분 빌드가 제대로 작동하지 않을 수 있습니다.
C:\Program Files\Microsoft Visual Studio\2022\Community\MSBuild\Microsoft\VC\v170\Microsoft.CppCommon.targets(237,5): warning MSB8064: "D:\cybermed\daddy\dependency\sdk-VTK-9.4.2\build_msvc\CMakeFiles\fdeeef45baa0dc57bb14d14d8205cfcd\generate.stamp.rule" 항목에 대한 사용자 지정 빌드에 성공했지만 지정한 종속성 "d:\qt\6.9.0\msvc2022_64\lib\cmake\qt6qml\qmlplugins\qt6qtquickcontrols2nativestyleplugintargets.cmake"이(가) 없습니다. 이 오류로 인해 증분 빌드가 제대로 작동하지 않을 수 있습니다.
C:\Program Files\Microsoft Visual Studio\2022\Community\MSBuild\Microsoft\VC\v170\Microsoft.CppCommon.targets(237,5): warning MSB8064: "D:\cybermed\daddy\dependency\sdk-VTK-9.4.2\build_msvc\CMakeFiles\fdeeef45baa0dc57bb14d14d8205cfcd\generate.stamp.rule" 항목에 대한 사용자 지정 빌드에 성공했지만 지정한 종속성 "d:\qt\6.9.0\msvc2022_64\lib\cmake\qt6qml\qmlplugins\qt6qtquickcontrols2pluginadditionaltargetinfo.cmake"이(가) 없습니다. 이 오류로 인해 증분 빌드가 제대로 작동하지 않을 수 있습니다.
C:\Program Files\Microsoft Visual Studio\2022\Community\MSBuild\Microsoft\VC\v170\Microsoft.CppCommon.targets(237,5): warning MSB8064: "D:\cybermed\daddy\dependency\sdk-VTK-9.4.2\build_msvc\CMakeFiles\fdeeef45baa0dc57bb14d14d8205cfcd\generate.stamp.rule" 항목에 대한 사용자 지정 빌드에 성공했지만 지정한 종속성 "d:\qt\6.9.0\msvc2022_64\lib\cmake\qt6qml\qmlplugins\qt6qtquickcontrols2pluginconfig.cmake"이(가) 없습니다. 이 오류로 인해 증분 빌드가 제대로 작동하지 않을 수 있습니다.
C:\Program Files\Microsoft Visual Studio\2022\Community\MSBuild\Microsoft\VC\v170\Microsoft.CppCommon.targets(237,5): warning MSB8064: "D:\cybermed\daddy\dependency\sdk-VTK-9.4.2\build_msvc\CMakeFiles\fdeeef45baa0dc57bb14d14d8205cfcd\generate.stamp.rule" 항목에 대한 사용자 지정 빌드에 성공했지만 지정한 종속성 "d:\qt\6.9.0\msvc2022_64\lib\cmake\qt6qml\qmlplugins\qt6qtquickcontrols2plugintargets-debug.cmake"이(가) 없습니다. 이 오류로 인해 증분 빌드가 제대로 작동하지 않을 수 있습니다.
C:\Program Files\Microsoft Visual Studio\2022\Community\MSBuild\Microsoft\VC\v170\Microsoft.CppCommon.targets(237,5): warning MSB8064: "D:\cybermed\daddy\dependency\sdk-VTK-9.4.2\build_msvc\CMakeFiles\fdeeef45baa0dc57bb14d14d8205cfcd\generate.stamp.rule" 항목에 대한 사용자 지정 빌드에 성공했지만 지정한 종속성 "d:\qt\6.9.0\msvc2022_64\lib\cmake\qt6qml\qmlplugins\qt6qtquickcontrols2plugintargets-relwithdebinfo.cmake"이(가) 없습니다. 이 오류로 인해 증분 빌드가 제대로 작동하지 않을 수 있습니다.
C:\Program Files\Microsoft Visual Studio\2022\Community\MSBuild\Microsoft\VC\v170\Microsoft.CppCommon.targets(237,5): warning MSB8064: "D:\cybermed\daddy\dependency\sdk-VTK-9.4.2\build_msvc\CMakeFiles\fdeeef45baa0dc57bb14d14d8205cfcd\generate.stamp.rule" 항목에 대한 사용자 지정 빌드에 성공했지만 지정한 종속성 "d:\qt\6.9.0\msvc2022_64\lib\cmake\qt6qml\qmlplugins\qt6qtquickcontrols2plugintargets.cmake"이(가) 없습니다. 이 오류로 인해 증분 빌드가 제대로 작동하지 않을 수 있습니다.
C:\Program Files\Microsoft Visual Studio\2022\Community\MSBuild\Microsoft\VC\v170\Microsoft.CppCommon.targets(237,5): warning MSB8064: "D:\cybermed\daddy\dependency\sdk-VTK-9.4.2\build_msvc\CMakeFiles\fdeeef45baa0dc57bb14d14d8205cfcd\generate.stamp.rule" 항목에 대한 사용자 지정 빌드에 성공했지만 지정한 종속성 "d:\qt\6.9.0\msvc2022_64\lib\cmake\qt6qml\qmlplugins\qt6qtquickcontrols2universalstyleimplpluginadditionaltargetinfo.cmake"이(가) 없습니다. 이 오류로 인해 증분 빌드가 제대로 작동하지 않을 수 있습니다.
C:\Program Files\Microsoft Visual Studio\2022\Community\MSBuild\Microsoft\VC\v170\Microsoft.CppCommon.targets(237,5): warning MSB8064: "D:\cybermed\daddy\dependency\sdk-VTK-9.4.2\build_msvc\CMakeFiles\fdeeef45baa0dc57bb14d14d8205cfcd\generate.stamp.rule" 항목에 대한 사용자 지정 빌드에 성공했지만 지정한 종속성 "d:\qt\6.9.0\msvc2022_64\lib\cmake\qt6qml\qmlplugins\qt6qtquickcontrols2universalstyleimplpluginconfig.cmake"이(가) 없습니다. 이 오류로 인해 증분 빌드가 제대로 작동하지 않을 수 있습니다.
C:\Program Files\Microsoft Visual Studio\2022\Community\MSBuild\Microsoft\VC\v170\Microsoft.CppCommon.targets(237,5): warning MSB8064: "D:\cybermed\daddy\dependency\sdk-VTK-9.4.2\build_msvc\CMakeFiles\fdeeef45baa0dc57bb14d14d8205cfcd\generate.stamp.rule" 항목에 대한 사용자 지정 빌드에 성공했지만 지정한 종속성 "d:\qt\6.9.0\msvc2022_64\lib\cmake\qt6qml\qmlplugins\qt6qtquickcontrols2universalstyleimplplugintargets-debug.cmake"이(가) 없습니다. 이 오류로 인해 증분 빌드가 제대로 작동하지 않을 수 있습니다.
C:\Program Files\Microsoft Visual Studio\2022\Community\MSBuild\Microsoft\VC\v170\Microsoft.CppCommon.targets(237,5): warning MSB8064: "D:\cybermed\daddy\dependency\sdk-VTK-9.4.2\build_msvc\CMakeFiles\fdeeef45baa0dc57bb14d14d8205cfcd\generate.stamp.rule" 항목에 대한 사용자 지정 빌드에 성공했지만 지정한 종속성 "d:\qt\6.9.0\msvc2022_64\lib\cmake\qt6qml\qmlplugins\qt6qtquickcontrols2universalstyleimplplugintargets-relwithdebinfo.cmake"이(가) 없습니다. 이 오류로 인해 증분 빌드가 제대로 작동하지 않을 수 있습니다.
C:\Program Files\Microsoft Visual Studio\2022\Community\MSBuild\Microsoft\VC\v170\Microsoft.CppCommon.targets(237,5): warning MSB8064: "D:\cybermed\daddy\dependency\sdk-VTK-9.4.2\build_msvc\CMakeFiles\fdeeef45baa0dc57bb14d14d8205cfcd\generate.stamp.rule" 항목에 대한 사용자 지정 빌드에 성공했지만 지정한 종속성 "d:\qt\6.9.0\msvc2022_64\lib\cmake\qt6qml\qmlplugins\qt6qtquickcontrols2universalstyleimplplugintargets.cmake"이(가) 없습니다. 이 오류로 인해 증분 빌드가 제대로 작동하지 않을 수 있습니다.
C:\Program Files\Microsoft Visual Studio\2022\Community\MSBuild\Microsoft\VC\v170\Microsoft.CppCommon.targets(237,5): warning MSB8064: "D:\cybermed\daddy\dependency\sdk-VTK-9.4.2\build_msvc\CMakeFiles\fdeeef45baa0dc57bb14d14d8205cfcd\generate.stamp.rule" 항목에 대한 사용자 지정 빌드에 성공했지만 지정한 종속성 "d:\qt\6.9.0\msvc2022_64\lib\cmake\qt6qml\qmlplugins\qt6qtquickcontrols2universalstylepluginadditionaltargetinfo.cmake"이(가) 없습니다. 이 오류로 인해 증분 빌드가 제대로 작동하지 않을 수 있습니다.
C:\Program Files\Microsoft Visual Studio\2022\Community\MSBuild\Microsoft\VC\v170\Microsoft.CppCommon.targets(237,5): warning MSB8064: "D:\cybermed\daddy\dependency\sdk-VTK-9.4.2\build_msvc\CMakeFiles\fdeeef45baa0dc57bb14d14d8205cfcd\generate.stamp.rule" 항목에 대한 사용자 지정 빌드에 성공했지만 지정한 종속성 "d:\qt\6.9.0\msvc2022_64\lib\cmake\qt6qml\qmlplugins\qt6qtquickcontrols2universalstylepluginconfig.cmake"이(가) 없습니다. 이 오류로 인해 증분 빌드가 제대로 작동하지 않을 수 있습니다.
C:\Program Files\Microsoft Visual Studio\2022\Community\MSBuild\Microsoft\VC\v170\Microsoft.CppCommon.targets(237,5): warning MSB8064: "D:\cybermed\daddy\dependency\sdk-VTK-9.4.2\build_msvc\CMakeFiles\fdeeef45baa0dc57bb14d14d8205cfcd\generate.stamp.rule" 항목에 대한 사용자 지정 빌드에 성공했지만 지정한 종속성 "d:\qt\6.9.0\msvc2022_64\lib\cmake\qt6qml\qmlplugins\qt6qtquickcontrols2universalstyleplugintargets-debug.cmake"이(가) 없습니다. 이 오류로 인해 증분 빌드가 제대로 작동하지 않을 수 있습니다.
C:\Program Files\Microsoft Visual Studio\2022\Community\MSBuild\Microsoft\VC\v170\Microsoft.CppCommon.targets(237,5): warning MSB8064: "D:\cybermed\daddy\dependency\sdk-VTK-9.4.2\build_msvc\CMakeFiles\fdeeef45baa0dc57bb14d14d8205cfcd\generate.stamp.rule" 항목에 대한 사용자 지정 빌드에 성공했지만 지정한 종속성 "d:\qt\6.9.0\msvc2022_64\lib\cmake\qt6qml\qmlplugins\qt6qtquickcontrols2universalstyleplugintargets-relwithdebinfo.cmake"이(가) 없습니다. 이 오류로 인해 증분 빌드가 제대로 작동하지 않을 수 있습니다.
C:\Program Files\Microsoft Visual Studio\2022\Community\MSBuild\Microsoft\VC\v170\Microsoft.CppCommon.targets(237,5): warning MSB8064: "D:\cybermed\daddy\dependency\sdk-VTK-9.4.2\build_msvc\CMakeFiles\fdeeef45baa0dc57bb14d14d8205cfcd\generate.stamp.rule" 항목에 대한 사용자 지정 빌드에 성공했지만 지정한 종속성 "d:\qt\6.9.0\msvc2022_64\lib\cmake\qt6qml\qmlplugins\qt6qtquickcontrols2universalstyleplugintargets.cmake"이(가) 없습니다. 이 오류로 인해 증분 빌드가 제대로 작동하지 않을 수 있습니다.
C:\Program Files\Microsoft Visual Studio\2022\Community\MSBuild\Microsoft\VC\v170\Microsoft.CppCommon.targets(237,5): warning MSB8064: "D:\cybermed\daddy\dependency\sdk-VTK-9.4.2\build_msvc\CMakeFiles\fdeeef45baa0dc57bb14d14d8205cfcd\generate.stamp.rule" 항목에 대한 사용자 지정 빌드에 성공했지만 지정한 종속성 "d:\qt\6.9.0\msvc2022_64\lib\cmake\qt6qml\qmlplugins\qt6qtquickcontrols2windowsstyleimplpluginadditionaltargetinfo.cmake"이(가) 없습니다. 이 오류로 인해 증분 빌드가 제대로 작동하지 않을 수 있습니다.
C:\Program Files\Microsoft Visual Studio\2022\Community\MSBuild\Microsoft\VC\v170\Microsoft.CppCommon.targets(237,5): warning MSB8064: "D:\cybermed\daddy\dependency\sdk-VTK-9.4.2\build_msvc\CMakeFiles\fdeeef45baa0dc57bb14d14d8205cfcd\generate.stamp.rule" 항목에 대한 사용자 지정 빌드에 성공했지만 지정한 종속성 "d:\qt\6.9.0\msvc2022_64\lib\cmake\qt6qml\qmlplugins\qt6qtquickcontrols2windowsstyleimplpluginconfig.cmake"이(가) 없습니다. 이 오류로 인해 증분 빌드가 제대로 작동하지 않을 수 있습니다.
C:\Program Files\Microsoft Visual Studio\2022\Community\MSBuild\Microsoft\VC\v170\Microsoft.CppCommon.targets(237,5): warning MSB8064: "D:\cybermed\daddy\dependency\sdk-VTK-9.4.2\build_msvc\CMakeFiles\fdeeef45baa0dc57bb14d14d8205cfcd\generate.stamp.rule" 항목에 대한 사용자 지정 빌드에 성공했지만 지정한 종속성 "d:\qt\6.9.0\msvc2022_64\lib\cmake\qt6qml\qmlplugins\qt6qtquickcontrols2windowsstyleimplplugintargets-debug.cmake"이(가) 없습니다. 이 오류로 인해 증분 빌드가 제대로 작동하지 않을 수 있습니다.
C:\Program Files\Microsoft Visual Studio\2022\Community\MSBuild\Microsoft\VC\v170\Microsoft.CppCommon.targets(237,5): warning MSB8064: "D:\cybermed\daddy\dependency\sdk-VTK-9.4.2\build_msvc\CMakeFiles\fdeeef45baa0dc57bb14d14d8205cfcd\generate.stamp.rule" 항목에 대한 사용자 지정 빌드에 성공했지만 지정한 종속성 "d:\qt\6.9.0\msvc2022_64\lib\cmake\qt6qml\qmlplugins\qt6qtquickcontrols2windowsstyleimplplugintargets-relwithdebinfo.cmake"이(가) 없습니다. 이 오류로 인해 증분 빌드가 제대로 작동하지 않을 수 있습니다.
C:\Program Files\Microsoft Visual Studio\2022\Community\MSBuild\Microsoft\VC\v170\Microsoft.CppCommon.targets(237,5): warning MSB8064: "D:\cybermed\daddy\dependency\sdk-VTK-9.4.2\build_msvc\CMakeFiles\fdeeef45baa0dc57bb14d14d8205cfcd\generate.stamp.rule" 항목에 대한 사용자 지정 빌드에 성공했지만 지정한 종속성 "d:\qt\6.9.0\msvc2022_64\lib\cmake\qt6qml\qmlplugins\qt6qtquickcontrols2windowsstyleimplplugintargets.cmake"이(가) 없습니다. 이 오류로 인해 증분 빌드가 제대로 작동하지 않을 수 있습니다.
C:\Program Files\Microsoft Visual Studio\2022\Community\MSBuild\Microsoft\VC\v170\Microsoft.CppCommon.targets(237,5): warning MSB8064: "D:\cybermed\daddy\dependency\sdk-VTK-9.4.2\build_msvc\CMakeFiles\fdeeef45baa0dc57bb14d14d8205cfcd\generate.stamp.rule" 항목에 대한 사용자 지정 빌드에 성공했지만 지정한 종속성 "d:\qt\6.9.0\msvc2022_64\lib\cmake\qt6qml\qmlplugins\qt6qtquickcontrols2windowsstylepluginadditionaltargetinfo.cmake"이(가) 없습니다. 이 오류로 인해 증분 빌드가 제대로 작동하지 않을 수 있습니다.
C:\Program Files\Microsoft Visual Studio\2022\Community\MSBuild\Microsoft\VC\v170\Microsoft.CppCommon.targets(237,5): warning MSB8064: "D:\cybermed\daddy\dependency\sdk-VTK-9.4.2\build_msvc\CMakeFiles\fdeeef45baa0dc57bb14d14d8205cfcd\generate.stamp.rule" 항목에 대한 사용자 지정 빌드에 성공했지만 지정한 종속성 "d:\qt\6.9.0\msvc2022_64\lib\cmake\qt6qml\qmlplugins\qt6qtquickcontrols2windowsstylepluginconfig.cmake"이(가) 없습니다. 이 오류로 인해 증분 빌드가 제대로 작동하지 않을 수 있습니다.
C:\Program Files\Microsoft Visual Studio\2022\Community\MSBuild\Microsoft\VC\v170\Microsoft.CppCommon.targets(237,5): warning MSB8064: "D:\cybermed\daddy\dependency\sdk-VTK-9.4.2\build_msvc\CMakeFiles\fdeeef45baa0dc57bb14d14d8205cfcd\generate.stamp.rule" 항목에 대한 사용자 지정 빌드에 성공했지만 지정한 종속성 "d:\qt\6.9.0\msvc2022_64\lib\cmake\qt6qml\qmlplugins\qt6qtquickcontrols2windowsstyleplugintargets-debug.cmake"이(가) 없습니다. 이 오류로 인해 증분 빌드가 제대로 작동하지 않을 수 있습니다.
C:\Program Files\Microsoft Visual Studio\2022\Community\MSBuild\Microsoft\VC\v170\Microsoft.CppCommon.targets(237,5): warning MSB8064: "D:\cybermed\daddy\dependency\sdk-VTK-9.4.2\build_msvc\CMakeFiles\fdeeef45baa0dc57bb14d14d8205cfcd\generate.stamp.rule" 항목에 대한 사용자 지정 빌드에 성공했지만 지정한 종속성 "d:\qt\6.9.0\msvc2022_64\lib\cmake\qt6qml\qmlplugins\qt6qtquickcontrols2windowsstyleplugintargets-relwithdebinfo.cmake"이(가) 없습니다. 이 오류로 인해 증분 빌드가 제대로 작동하지 않을 수 있습니다.
C:\Program Files\Microsoft Visual Studio\2022\Community\MSBuild\Microsoft\VC\v170\Microsoft.CppCommon.targets(237,5): warning MSB8064: "D:\cybermed\daddy\dependency\sdk-VTK-9.4.2\build_msvc\CMakeFiles\fdeeef45baa0dc57bb14d14d8205cfcd\generate.stamp.rule" 항목에 대한 사용자 지정 빌드에 성공했지만 지정한 종속성 "d:\qt\6.9.0\msvc2022_64\lib\cmake\qt6qml\qmlplugins\qt6qtquickcontrols2windowsstyleplugintargets.cmake"이(가) 없습니다. 이 오류로 인해 증분 빌드가 제대로 작동하지 않을 수 있습니다.
C:\Program Files\Microsoft Visual Studio\2022\Community\MSBuild\Microsoft\VC\v170\Microsoft.CppCommon.targets(237,5): warning MSB8064: "D:\cybermed\daddy\dependency\sdk-VTK-9.4.2\build_msvc\CMakeFiles\fdeeef45baa0dc57bb14d14d8205cfcd\generate.stamp.rule" 항목에 대한 사용자 지정 빌드에 성공했지만 지정한 종속성 "d:\qt\6.9.0\msvc2022_64\lib\cmake\qt6qml\qmlplugins\qt6qtquickdialogs2quickimplpluginadditionaltargetinfo.cmake"이(가) 없습니다. 이 오류로 인해 증분 빌드가 제대로 작동하지 않을 수 있습니다.
C:\Program Files\Microsoft Visual Studio\2022\Community\MSBuild\Microsoft\VC\v170\Microsoft.CppCommon.targets(237,5): warning MSB8064: "D:\cybermed\daddy\dependency\sdk-VTK-9.4.2\build_msvc\CMakeFiles\fdeeef45baa0dc57bb14d14d8205cfcd\generate.stamp.rule" 항목에 대한 사용자 지정 빌드에 성공했지만 지정한 종속성 "d:\qt\6.9.0\msvc2022_64\lib\cmake\qt6qml\qmlplugins\qt6qtquickdialogs2quickimplpluginconfig.cmake"이(가) 없습니다. 이 오류로 인해 증분 빌드가 제대로 작동하지 않을 수 있습니다.
C:\Program Files\Microsoft Visual Studio\2022\Community\MSBuild\Microsoft\VC\v170\Microsoft.CppCommon.targets(237,5): warning MSB8064: "D:\cybermed\daddy\dependency\sdk-VTK-9.4.2\build_msvc\CMakeFiles\fdeeef45baa0dc57bb14d14d8205cfcd\generate.stamp.rule" 항목에 대한 사용자 지정 빌드에 성공했지만 지정한 종속성 "d:\qt\6.9.0\msvc2022_64\lib\cmake\qt6qml\qmlplugins\qt6qtquickdialogs2quickimplplugintargets-debug.cmake"이(가) 없습니다. 이 오류로 인해 증분 빌드가 제대로 작동하지 않을 수 있습니다.
C:\Program Files\Microsoft Visual Studio\2022\Community\MSBuild\Microsoft\VC\v170\Microsoft.CppCommon.targets(237,5): warning MSB8064: "D:\cybermed\daddy\dependency\sdk-VTK-9.4.2\build_msvc\CMakeFiles\fdeeef45baa0dc57bb14d14d8205cfcd\generate.stamp.rule" 항목에 대한 사용자 지정 빌드에 성공했지만 지정한 종속성 "d:\qt\6.9.0\msvc2022_64\lib\cmake\qt6qml\qmlplugins\qt6qtquickdialogs2quickimplplugintargets-relwithdebinfo.cmake"이(가) 없습니다. 이 오류로 인해 증분 빌드가 제대로 작동하지 않을 수 있습니다.
C:\Program Files\Microsoft Visual Studio\2022\Community\MSBuild\Microsoft\VC\v170\Microsoft.CppCommon.targets(237,5): warning MSB8064: "D:\cybermed\daddy\dependency\sdk-VTK-9.4.2\build_msvc\CMakeFiles\fdeeef45baa0dc57bb14d14d8205cfcd\generate.stamp.rule" 항목에 대한 사용자 지정 빌드에 성공했지만 지정한 종속성 "d:\qt\6.9.0\msvc2022_64\lib\cmake\qt6qml\qmlplugins\qt6qtquickdialogs2quickimplplugintargets.cmake"이(가) 없습니다. 이 오류로 인해 증분 빌드가 제대로 작동하지 않을 수 있습니다.
C:\Program Files\Microsoft Visual Studio\2022\Community\MSBuild\Microsoft\VC\v170\Microsoft.CppCommon.targets(237,5): warning MSB8064: "D:\cybermed\daddy\dependency\sdk-VTK-9.4.2\build_msvc\CMakeFiles\fdeeef45baa0dc57bb14d14d8205cfcd\generate.stamp.rule" 항목에 대한 사용자 지정 빌드에 성공했지만 지정한 종속성 "d:\qt\6.9.0\msvc2022_64\lib\cmake\qt6qml\qmlplugins\qt6qtquickdialogspluginadditionaltargetinfo.cmake"이(가) 없습니다. 이 오류로 인해 증분 빌드가 제대로 작동하지 않을 수 있습니다.
C:\Program Files\Microsoft Visual Studio\2022\Community\MSBuild\Microsoft\VC\v170\Microsoft.CppCommon.targets(237,5): warning MSB8064: "D:\cybermed\daddy\dependency\sdk-VTK-9.4.2\build_msvc\CMakeFiles\fdeeef45baa0dc57bb14d14d8205cfcd\generate.stamp.rule" 항목에 대한 사용자 지정 빌드에 성공했지만 지정한 종속성 "d:\qt\6.9.0\msvc2022_64\lib\cmake\qt6qml\qmlplugins\qt6qtquickdialogspluginconfig.cmake"이(가) 없습니다. 이 오류로 인해 증분 빌드가 제대로 작동하지 않을 수 있습니다.
C:\Program Files\Microsoft Visual Studio\2022\Community\MSBuild\Microsoft\VC\v170\Microsoft.CppCommon.targets(237,5): warning MSB8064: "D:\cybermed\daddy\dependency\sdk-VTK-9.4.2\build_msvc\CMakeFiles\fdeeef45baa0dc57bb14d14d8205cfcd\generate.stamp.rule" 항목에 대한 사용자 지정 빌드에 성공했지만 지정한 종속성 "d:\qt\6.9.0\msvc2022_64\lib\cmake\qt6qml\qmlplugins\qt6qtquickdialogsplugintargets-debug.cmake"이(가) 없습니다. 이 오류로 인해 증분 빌드가 제대로 작동하지 않을 수 있습니다.
C:\Program Files\Microsoft Visual Studio\2022\Community\MSBuild\Microsoft\VC\v170\Microsoft.CppCommon.targets(237,5): warning MSB8064: "D:\cybermed\daddy\dependency\sdk-VTK-9.4.2\build_msvc\CMakeFiles\fdeeef45baa0dc57bb14d14d8205cfcd\generate.stamp.rule" 항목에 대한 사용자 지정 빌드에 성공했지만 지정한 종속성 "d:\qt\6.9.0\msvc2022_64\lib\cmake\qt6qml\qmlplugins\qt6qtquickdialogsplugintargets-relwithdebinfo.cmake"이(가) 없습니다. 이 오류로 인해 증분 빌드가 제대로 작동하지 않을 수 있습니다.
C:\Program Files\Microsoft Visual Studio\2022\Community\MSBuild\Microsoft\VC\v170\Microsoft.CppCommon.targets(237,5): warning MSB8064: "D:\cybermed\daddy\dependency\sdk-VTK-9.4.2\build_msvc\CMakeFiles\fdeeef45baa0dc57bb14d14d8205cfcd\generate.stamp.rule" 항목에 대한 사용자 지정 빌드에 성공했지만 지정한 종속성 "d:\qt\6.9.0\msvc2022_64\lib\cmake\qt6qml\qmlplugins\qt6qtquickdialogsplugintargets.cmake"이(가) 없습니다. 이 오류로 인해 증분 빌드가 제대로 작동하지 않을 수 있습니다.
C:\Program Files\Microsoft Visual Studio\2022\Community\MSBuild\Microsoft\VC\v170\Microsoft.CppCommon.targets(237,5): warning MSB8064: "D:\cybermed\daddy\dependency\sdk-VTK-9.4.2\build_msvc\CMakeFiles\fdeeef45baa0dc57bb14d14d8205cfcd\generate.stamp.rule" 항목에 대한 사용자 지정 빌드에 성공했지만 지정한 종속성 "d:\qt\6.9.0\msvc2022_64\lib\cmake\qt6qml\qmlplugins\qt6qtquickscene2dpluginadditionaltargetinfo.cmake"이(가) 없습니다. 이 오류로 인해 증분 빌드가 제대로 작동하지 않을 수 있습니다.
C:\Program Files\Microsoft Visual Studio\2022\Community\MSBuild\Microsoft\VC\v170\Microsoft.CppCommon.targets(237,5): warning MSB8064: "D:\cybermed\daddy\dependency\sdk-VTK-9.4.2\build_msvc\CMakeFiles\fdeeef45baa0dc57bb14d14d8205cfcd\generate.stamp.rule" 항목에 대한 사용자 지정 빌드에 성공했지만 지정한 종속성 "d:\qt\6.9.0\msvc2022_64\lib\cmake\qt6qml\qmlplugins\qt6qtquickscene2dpluginconfig.cmake"이(가) 없습니다. 이 오류로 인해 증분 빌드가 제대로 작동하지 않을 수 있습니다.
C:\Program Files\Microsoft Visual Studio\2022\Community\MSBuild\Microsoft\VC\v170\Microsoft.CppCommon.targets(237,5): warning MSB8064: "D:\cybermed\daddy\dependency\sdk-VTK-9.4.2\build_msvc\CMakeFiles\fdeeef45baa0dc57bb14d14d8205cfcd\generate.stamp.rule" 항목에 대한 사용자 지정 빌드에 성공했지만 지정한 종속성 "d:\qt\6.9.0\msvc2022_64\lib\cmake\qt6qml\qmlplugins\qt6qtquickscene2dplugintargets-debug.cmake"이(가) 없습니다. 이 오류로 인해 증분 빌드가 제대로 작동하지 않을 수 있습니다.
C:\Program Files\Microsoft Visual Studio\2022\Community\MSBuild\Microsoft\VC\v170\Microsoft.CppCommon.targets(237,5): warning MSB8064: "D:\cybermed\daddy\dependency\sdk-VTK-9.4.2\build_msvc\CMakeFiles\fdeeef45baa0dc57bb14d14d8205cfcd\generate.stamp.rule" 항목에 대한 사용자 지정 빌드에 성공했지만 지정한 종속성 "d:\qt\6.9.0\msvc2022_64\lib\cmake\qt6qml\qmlplugins\qt6qtquickscene2dplugintargets-relwithdebinfo.cmake"이(가) 없습니다. 이 오류로 인해 증분 빌드가 제대로 작동하지 않을 수 있습니다.
C:\Program Files\Microsoft Visual Studio\2022\Community\MSBuild\Microsoft\VC\v170\Microsoft.CppCommon.targets(237,5): warning MSB8064: "D:\cybermed\daddy\dependency\sdk-VTK-9.4.2\build_msvc\CMakeFiles\fdeeef45baa0dc57bb14d14d8205cfcd\generate.stamp.rule" 항목에 대한 사용자 지정 빌드에 성공했지만 지정한 종속성 "d:\qt\6.9.0\msvc2022_64\lib\cmake\qt6qml\qmlplugins\qt6qtquickscene2dplugintargets.cmake"이(가) 없습니다. 이 오류로 인해 증분 빌드가 제대로 작동하지 않을 수 있습니다.
C:\Program Files\Microsoft Visual Studio\2022\Community\MSBuild\Microsoft\VC\v170\Microsoft.CppCommon.targets(237,5): warning MSB8064: "D:\cybermed\daddy\dependency\sdk-VTK-9.4.2\build_msvc\CMakeFiles\fdeeef45baa0dc57bb14d14d8205cfcd\generate.stamp.rule" 항목에 대한 사용자 지정 빌드에 성공했지만 지정한 종속성 "d:\qt\6.9.0\msvc2022_64\lib\cmake\qt6qml\qmlplugins\qt6qtquickscene3dpluginadditionaltargetinfo.cmake"이(가) 없습니다. 이 오류로 인해 증분 빌드가 제대로 작동하지 않을 수 있습니다.
C:\Program Files\Microsoft Visual Studio\2022\Community\MSBuild\Microsoft\VC\v170\Microsoft.CppCommon.targets(237,5): warning MSB8064: "D:\cybermed\daddy\dependency\sdk-VTK-9.4.2\build_msvc\CMakeFiles\fdeeef45baa0dc57bb14d14d8205cfcd\generate.stamp.rule" 항목에 대한 사용자 지정 빌드에 성공했지만 지정한 종속성 "d:\qt\6.9.0\msvc2022_64\lib\cmake\qt6qml\qmlplugins\qt6qtquickscene3dpluginconfig.cmake"이(가) 없습니다. 이 오류로 인해 증분 빌드가 제대로 작동하지 않을 수 있습니다.
C:\Program Files\Microsoft Visual Studio\2022\Community\MSBuild\Microsoft\VC\v170\Microsoft.CppCommon.targets(237,5): warning MSB8064: "D:\cybermed\daddy\dependency\sdk-VTK-9.4.2\build_msvc\CMakeFiles\fdeeef45baa0dc57bb14d14d8205cfcd\generate.stamp.rule" 항목에 대한 사용자 지정 빌드에 성공했지만 지정한 종속성 "d:\qt\6.9.0\msvc2022_64\lib\cmake\qt6qml\qmlplugins\qt6qtquickscene3dplugintargets-debug.cmake"이(가) 없습니다. 이 오류로 인해 증분 빌드가 제대로 작동하지 않을 수 있습니다.
C:\Program Files\Microsoft Visual Studio\2022\Community\MSBuild\Microsoft\VC\v170\Microsoft.CppCommon.targets(237,5): warning MSB8064: "D:\cybermed\daddy\dependency\sdk-VTK-9.4.2\build_msvc\CMakeFiles\fdeeef45baa0dc57bb14d14d8205cfcd\generate.stamp.rule" 항목에 대한 사용자 지정 빌드에 성공했지만 지정한 종속성 "d:\qt\6.9.0\msvc2022_64\lib\cmake\qt6qml\qmlplugins\qt6qtquickscene3dplugintargets-relwithdebinfo.cmake"이(가) 없습니다. 이 오류로 인해 증분 빌드가 제대로 작동하지 않을 수 있습니다.
C:\Program Files\Microsoft Visual Studio\2022\Community\MSBuild\Microsoft\VC\v170\Microsoft.CppCommon.targets(237,5): warning MSB8064: "D:\cybermed\daddy\dependency\sdk-VTK-9.4.2\build_msvc\CMakeFiles\fdeeef45baa0dc57bb14d14d8205cfcd\generate.stamp.rule" 항목에 대한 사용자 지정 빌드에 성공했지만 지정한 종속성 "d:\qt\6.9.0\msvc2022_64\lib\cmake\qt6qml\qmlplugins\qt6qtquickscene3dplugintargets.cmake"이(가) 없습니다. 이 오류로 인해 증분 빌드가 제대로 작동하지 않을 수 있습니다.
C:\Program Files\Microsoft Visual Studio\2022\Community\MSBuild\Microsoft\VC\v170\Microsoft.CppCommon.targets(237,5): warning MSB8064: "D:\cybermed\daddy\dependency\sdk-VTK-9.4.2\build_msvc\CMakeFiles\fdeeef45baa0dc57bb14d14d8205cfcd\generate.stamp.rule" 항목에 대한 사용자 지정 빌드에 성공했지만 지정한 종속성 "d:\qt\6.9.0\msvc2022_64\lib\cmake\qt6qml\qmlplugins\qt6qtquicktemplates2pluginadditionaltargetinfo.cmake"이(가) 없습니다. 이 오류로 인해 증분 빌드가 제대로 작동하지 않을 수 있습니다.
C:\Program Files\Microsoft Visual Studio\2022\Community\MSBuild\Microsoft\VC\v170\Microsoft.CppCommon.targets(237,5): warning MSB8064: "D:\cybermed\daddy\dependency\sdk-VTK-9.4.2\build_msvc\CMakeFiles\fdeeef45baa0dc57bb14d14d8205cfcd\generate.stamp.rule" 항목에 대한 사용자 지정 빌드에 성공했지만 지정한 종속성 "d:\qt\6.9.0\msvc2022_64\lib\cmake\qt6qml\qmlplugins\qt6qtquicktemplates2pluginconfig.cmake"이(가) 없습니다. 이 오류로 인해 증분 빌드가 제대로 작동하지 않을 수 있습니다.
C:\Program Files\Microsoft Visual Studio\2022\Community\MSBuild\Microsoft\VC\v170\Microsoft.CppCommon.targets(237,5): warning MSB8064: "D:\cybermed\daddy\dependency\sdk-VTK-9.4.2\build_msvc\CMakeFiles\fdeeef45baa0dc57bb14d14d8205cfcd\generate.stamp.rule" 항목에 대한 사용자 지정 빌드에 성공했지만 지정한 종속성 "d:\qt\6.9.0\msvc2022_64\lib\cmake\qt6qml\qmlplugins\qt6qtquicktemplates2plugintargets-debug.cmake"이(가) 없습니다. 이 오류로 인해 증분 빌드가 제대로 작동하지 않을 수 있습니다.
C:\Program Files\Microsoft Visual Studio\2022\Community\MSBuild\Microsoft\VC\v170\Microsoft.CppCommon.targets(237,5): warning MSB8064: "D:\cybermed\daddy\dependency\sdk-VTK-9.4.2\build_msvc\CMakeFiles\fdeeef45baa0dc57bb14d14d8205cfcd\generate.stamp.rule" 항목에 대한 사용자 지정 빌드에 성공했지만 지정한 종속성 "d:\qt\6.9.0\msvc2022_64\lib\cmake\qt6qml\qmlplugins\qt6qtquicktemplates2plugintargets-relwithdebinfo.cmake"이(가) 없습니다. 이 오류로 인해 증분 빌드가 제대로 작동하지 않을 수 있습니다.
C:\Program Files\Microsoft Visual Studio\2022\Community\MSBuild\Microsoft\VC\v170\Microsoft.CppCommon.targets(237,5): warning MSB8064: "D:\cybermed\daddy\dependency\sdk-VTK-9.4.2\build_msvc\CMakeFiles\fdeeef45baa0dc57bb14d14d8205cfcd\generate.stamp.rule" 항목에 대한 사용자 지정 빌드에 성공했지만 지정한 종속성 "d:\qt\6.9.0\msvc2022_64\lib\cmake\qt6qml\qmlplugins\qt6qtquicktemplates2plugintargets.cmake"이(가) 없습니다. 이 오류로 인해 증분 빌드가 제대로 작동하지 않을 수 있습니다.
C:\Program Files\Microsoft Visual Studio\2022\Community\MSBuild\Microsoft\VC\v170\Microsoft.CppCommon.targets(237,5): warning MSB8064: "D:\cybermed\daddy\dependency\sdk-VTK-9.4.2\build_msvc\CMakeFiles\fdeeef45baa0dc57bb14d14d8205cfcd\generate.stamp.rule" 항목에 대한 사용자 지정 빌드에 성공했지만 지정한 종속성 "d:\qt\6.9.0\msvc2022_64\lib\cmake\qt6qml\qmlplugins\qt6qtwebenginequickdelegatespluginadditionaltargetinfo.cmake"이(가) 없습니다. 이 오류로 인해 증분 빌드가 제대로 작동하지 않을 수 있습니다.
C:\Program Files\Microsoft Visual Studio\2022\Community\MSBuild\Microsoft\VC\v170\Microsoft.CppCommon.targets(237,5): warning MSB8064: "D:\cybermed\daddy\dependency\sdk-VTK-9.4.2\build_msvc\CMakeFiles\fdeeef45baa0dc57bb14d14d8205cfcd\generate.stamp.rule" 항목에 대한 사용자 지정 빌드에 성공했지만 지정한 종속성 "d:\qt\6.9.0\msvc2022_64\lib\cmake\qt6qml\qmlplugins\qt6qtwebenginequickdelegatespluginconfig.cmake"이(가) 없습니다. 이 오류로 인해 증분 빌드가 제대로 작동하지 않을 수 있습니다.
C:\Program Files\Microsoft Visual Studio\2022\Community\MSBuild\Microsoft\VC\v170\Microsoft.CppCommon.targets(237,5): warning MSB8064: "D:\cybermed\daddy\dependency\sdk-VTK-9.4.2\build_msvc\CMakeFiles\fdeeef45baa0dc57bb14d14d8205cfcd\generate.stamp.rule" 항목에 대한 사용자 지정 빌드에 성공했지만 지정한 종속성 "d:\qt\6.9.0\msvc2022_64\lib\cmake\qt6qml\qmlplugins\qt6qtwebenginequickdelegatesplugintargets-debug.cmake"이(가) 없습니다. 이 오류로 인해 증분 빌드가 제대로 작동하지 않을 수 있습니다.
C:\Program Files\Microsoft Visual Studio\2022\Community\MSBuild\Microsoft\VC\v170\Microsoft.CppCommon.targets(237,5): warning MSB8064: "D:\cybermed\daddy\dependency\sdk-VTK-9.4.2\build_msvc\CMakeFiles\fdeeef45baa0dc57bb14d14d8205cfcd\generate.stamp.rule" 항목에 대한 사용자 지정 빌드에 성공했지만 지정한 종속성 "d:\qt\6.9.0\msvc2022_64\lib\cmake\qt6qml\qmlplugins\qt6qtwebenginequickdelegatesplugintargets-relwithdebinfo.cmake"이(가) 없습니다. 이 오류로 인해 증분 빌드가 제대로 작동하지 않을 수 있습니다.
C:\Program Files\Microsoft Visual Studio\2022\Community\MSBuild\Microsoft\VC\v170\Microsoft.CppCommon.targets(237,5): warning MSB8064: "D:\cybermed\daddy\dependency\sdk-VTK-9.4.2\build_msvc\CMakeFiles\fdeeef45baa0dc57bb14d14d8205cfcd\generate.stamp.rule" 항목에 대한 사용자 지정 빌드에 성공했지만 지정한 종속성 "d:\qt\6.9.0\msvc2022_64\lib\cmake\qt6qml\qmlplugins\qt6qtwebenginequickdelegatesplugintargets.cmake"이(가) 없습니다. 이 오류로 인해 증분 빌드가 제대로 작동하지 않을 수 있습니다.
C:\Program Files\Microsoft Visual Studio\2022\Community\MSBuild\Microsoft\VC\v170\Microsoft.CppCommon.targets(237,5): warning MSB8064: "D:\cybermed\daddy\dependency\sdk-VTK-9.4.2\build_msvc\CMakeFiles\fdeeef45baa0dc57bb14d14d8205cfcd\generate.stamp.rule" 항목에 대한 사용자 지정 빌드에 성공했지만 지정한 종속성 "d:\qt\6.9.0\msvc2022_64\lib\cmake\qt6qml\qmlplugins\qt6qtwebenginequickpluginadditionaltargetinfo.cmake"이(가) 없습니다. 이 오류로 인해 증분 빌드가 제대로 작동하지 않을 수 있습니다.
C:\Program Files\Microsoft Visual Studio\2022\Community\MSBuild\Microsoft\VC\v170\Microsoft.CppCommon.targets(237,5): warning MSB8064: "D:\cybermed\daddy\dependency\sdk-VTK-9.4.2\build_msvc\CMakeFiles\fdeeef45baa0dc57bb14d14d8205cfcd\generate.stamp.rule" 항목에 대한 사용자 지정 빌드에 성공했지만 지정한 종속성 "d:\qt\6.9.0\msvc2022_64\lib\cmake\qt6qml\qmlplugins\qt6qtwebenginequickpluginconfig.cmake"이(가) 없습니다. 이 오류로 인해 증분 빌드가 제대로 작동하지 않을 수 있습니다.
C:\Program Files\Microsoft Visual Studio\2022\Community\MSBuild\Microsoft\VC\v170\Microsoft.CppCommon.targets(237,5): warning MSB8064: "D:\cybermed\daddy\dependency\sdk-VTK-9.4.2\build_msvc\CMakeFiles\fdeeef45baa0dc57bb14d14d8205cfcd\generate.stamp.rule" 항목에 대한 사용자 지정 빌드에 성공했지만 지정한 종속성 "d:\qt\6.9.0\msvc2022_64\lib\cmake\qt6qml\qmlplugins\qt6qtwebenginequickplugintargets-debug.cmake"이(가) 없습니다. 이 오류로 인해 증분 빌드가 제대로 작동하지 않을 수 있습니다.
C:\Program Files\Microsoft Visual Studio\2022\Community\MSBuild\Microsoft\VC\v170\Microsoft.CppCommon.targets(237,5): warning MSB8064: "D:\cybermed\daddy\dependency\sdk-VTK-9.4.2\build_msvc\CMakeFiles\fdeeef45baa0dc57bb14d14d8205cfcd\generate.stamp.rule" 항목에 대한 사용자 지정 빌드에 성공했지만 지정한 종속성 "d:\qt\6.9.0\msvc2022_64\lib\cmake\qt6qml\qmlplugins\qt6qtwebenginequickplugintargets-relwithdebinfo.cmake"이(가) 없습니다. 이 오류로 인해 증분 빌드가 제대로 작동하지 않을 수 있습니다.
C:\Program Files\Microsoft Visual Studio\2022\Community\MSBuild\Microsoft\VC\v170\Microsoft.CppCommon.targets(237,5): warning MSB8064: "D:\cybermed\daddy\dependency\sdk-VTK-9.4.2\build_msvc\CMakeFiles\fdeeef45baa0dc57bb14d14d8205cfcd\generate.stamp.rule" 항목에 대한 사용자 지정 빌드에 성공했지만 지정한 종속성 "d:\qt\6.9.0\msvc2022_64\lib\cmake\qt6qml\qmlplugins\qt6qtwebenginequickplugintargets.cmake"이(가) 없습니다. 이 오류로 인해 증분 빌드가 제대로 작동하지 않을 수 있습니다.
C:\Program Files\Microsoft Visual Studio\2022\Community\MSBuild\Microsoft\VC\v170\Microsoft.CppCommon.targets(237,5): warning MSB8064: "D:\cybermed\daddy\dependency\sdk-VTK-9.4.2\build_msvc\CMakeFiles\fdeeef45baa0dc57bb14d14d8205cfcd\generate.stamp.rule" 항목에 대한 사용자 지정 빌드에 성공했지만 지정한 종속성 "d:\qt\6.9.0\msvc2022_64\lib\cmake\qt6qml\qmlplugins\qt6qtwebviewquickpluginadditionaltargetinfo.cmake"이(가) 없습니다. 이 오류로 인해 증분 빌드가 제대로 작동하지 않을 수 있습니다.
C:\Program Files\Microsoft Visual Studio\2022\Community\MSBuild\Microsoft\VC\v170\Microsoft.CppCommon.targets(237,5): warning MSB8064: "D:\cybermed\daddy\dependency\sdk-VTK-9.4.2\build_msvc\CMakeFiles\fdeeef45baa0dc57bb14d14d8205cfcd\generate.stamp.rule" 항목에 대한 사용자 지정 빌드에 성공했지만 지정한 종속성 "d:\qt\6.9.0\msvc2022_64\lib\cmake\qt6qml\qmlplugins\qt6qtwebviewquickpluginconfig.cmake"이(가) 없습니다. 이 오류로 인해 증분 빌드가 제대로 작동하지 않을 수 있습니다.
C:\Program Files\Microsoft Visual Studio\2022\Community\MSBuild\Microsoft\VC\v170\Microsoft.CppCommon.targets(237,5): warning MSB8064: "D:\cybermed\daddy\dependency\sdk-VTK-9.4.2\build_msvc\CMakeFiles\fdeeef45baa0dc57bb14d14d8205cfcd\generate.stamp.rule" 항목에 대한 사용자 지정 빌드에 성공했지만 지정한 종속성 "d:\qt\6.9.0\msvc2022_64\lib\cmake\qt6qml\qmlplugins\qt6qtwebviewquickplugintargets-debug.cmake"이(가) 없습니다. 이 오류로 인해 증분 빌드가 제대로 작동하지 않을 수 있습니다.
C:\Program Files\Microsoft Visual Studio\2022\Community\MSBuild\Microsoft\VC\v170\Microsoft.CppCommon.targets(237,5): warning MSB8064: "D:\cybermed\daddy\dependency\sdk-VTK-9.4.2\build_msvc\CMakeFiles\fdeeef45baa0dc57bb14d14d8205cfcd\generate.stamp.rule" 항목에 대한 사용자 지정 빌드에 성공했지만 지정한 종속성 "d:\qt\6.9.0\msvc2022_64\lib\cmake\qt6qml\qmlplugins\qt6qtwebviewquickplugintargets-relwithdebinfo.cmake"이(가) 없습니다. 이 오류로 인해 증분 빌드가 제대로 작동하지 않을 수 있습니다.
C:\Program Files\Microsoft Visual Studio\2022\Community\MSBuild\Microsoft\VC\v170\Microsoft.CppCommon.targets(237,5): warning MSB8064: "D:\cybermed\daddy\dependency\sdk-VTK-9.4.2\build_msvc\CMakeFiles\fdeeef45baa0dc57bb14d14d8205cfcd\generate.stamp.rule" 항목에 대한 사용자 지정 빌드에 성공했지만 지정한 종속성 "d:\qt\6.9.0\msvc2022_64\lib\cmake\qt6qml\qmlplugins\qt6qtwebviewquickplugintargets.cmake"이(가) 없습니다. 이 오류로 인해 증분 빌드가 제대로 작동하지 않을 수 있습니다.
C:\Program Files\Microsoft Visual Studio\2022\Community\MSBuild\Microsoft\VC\v170\Microsoft.CppCommon.targets(237,5): warning MSB8064: "D:\cybermed\daddy\dependency\sdk-VTK-9.4.2\build_msvc\CMakeFiles\fdeeef45baa0dc57bb14d14d8205cfcd\generate.stamp.rule" 항목에 대한 사용자 지정 빌드에 성공했지만 지정한 종속성 "d:\qt\6.9.0\msvc2022_64\lib\cmake\qt6qml\qmlplugins\qt6quick3danimationpluginadditionaltargetinfo.cmake"이(가) 없습니다. 이 오류로 인해 증분 빌드가 제대로 작동하지 않을 수 있습니다.
C:\Program Files\Microsoft Visual Studio\2022\Community\MSBuild\Microsoft\VC\v170\Microsoft.CppCommon.targets(237,5): warning MSB8064: "D:\cybermed\daddy\dependency\sdk-VTK-9.4.2\build_msvc\CMakeFiles\fdeeef45baa0dc57bb14d14d8205cfcd\generate.stamp.rule" 항목에 대한 사용자 지정 빌드에 성공했지만 지정한 종속성 "d:\qt\6.9.0\msvc2022_64\lib\cmake\qt6qml\qmlplugins\qt6quick3danimationpluginconfig.cmake"이(가) 없습니다. 이 오류로 인해 증분 빌드가 제대로 작동하지 않을 수 있습니다.
C:\Program Files\Microsoft Visual Studio\2022\Community\MSBuild\Microsoft\VC\v170\Microsoft.CppCommon.targets(237,5): warning MSB8064: "D:\cybermed\daddy\dependency\sdk-VTK-9.4.2\build_msvc\CMakeFiles\fdeeef45baa0dc57bb14d14d8205cfcd\generate.stamp.rule" 항목에 대한 사용자 지정 빌드에 성공했지만 지정한 종속성 "d:\qt\6.9.0\msvc2022_64\lib\cmake\qt6qml\qmlplugins\qt6quick3danimationplugintargets-debug.cmake"이(가) 없습니다. 이 오류로 인해 증분 빌드가 제대로 작동하지 않을 수 있습니다.
C:\Program Files\Microsoft Visual Studio\2022\Community\MSBuild\Microsoft\VC\v170\Microsoft.CppCommon.targets(237,5): warning MSB8064: "D:\cybermed\daddy\dependency\sdk-VTK-9.4.2\build_msvc\CMakeFiles\fdeeef45baa0dc57bb14d14d8205cfcd\generate.stamp.rule" 항목에 대한 사용자 지정 빌드에 성공했지만 지정한 종속성 "d:\qt\6.9.0\msvc2022_64\lib\cmake\qt6qml\qmlplugins\qt6quick3danimationplugintargets-relwithdebinfo.cmake"이(가) 없습니다. 이 오류로 인해 증분 빌드가 제대로 작동하지 않을 수 있습니다.
C:\Program Files\Microsoft Visual Studio\2022\Community\MSBuild\Microsoft\VC\v170\Microsoft.CppCommon.targets(237,5): warning MSB8064: "D:\cybermed\daddy\dependency\sdk-VTK-9.4.2\build_msvc\CMakeFiles\fdeeef45baa0dc57bb14d14d8205cfcd\generate.stamp.rule" 항목에 대한 사용자 지정 빌드에 성공했지만 지정한 종속성 "d:\qt\6.9.0\msvc2022_64\lib\cmake\qt6qml\qmlplugins\qt6quick3danimationplugintargets.cmake"이(가) 없습니다. 이 오류로 인해 증분 빌드가 제대로 작동하지 않을 수 있습니다.
C:\Program Files\Microsoft Visual Studio\2022\Community\MSBuild\Microsoft\VC\v170\Microsoft.CppCommon.targets(237,5): warning MSB8064: "D:\cybermed\daddy\dependency\sdk-VTK-9.4.2\build_msvc\CMakeFiles\fdeeef45baa0dc57bb14d14d8205cfcd\generate.stamp.rule" 항목에 대한 사용자 지정 빌드에 성공했지만 지정한 종속성 "d:\qt\6.9.0\msvc2022_64\lib\cmake\qt6qml\qmlplugins\qt6quick3dcorepluginadditionaltargetinfo.cmake"이(가) 없습니다. 이 오류로 인해 증분 빌드가 제대로 작동하지 않을 수 있습니다.
C:\Program Files\Microsoft Visual Studio\2022\Community\MSBuild\Microsoft\VC\v170\Microsoft.CppCommon.targets(237,5): warning MSB8064: "D:\cybermed\daddy\dependency\sdk-VTK-9.4.2\build_msvc\CMakeFiles\fdeeef45baa0dc57bb14d14d8205cfcd\generate.stamp.rule" 항목에 대한 사용자 지정 빌드에 성공했지만 지정한 종속성 "d:\qt\6.9.0\msvc2022_64\lib\cmake\qt6qml\qmlplugins\qt6quick3dcorepluginconfig.cmake"이(가) 없습니다. 이 오류로 인해 증분 빌드가 제대로 작동하지 않을 수 있습니다.
C:\Program Files\Microsoft Visual Studio\2022\Community\MSBuild\Microsoft\VC\v170\Microsoft.CppCommon.targets(237,5): warning MSB8064: "D:\cybermed\daddy\dependency\sdk-VTK-9.4.2\build_msvc\CMakeFiles\fdeeef45baa0dc57bb14d14d8205cfcd\generate.stamp.rule" 항목에 대한 사용자 지정 빌드에 성공했지만 지정한 종속성 "d:\qt\6.9.0\msvc2022_64\lib\cmake\qt6qml\qmlplugins\qt6quick3dcoreplugintargets-debug.cmake"이(가) 없습니다. 이 오류로 인해 증분 빌드가 제대로 작동하지 않을 수 있습니다.
C:\Program Files\Microsoft Visual Studio\2022\Community\MSBuild\Microsoft\VC\v170\Microsoft.CppCommon.targets(237,5): warning MSB8064: "D:\cybermed\daddy\dependency\sdk-VTK-9.4.2\build_msvc\CMakeFiles\fdeeef45baa0dc57bb14d14d8205cfcd\generate.stamp.rule" 항목에 대한 사용자 지정 빌드에 성공했지만 지정한 종속성 "d:\qt\6.9.0\msvc2022_64\lib\cmake\qt6qml\qmlplugins\qt6quick3dcoreplugintargets-relwithdebinfo.cmake"이(가) 없습니다. 이 오류로 인해 증분 빌드가 제대로 작동하지 않을 수 있습니다.
C:\Program Files\Microsoft Visual Studio\2022\Community\MSBuild\Microsoft\VC\v170\Microsoft.CppCommon.targets(237,5): warning MSB8064: "D:\cybermed\daddy\dependency\sdk-VTK-9.4.2\build_msvc\CMakeFiles\fdeeef45baa0dc57bb14d14d8205cfcd\generate.stamp.rule" 항목에 대한 사용자 지정 빌드에 성공했지만 지정한 종속성 "d:\qt\6.9.0\msvc2022_64\lib\cmake\qt6qml\qmlplugins\qt6quick3dcoreplugintargets.cmake"이(가) 없습니다. 이 오류로 인해 증분 빌드가 제대로 작동하지 않을 수 있습니다.
C:\Program Files\Microsoft Visual Studio\2022\Community\MSBuild\Microsoft\VC\v170\Microsoft.CppCommon.targets(237,5): warning MSB8064: "D:\cybermed\daddy\dependency\sdk-VTK-9.4.2\build_msvc\CMakeFiles\fdeeef45baa0dc57bb14d14d8205cfcd\generate.stamp.rule" 항목에 대한 사용자 지정 빌드에 성공했지만 지정한 종속성 "d:\qt\6.9.0\msvc2022_64\lib\cmake\qt6qml\qmlplugins\qt6quick3dextraspluginadditionaltargetinfo.cmake"이(가) 없습니다. 이 오류로 인해 증분 빌드가 제대로 작동하지 않을 수 있습니다.
C:\Program Files\Microsoft Visual Studio\2022\Community\MSBuild\Microsoft\VC\v170\Microsoft.CppCommon.targets(237,5): warning MSB8064: "D:\cybermed\daddy\dependency\sdk-VTK-9.4.2\build_msvc\CMakeFiles\fdeeef45baa0dc57bb14d14d8205cfcd\generate.stamp.rule" 항목에 대한 사용자 지정 빌드에 성공했지만 지정한 종속성 "d:\qt\6.9.0\msvc2022_64\lib\cmake\qt6qml\qmlplugins\qt6quick3dextraspluginconfig.cmake"이(가) 없습니다. 이 오류로 인해 증분 빌드가 제대로 작동하지 않을 수 있습니다.
C:\Program Files\Microsoft Visual Studio\2022\Community\MSBuild\Microsoft\VC\v170\Microsoft.CppCommon.targets(237,5): warning MSB8064: "D:\cybermed\daddy\dependency\sdk-VTK-9.4.2\build_msvc\CMakeFiles\fdeeef45baa0dc57bb14d14d8205cfcd\generate.stamp.rule" 항목에 대한 사용자 지정 빌드에 성공했지만 지정한 종속성 "d:\qt\6.9.0\msvc2022_64\lib\cmake\qt6qml\qmlplugins\qt6quick3dextrasplugintargets-debug.cmake"이(가) 없습니다. 이 오류로 인해 증분 빌드가 제대로 작동하지 않을 수 있습니다.
C:\Program Files\Microsoft Visual Studio\2022\Community\MSBuild\Microsoft\VC\v170\Microsoft.CppCommon.targets(237,5): warning MSB8064: "D:\cybermed\daddy\dependency\sdk-VTK-9.4.2\build_msvc\CMakeFiles\fdeeef45baa0dc57bb14d14d8205cfcd\generate.stamp.rule" 항목에 대한 사용자 지정 빌드에 성공했지만 지정한 종속성 "d:\qt\6.9.0\msvc2022_64\lib\cmake\qt6qml\qmlplugins\qt6quick3dextrasplugintargets-relwithdebinfo.cmake"이(가) 없습니다. 이 오류로 인해 증분 빌드가 제대로 작동하지 않을 수 있습니다.
C:\Program Files\Microsoft Visual Studio\2022\Community\MSBuild\Microsoft\VC\v170\Microsoft.CppCommon.targets(237,5): warning MSB8064: "D:\cybermed\daddy\dependency\sdk-VTK-9.4.2\build_msvc\CMakeFiles\fdeeef45baa0dc57bb14d14d8205cfcd\generate.stamp.rule" 항목에 대한 사용자 지정 빌드에 성공했지만 지정한 종속성 "d:\qt\6.9.0\msvc2022_64\lib\cmake\qt6qml\qmlplugins\qt6quick3dextrasplugintargets.cmake"이(가) 없습니다. 이 오류로 인해 증분 빌드가 제대로 작동하지 않을 수 있습니다.
C:\Program Files\Microsoft Visual Studio\2022\Community\MSBuild\Microsoft\VC\v170\Microsoft.CppCommon.targets(237,5): warning MSB8064: "D:\cybermed\daddy\dependency\sdk-VTK-9.4.2\build_msvc\CMakeFiles\fdeeef45baa0dc57bb14d14d8205cfcd\generate.stamp.rule" 항목에 대한 사용자 지정 빌드에 성공했지만 지정한 종속성 "d:\qt\6.9.0\msvc2022_64\lib\cmake\qt6qml\qmlplugins\qt6quick3dinputpluginadditionaltargetinfo.cmake"이(가) 없습니다. 이 오류로 인해 증분 빌드가 제대로 작동하지 않을 수 있습니다.
C:\Program Files\Microsoft Visual Studio\2022\Community\MSBuild\Microsoft\VC\v170\Microsoft.CppCommon.targets(237,5): warning MSB8064: "D:\cybermed\daddy\dependency\sdk-VTK-9.4.2\build_msvc\CMakeFiles\fdeeef45baa0dc57bb14d14d8205cfcd\generate.stamp.rule" 항목에 대한 사용자 지정 빌드에 성공했지만 지정한 종속성 "d:\qt\6.9.0\msvc2022_64\lib\cmake\qt6qml\qmlplugins\qt6quick3dinputpluginconfig.cmake"이(가) 없습니다. 이 오류로 인해 증분 빌드가 제대로 작동하지 않을 수 있습니다.
C:\Program Files\Microsoft Visual Studio\2022\Community\MSBuild\Microsoft\VC\v170\Microsoft.CppCommon.targets(237,5): warning MSB8064: "D:\cybermed\daddy\dependency\sdk-VTK-9.4.2\build_msvc\CMakeFiles\fdeeef45baa0dc57bb14d14d8205cfcd\generate.stamp.rule" 항목에 대한 사용자 지정 빌드에 성공했지만 지정한 종속성 "d:\qt\6.9.0\msvc2022_64\lib\cmake\qt6qml\qmlplugins\qt6quick3dinputplugintargets-debug.cmake"이(가) 없습니다. 이 오류로 인해 증분 빌드가 제대로 작동하지 않을 수 있습니다.
C:\Program Files\Microsoft Visual Studio\2022\Community\MSBuild\Microsoft\VC\v170\Microsoft.CppCommon.targets(237,5): warning MSB8064: "D:\cybermed\daddy\dependency\sdk-VTK-9.4.2\build_msvc\CMakeFiles\fdeeef45baa0dc57bb14d14d8205cfcd\generate.stamp.rule" 항목에 대한 사용자 지정 빌드에 성공했지만 지정한 종속성 "d:\qt\6.9.0\msvc2022_64\lib\cmake\qt6qml\qmlplugins\qt6quick3dinputplugintargets-relwithdebinfo.cmake"이(가) 없습니다. 이 오류로 인해 증분 빌드가 제대로 작동하지 않을 수 있습니다.
C:\Program Files\Microsoft Visual Studio\2022\Community\MSBuild\Microsoft\VC\v170\Microsoft.CppCommon.targets(237,5): warning MSB8064: "D:\cybermed\daddy\dependency\sdk-VTK-9.4.2\build_msvc\CMakeFiles\fdeeef45baa0dc57bb14d14d8205cfcd\generate.stamp.rule" 항목에 대한 사용자 지정 빌드에 성공했지만 지정한 종속성 "d:\qt\6.9.0\msvc2022_64\lib\cmake\qt6qml\qmlplugins\qt6quick3dinputplugintargets.cmake"이(가) 없습니다. 이 오류로 인해 증분 빌드가 제대로 작동하지 않을 수 있습니다.
C:\Program Files\Microsoft Visual Studio\2022\Community\MSBuild\Microsoft\VC\v170\Microsoft.CppCommon.targets(237,5): warning MSB8064: "D:\cybermed\daddy\dependency\sdk-VTK-9.4.2\build_msvc\CMakeFiles\fdeeef45baa0dc57bb14d14d8205cfcd\generate.stamp.rule" 항목에 대한 사용자 지정 빌드에 성공했지만 지정한 종속성 "d:\qt\6.9.0\msvc2022_64\lib\cmake\qt6qml\qmlplugins\qt6quick3dlogicpluginadditionaltargetinfo.cmake"이(가) 없습니다. 이 오류로 인해 증분 빌드가 제대로 작동하지 않을 수 있습니다.
C:\Program Files\Microsoft Visual Studio\2022\Community\MSBuild\Microsoft\VC\v170\Microsoft.CppCommon.targets(237,5): warning MSB8064: "D:\cybermed\daddy\dependency\sdk-VTK-9.4.2\build_msvc\CMakeFiles\fdeeef45baa0dc57bb14d14d8205cfcd\generate.stamp.rule" 항목에 대한 사용자 지정 빌드에 성공했지만 지정한 종속성 "d:\qt\6.9.0\msvc2022_64\lib\cmake\qt6qml\qmlplugins\qt6quick3dlogicpluginconfig.cmake"이(가) 없습니다. 이 오류로 인해 증분 빌드가 제대로 작동하지 않을 수 있습니다.
C:\Program Files\Microsoft Visual Studio\2022\Community\MSBuild\Microsoft\VC\v170\Microsoft.CppCommon.targets(237,5): warning MSB8064: "D:\cybermed\daddy\dependency\sdk-VTK-9.4.2\build_msvc\CMakeFiles\fdeeef45baa0dc57bb14d14d8205cfcd\generate.stamp.rule" 항목에 대한 사용자 지정 빌드에 성공했지만 지정한 종속성 "d:\qt\6.9.0\msvc2022_64\lib\cmake\qt6qml\qmlplugins\qt6quick3dlogicplugintargets-debug.cmake"이(가) 없습니다. 이 오류로 인해 증분 빌드가 제대로 작동하지 않을 수 있습니다.
C:\Program Files\Microsoft Visual Studio\2022\Community\MSBuild\Microsoft\VC\v170\Microsoft.CppCommon.targets(237,5): warning MSB8064: "D:\cybermed\daddy\dependency\sdk-VTK-9.4.2\build_msvc\CMakeFiles\fdeeef45baa0dc57bb14d14d8205cfcd\generate.stamp.rule" 항목에 대한 사용자 지정 빌드에 성공했지만 지정한 종속성 "d:\qt\6.9.0\msvc2022_64\lib\cmake\qt6qml\qmlplugins\qt6quick3dlogicplugintargets-relwithdebinfo.cmake"이(가) 없습니다. 이 오류로 인해 증분 빌드가 제대로 작동하지 않을 수 있습니다.
C:\Program Files\Microsoft Visual Studio\2022\Community\MSBuild\Microsoft\VC\v170\Microsoft.CppCommon.targets(237,5): warning MSB8064: "D:\cybermed\daddy\dependency\sdk-VTK-9.4.2\build_msvc\CMakeFiles\fdeeef45baa0dc57bb14d14d8205cfcd\generate.stamp.rule" 항목에 대한 사용자 지정 빌드에 성공했지만 지정한 종속성 "d:\qt\6.9.0\msvc2022_64\lib\cmake\qt6qml\qmlplugins\qt6quick3dlogicplugintargets.cmake"이(가) 없습니다. 이 오류로 인해 증분 빌드가 제대로 작동하지 않을 수 있습니다.
C:\Program Files\Microsoft Visual Studio\2022\Community\MSBuild\Microsoft\VC\v170\Microsoft.CppCommon.targets(237,5): warning MSB8064: "D:\cybermed\daddy\dependency\sdk-VTK-9.4.2\build_msvc\CMakeFiles\fdeeef45baa0dc57bb14d14d8205cfcd\generate.stamp.rule" 항목에 대한 사용자 지정 빌드에 성공했지만 지정한 종속성 "d:\qt\6.9.0\msvc2022_64\lib\cmake\qt6qml\qmlplugins\qt6quick3drenderpluginadditionaltargetinfo.cmake"이(가) 없습니다. 이 오류로 인해 증분 빌드가 제대로 작동하지 않을 수 있습니다.
C:\Program Files\Microsoft Visual Studio\2022\Community\MSBuild\Microsoft\VC\v170\Microsoft.CppCommon.targets(237,5): warning MSB8064: "D:\cybermed\daddy\dependency\sdk-VTK-9.4.2\build_msvc\CMakeFiles\fdeeef45baa0dc57bb14d14d8205cfcd\generate.stamp.rule" 항목에 대한 사용자 지정 빌드에 성공했지만 지정한 종속성 "d:\qt\6.9.0\msvc2022_64\lib\cmake\qt6qml\qmlplugins\qt6quick3drenderpluginconfig.cmake"이(가) 없습니다. 이 오류로 인해 증분 빌드가 제대로 작동하지 않을 수 있습니다.
C:\Program Files\Microsoft Visual Studio\2022\Community\MSBuild\Microsoft\VC\v170\Microsoft.CppCommon.targets(237,5): warning MSB8064: "D:\cybermed\daddy\dependency\sdk-VTK-9.4.2\build_msvc\CMakeFiles\fdeeef45baa0dc57bb14d14d8205cfcd\generate.stamp.rule" 항목에 대한 사용자 지정 빌드에 성공했지만 지정한 종속성 "d:\qt\6.9.0\msvc2022_64\lib\cmake\qt6qml\qmlplugins\qt6quick3drenderplugintargets-debug.cmake"이(가) 없습니다. 이 오류로 인해 증분 빌드가 제대로 작동하지 않을 수 있습니다.
C:\Program Files\Microsoft Visual Studio\2022\Community\MSBuild\Microsoft\VC\v170\Microsoft.CppCommon.targets(237,5): warning MSB8064: "D:\cybermed\daddy\dependency\sdk-VTK-9.4.2\build_msvc\CMakeFiles\fdeeef45baa0dc57bb14d14d8205cfcd\generate.stamp.rule" 항목에 대한 사용자 지정 빌드에 성공했지만 지정한 종속성 "d:\qt\6.9.0\msvc2022_64\lib\cmake\qt6qml\qmlplugins\qt6quick3drenderplugintargets-relwithdebinfo.cmake"이(가) 없습니다. 이 오류로 인해 증분 빌드가 제대로 작동하지 않을 수 있습니다.
C:\Program Files\Microsoft Visual Studio\2022\Community\MSBuild\Microsoft\VC\v170\Microsoft.CppCommon.targets(237,5): warning MSB8064: "D:\cybermed\daddy\dependency\sdk-VTK-9.4.2\build_msvc\CMakeFiles\fdeeef45baa0dc57bb14d14d8205cfcd\generate.stamp.rule" 항목에 대한 사용자 지정 빌드에 성공했지만 지정한 종속성 "d:\qt\6.9.0\msvc2022_64\lib\cmake\qt6qml\qmlplugins\qt6quick3drenderplugintargets.cmake"이(가) 없습니다. 이 오류로 인해 증분 빌드가 제대로 작동하지 않을 수 있습니다.
C:\Program Files\Microsoft Visual Studio\2022\Community\MSBuild\Microsoft\VC\v170\Microsoft.CppCommon.targets(237,5): warning MSB8064: "D:\cybermed\daddy\dependency\sdk-VTK-9.4.2\build_msvc\CMakeFiles\fdeeef45baa0dc57bb14d14d8205cfcd\generate.stamp.rule" 항목에 대한 사용자 지정 빌드에 성공했지만 지정한 종속성 "d:\qt\6.9.0\msvc2022_64\lib\cmake\qt6qml\qmlplugins\qt6quicktoolingadditionaltargetinfo.cmake"이(가) 없습니다. 이 오류로 인해 증분 빌드가 제대로 작동하지 않을 수 있습니다.
C:\Program Files\Microsoft Visual Studio\2022\Community\MSBuild\Microsoft\VC\v170\Microsoft.CppCommon.targets(237,5): warning MSB8064: "D:\cybermed\daddy\dependency\sdk-VTK-9.4.2\build_msvc\CMakeFiles\fdeeef45baa0dc57bb14d14d8205cfcd\generate.stamp.rule" 항목에 대한 사용자 지정 빌드에 성공했지만 지정한 종속성 "d:\qt\6.9.0\msvc2022_64\lib\cmake\qt6qml\qmlplugins\qt6quicktoolingconfig.cmake"이(가) 없습니다. 이 오류로 인해 증분 빌드가 제대로 작동하지 않을 수 있습니다.
C:\Program Files\Microsoft Visual Studio\2022\Community\MSBuild\Microsoft\VC\v170\Microsoft.CppCommon.targets(237,5): warning MSB8064: "D:\cybermed\daddy\dependency\sdk-VTK-9.4.2\build_msvc\CMakeFiles\fdeeef45baa0dc57bb14d14d8205cfcd\generate.stamp.rule" 항목에 대한 사용자 지정 빌드에 성공했지만 지정한 종속성 "d:\qt\6.9.0\msvc2022_64\lib\cmake\qt6qml\qmlplugins\qt6quicktoolingtargets-debug.cmake"이(가) 없습니다. 이 오류로 인해 증분 빌드가 제대로 작동하지 않을 수 있습니다.
C:\Program Files\Microsoft Visual Studio\2022\Community\MSBuild\Microsoft\VC\v170\Microsoft.CppCommon.targets(237,5): warning MSB8064: "D:\cybermed\daddy\dependency\sdk-VTK-9.4.2\build_msvc\CMakeFiles\fdeeef45baa0dc57bb14d14d8205cfcd\generate.stamp.rule" 항목에 대한 사용자 지정 빌드에 성공했지만 지정한 종속성 "d:\qt\6.9.0\msvc2022_64\lib\cmake\qt6qml\qmlplugins\qt6quicktoolingtargets-relwithdebinfo.cmake"이(가) 없습니다. 이 오류로 인해 증분 빌드가 제대로 작동하지 않을 수 있습니다.
C:\Program Files\Microsoft Visual Studio\2022\Community\MSBuild\Microsoft\VC\v170\Microsoft.CppCommon.targets(237,5): warning MSB8064: "D:\cybermed\daddy\dependency\sdk-VTK-9.4.2\build_msvc\CMakeFiles\fdeeef45baa0dc57bb14d14d8205cfcd\generate.stamp.rule" 항목에 대한 사용자 지정 빌드에 성공했지만 지정한 종속성 "d:\qt\6.9.0\msvc2022_64\lib\cmake\qt6qml\qmlplugins\qt6quicktoolingtargets.cmake"이(가) 없습니다. 이 오류로 인해 증분 빌드가 제대로 작동하지 않을 수 있습니다.
C:\Program Files\Microsoft Visual Studio\2022\Community\MSBuild\Microsoft\VC\v170\Microsoft.CppCommon.targets(237,5): warning MSB8064: "D:\cybermed\daddy\dependency\sdk-VTK-9.4.2\build_msvc\CMakeFiles\fdeeef45baa0dc57bb14d14d8205cfcd\generate.stamp.rule" 항목에 대한 사용자 지정 빌드에 성공했지만 지정한 종속성 "d:\qt\6.9.0\msvc2022_64\lib\cmake\qt6qml\qmlplugins\qt6quickwindowadditionaltargetinfo.cmake"이(가) 없습니다. 이 오류로 인해 증분 빌드가 제대로 작동하지 않을 수 있습니다.
C:\Program Files\Microsoft Visual Studio\2022\Community\MSBuild\Microsoft\VC\v170\Microsoft.CppCommon.targets(237,5): warning MSB8064: "D:\cybermed\daddy\dependency\sdk-VTK-9.4.2\build_msvc\CMakeFiles\fdeeef45baa0dc57bb14d14d8205cfcd\generate.stamp.rule" 항목에 대한 사용자 지정 빌드에 성공했지만 지정한 종속성 "d:\qt\6.9.0\msvc2022_64\lib\cmake\qt6qml\qmlplugins\qt6quickwindowconfig.cmake"이(가) 없습니다. 이 오류로 인해 증분 빌드가 제대로 작동하지 않을 수 있습니다.
C:\Program Files\Microsoft Visual Studio\2022\Community\MSBuild\Microsoft\VC\v170\Microsoft.CppCommon.targets(237,5): warning MSB8064: "D:\cybermed\daddy\dependency\sdk-VTK-9.4.2\build_msvc\CMakeFiles\fdeeef45baa0dc57bb14d14d8205cfcd\generate.stamp.rule" 항목에 대한 사용자 지정 빌드에 성공했지만 지정한 종속성 "d:\qt\6.9.0\msvc2022_64\lib\cmake\qt6qml\qmlplugins\qt6quickwindowtargets-debug.cmake"이(가) 없습니다. 이 오류로 인해 증분 빌드가 제대로 작동하지 않을 수 있습니다.
C:\Program Files\Microsoft Visual Studio\2022\Community\MSBuild\Microsoft\VC\v170\Microsoft.CppCommon.targets(237,5): warning MSB8064: "D:\cybermed\daddy\dependency\sdk-VTK-9.4.2\build_msvc\CMakeFiles\fdeeef45baa0dc57bb14d14d8205cfcd\generate.stamp.rule" 항목에 대한 사용자 지정 빌드에 성공했지만 지정한 종속성 "d:\qt\6.9.0\msvc2022_64\lib\cmake\qt6qml\qmlplugins\qt6quickwindowtargets-relwithdebinfo.cmake"이(가) 없습니다. 이 오류로 인해 증분 빌드가 제대로 작동하지 않을 수 있습니다.
C:\Program Files\Microsoft Visual Studio\2022\Community\MSBuild\Microsoft\VC\v170\Microsoft.CppCommon.targets(237,5): warning MSB8064: "D:\cybermed\daddy\dependency\sdk-VTK-9.4.2\build_msvc\CMakeFiles\fdeeef45baa0dc57bb14d14d8205cfcd\generate.stamp.rule" 항목에 대한 사용자 지정 빌드에 성공했지만 지정한 종속성 "d:\qt\6.9.0\msvc2022_64\lib\cmake\qt6qml\qmlplugins\qt6quickwindowtargets.cmake"이(가) 없습니다. 이 오류로 인해 증분 빌드가 제대로 작동하지 않을 수 있습니다.
C:\Program Files\Microsoft Visual Studio\2022\Community\MSBuild\Microsoft\VC\v170\Microsoft.CppCommon.targets(237,5): warning MSB8064: "D:\cybermed\daddy\dependency\sdk-VTK-9.4.2\build_msvc\CMakeFiles\fdeeef45baa0dc57bb14d14d8205cfcd\generate.stamp.rule" 항목에 대한 사용자 지정 빌드에 성공했지만 지정한 종속성 "d:\qt\6.9.0\msvc2022_64\lib\cmake\qt6qml\qmlplugins\qt6sharedimagepluginadditionaltargetinfo.cmake"이(가) 없습니다. 이 오류로 인해 증분 빌드가 제대로 작동하지 않을 수 있습니다.
C:\Program Files\Microsoft Visual Studio\2022\Community\MSBuild\Microsoft\VC\v170\Microsoft.CppCommon.targets(237,5): warning MSB8064: "D:\cybermed\daddy\dependency\sdk-VTK-9.4.2\build_msvc\CMakeFiles\fdeeef45baa0dc57bb14d14d8205cfcd\generate.stamp.rule" 항목에 대한 사용자 지정 빌드에 성공했지만 지정한 종속성 "d:\qt\6.9.0\msvc2022_64\lib\cmake\qt6qml\qmlplugins\qt6sharedimagepluginconfig.cmake"이(가) 없습니다. 이 오류로 인해 증분 빌드가 제대로 작동하지 않을 수 있습니다.
C:\Program Files\Microsoft Visual Studio\2022\Community\MSBuild\Microsoft\VC\v170\Microsoft.CppCommon.targets(237,5): warning MSB8064: "D:\cybermed\daddy\dependency\sdk-VTK-9.4.2\build_msvc\CMakeFiles\fdeeef45baa0dc57bb14d14d8205cfcd\generate.stamp.rule" 항목에 대한 사용자 지정 빌드에 성공했지만 지정한 종속성 "d:\qt\6.9.0\msvc2022_64\lib\cmake\qt6qml\qmlplugins\qt6sharedimageplugintargets-debug.cmake"이(가) 없습니다. 이 오류로 인해 증분 빌드가 제대로 작동하지 않을 수 있습니다.
C:\Program Files\Microsoft Visual Studio\2022\Community\MSBuild\Microsoft\VC\v170\Microsoft.CppCommon.targets(237,5): warning MSB8064: "D:\cybermed\daddy\dependency\sdk-VTK-9.4.2\build_msvc\CMakeFiles\fdeeef45baa0dc57bb14d14d8205cfcd\generate.stamp.rule" 항목에 대한 사용자 지정 빌드에 성공했지만 지정한 종속성 "d:\qt\6.9.0\msvc2022_64\lib\cmake\qt6qml\qmlplugins\qt6sharedimageplugintargets-relwithdebinfo.cmake"이(가) 없습니다. 이 오류로 인해 증분 빌드가 제대로 작동하지 않을 수 있습니다.
C:\Program Files\Microsoft Visual Studio\2022\Community\MSBuild\Microsoft\VC\v170\Microsoft.CppCommon.targets(237,5): warning MSB8064: "D:\cybermed\daddy\dependency\sdk-VTK-9.4.2\build_msvc\CMakeFiles\fdeeef45baa0dc57bb14d14d8205cfcd\generate.stamp.rule" 항목에 대한 사용자 지정 빌드에 성공했지만 지정한 종속성 "d:\qt\6.9.0\msvc2022_64\lib\cmake\qt6qml\qmlplugins\qt6sharedimageplugintargets.cmake"이(가) 없습니다. 이 오류로 인해 증분 빌드가 제대로 작동하지 않을 수 있습니다.
C:\Program Files\Microsoft Visual Studio\2022\Community\MSBuild\Microsoft\VC\v170\Microsoft.CppCommon.targets(237,5): warning MSB8064: "D:\cybermed\daddy\dependency\sdk-VTK-9.4.2\build_msvc\CMakeFiles\fdeeef45baa0dc57bb14d14d8205cfcd\generate.stamp.rule" 항목에 대한 사용자 지정 빌드에 성공했지만 지정한 종속성 "d:\qt\6.9.0\msvc2022_64\lib\cmake\qt6qml\qmlplugins\qt6workerscriptpluginadditionaltargetinfo.cmake"이(가) 없습니다. 이 오류로 인해 증분 빌드가 제대로 작동하지 않을 수 있습니다.
C:\Program Files\Microsoft Visual Studio\2022\Community\MSBuild\Microsoft\VC\v170\Microsoft.CppCommon.targets(237,5): warning MSB8064: "D:\cybermed\daddy\dependency\sdk-VTK-9.4.2\build_msvc\CMakeFiles\fdeeef45baa0dc57bb14d14d8205cfcd\generate.stamp.rule" 항목에 대한 사용자 지정 빌드에 성공했지만 지정한 종속성 "d:\qt\6.9.0\msvc2022_64\lib\cmake\qt6qml\qmlplugins\qt6workerscriptpluginconfig.cmake"이(가) 없습니다. 이 오류로 인해 증분 빌드가 제대로 작동하지 않을 수 있습니다.
C:\Program Files\Microsoft Visual Studio\2022\Community\MSBuild\Microsoft\VC\v170\Microsoft.CppCommon.targets(237,5): warning MSB8064: "D:\cybermed\daddy\dependency\sdk-VTK-9.4.2\build_msvc\CMakeFiles\fdeeef45baa0dc57bb14d14d8205cfcd\generate.stamp.rule" 항목에 대한 사용자 지정 빌드에 성공했지만 지정한 종속성 "d:\qt\6.9.0\msvc2022_64\lib\cmake\qt6qml\qmlplugins\qt6workerscriptplugintargets-debug.cmake"이(가) 없습니다. 이 오류로 인해 증분 빌드가 제대로 작동하지 않을 수 있습니다.
C:\Program Files\Microsoft Visual Studio\2022\Community\MSBuild\Microsoft\VC\v170\Microsoft.CppCommon.targets(237,5): warning MSB8064: "D:\cybermed\daddy\dependency\sdk-VTK-9.4.2\build_msvc\CMakeFiles\fdeeef45baa0dc57bb14d14d8205cfcd\generate.stamp.rule" 항목에 대한 사용자 지정 빌드에 성공했지만 지정한 종속성 "d:\qt\6.9.0\msvc2022_64\lib\cmake\qt6qml\qmlplugins\qt6workerscriptplugintargets-relwithdebinfo.cmake"이(가) 없습니다. 이 오류로 인해 증분 빌드가 제대로 작동하지 않을 수 있습니다.
C:\Program Files\Microsoft Visual Studio\2022\Community\MSBuild\Microsoft\VC\v170\Microsoft.CppCommon.targets(237,5): warning MSB8064: "D:\cybermed\daddy\dependency\sdk-VTK-9.4.2\build_msvc\CMakeFiles\fdeeef45baa0dc57bb14d14d8205cfcd\generate.stamp.rule" 항목에 대한 사용자 지정 빌드에 성공했지만 지정한 종속성 "d:\qt\6.9.0\msvc2022_64\lib\cmake\qt6qml\qmlplugins\qt6workerscriptplugintargets.cmake"이(가) 없습니다. 이 오류로 인해 증분 빌드가 제대로 작동하지 않을 수 있습니다.
C:\Program Files\Microsoft Visual Studio\2022\Community\MSBuild\Microsoft\VC\v170\Microsoft.CppCommon.targets(237,5): warning MSB8064: "D:\cybermed\daddy\dependency\sdk-VTK-9.4.2\build_msvc\CMakeFiles\fdeeef45baa0dc57bb14d14d8205cfcd\generate.stamp.rule" 항목에 대한 사용자 지정 빌드에 성공했지만 지정한 종속성 "d:\qt\6.9.0\msvc2022_64\lib\cmake\qt6qml\qt6qdebugmessageservicefactorypluginadditionaltargetinfo.cmake"이(가) 없습니다. 이 오류로 인해 증분 빌드가 제대로 작동하지 않을 수 있습니다.
C:\Program Files\Microsoft Visual Studio\2022\Community\MSBuild\Microsoft\VC\v170\Microsoft.CppCommon.targets(237,5): warning MSB8064: "D:\cybermed\daddy\dependency\sdk-VTK-9.4.2\build_msvc\CMakeFiles\fdeeef45baa0dc57bb14d14d8205cfcd\generate.stamp.rule" 항목에 대한 사용자 지정 빌드에 성공했지만 지정한 종속성 "d:\qt\6.9.0\msvc2022_64\lib\cmake\qt6qml\qt6qdebugmessageservicefactorypluginconfig.cmake"이(가) 없습니다. 이 오류로 인해 증분 빌드가 제대로 작동하지 않을 수 있습니다.
C:\Program Files\Microsoft Visual Studio\2022\Community\MSBuild\Microsoft\VC\v170\Microsoft.CppCommon.targets(237,5): warning MSB8064: "D:\cybermed\daddy\dependency\sdk-VTK-9.4.2\build_msvc\CMakeFiles\fdeeef45baa0dc57bb14d14d8205cfcd\generate.stamp.rule" 항목에 대한 사용자 지정 빌드에 성공했지만 지정한 종속성 "d:\qt\6.9.0\msvc2022_64\lib\cmake\qt6qml\qt6qdebugmessageservicefactoryplugintargets-debug.cmake"이(가) 없습니다. 이 오류로 인해 증분 빌드가 제대로 작동하지 않을 수 있습니다.
C:\Program Files\Microsoft Visual Studio\2022\Community\MSBuild\Microsoft\VC\v170\Microsoft.CppCommon.targets(237,5): warning MSB8064: "D:\cybermed\daddy\dependency\sdk-VTK-9.4.2\build_msvc\CMakeFiles\fdeeef45baa0dc57bb14d14d8205cfcd\generate.stamp.rule" 항목에 대한 사용자 지정 빌드에 성공했지만 지정한 종속성 "d:\qt\6.9.0\msvc2022_64\lib\cmake\qt6qml\qt6qdebugmessageservicefactoryplugintargets-relwithdebinfo.cmake"이(가) 없습니다. 이 오류로 인해 증분 빌드가 제대로 작동하지 않을 수 있습니다.
C:\Program Files\Microsoft Visual Studio\2022\Community\MSBuild\Microsoft\VC\v170\Microsoft.CppCommon.targets(237,5): warning MSB8064: "D:\cybermed\daddy\dependency\sdk-VTK-9.4.2\build_msvc\CMakeFiles\fdeeef45baa0dc57bb14d14d8205cfcd\generate.stamp.rule" 항목에 대한 사용자 지정 빌드에 성공했지만 지정한 종속성 "d:\qt\6.9.0\msvc2022_64\lib\cmake\qt6qml\qt6qdebugmessageservicefactoryplugintargets.cmake"이(가) 없습니다. 이 오류로 인해 증분 빌드가 제대로 작동하지 않을 수 있습니다.
C:\Program Files\Microsoft Visual Studio\2022\Community\MSBuild\Microsoft\VC\v170\Microsoft.CppCommon.targets(237,5): warning MSB8064: "D:\cybermed\daddy\dependency\sdk-VTK-9.4.2\build_msvc\CMakeFiles\fdeeef45baa0dc57bb14d14d8205cfcd\generate.stamp.rule" 항목에 대한 사용자 지정 빌드에 성공했지만 지정한 종속성 "d:\qt\6.9.0\msvc2022_64\lib\cmake\qt6qml\qt6qlocalclientconnectionfactorypluginadditionaltargetinfo.cmake"이(가) 없습니다. 이 오류로 인해 증분 빌드가 제대로 작동하지 않을 수 있습니다.
C:\Program Files\Microsoft Visual Studio\2022\Community\MSBuild\Microsoft\VC\v170\Microsoft.CppCommon.targets(237,5): warning MSB8064: "D:\cybermed\daddy\dependency\sdk-VTK-9.4.2\build_msvc\CMakeFiles\fdeeef45baa0dc57bb14d14d8205cfcd\generate.stamp.rule" 항목에 대한 사용자 지정 빌드에 성공했지만 지정한 종속성 "d:\qt\6.9.0\msvc2022_64\lib\cmake\qt6qml\qt6qlocalclientconnectionfactorypluginconfig.cmake"이(가) 없습니다. 이 오류로 인해 증분 빌드가 제대로 작동하지 않을 수 있습니다.
C:\Program Files\Microsoft Visual Studio\2022\Community\MSBuild\Microsoft\VC\v170\Microsoft.CppCommon.targets(237,5): warning MSB8064: "D:\cybermed\daddy\dependency\sdk-VTK-9.4.2\build_msvc\CMakeFiles\fdeeef45baa0dc57bb14d14d8205cfcd\generate.stamp.rule" 항목에 대한 사용자 지정 빌드에 성공했지만 지정한 종속성 "d:\qt\6.9.0\msvc2022_64\lib\cmake\qt6qml\qt6qlocalclientconnectionfactoryplugintargets-debug.cmake"이(가) 없습니다. 이 오류로 인해 증분 빌드가 제대로 작동하지 않을 수 있습니다.
C:\Program Files\Microsoft Visual Studio\2022\Community\MSBuild\Microsoft\VC\v170\Microsoft.CppCommon.targets(237,5): warning MSB8064: "D:\cybermed\daddy\dependency\sdk-VTK-9.4.2\build_msvc\CMakeFiles\fdeeef45baa0dc57bb14d14d8205cfcd\generate.stamp.rule" 항목에 대한 사용자 지정 빌드에 성공했지만 지정한 종속성 "d:\qt\6.9.0\msvc2022_64\lib\cmake\qt6qml\qt6qlocalclientconnectionfactoryplugintargets-relwithdebinfo.cmake"이(가) 없습니다. 이 오류로 인해 증분 빌드가 제대로 작동하지 않을 수 있습니다.
C:\Program Files\Microsoft Visual Studio\2022\Community\MSBuild\Microsoft\VC\v170\Microsoft.CppCommon.targets(237,5): warning MSB8064: "D:\cybermed\daddy\dependency\sdk-VTK-9.4.2\build_msvc\CMakeFiles\fdeeef45baa0dc57bb14d14d8205cfcd\generate.stamp.rule" 항목에 대한 사용자 지정 빌드에 성공했지만 지정한 종속성 "d:\qt\6.9.0\msvc2022_64\lib\cmake\qt6qml\qt6qlocalclientconnectionfactoryplugintargets.cmake"이(가) 없습니다. 이 오류로 인해 증분 빌드가 제대로 작동하지 않을 수 있습니다.
C:\Program Files\Microsoft Visual Studio\2022\Community\MSBuild\Microsoft\VC\v170\Microsoft.CppCommon.targets(237,5): warning MSB8064: "D:\cybermed\daddy\dependency\sdk-VTK-9.4.2\build_msvc\CMakeFiles\fdeeef45baa0dc57bb14d14d8205cfcd\generate.stamp.rule" 항목에 대한 사용자 지정 빌드에 성공했지만 지정한 종속성 "d:\qt\6.9.0\msvc2022_64\lib\cmake\qt6qml\qt6qqmldebugserverfactorypluginadditionaltargetinfo.cmake"이(가) 없습니다. 이 오류로 인해 증분 빌드가 제대로 작동하지 않을 수 있습니다.
C:\Program Files\Microsoft Visual Studio\2022\Community\MSBuild\Microsoft\VC\v170\Microsoft.CppCommon.targets(237,5): warning MSB8064: "D:\cybermed\daddy\dependency\sdk-VTK-9.4.2\build_msvc\CMakeFiles\fdeeef45baa0dc57bb14d14d8205cfcd\generate.stamp.rule" 항목에 대한 사용자 지정 빌드에 성공했지만 지정한 종속성 "d:\qt\6.9.0\msvc2022_64\lib\cmake\qt6qml\qt6qqmldebugserverfactorypluginconfig.cmake"이(가) 없습니다. 이 오류로 인해 증분 빌드가 제대로 작동하지 않을 수 있습니다.
C:\Program Files\Microsoft Visual Studio\2022\Community\MSBuild\Microsoft\VC\v170\Microsoft.CppCommon.targets(237,5): warning MSB8064: "D:\cybermed\daddy\dependency\sdk-VTK-9.4.2\build_msvc\CMakeFiles\fdeeef45baa0dc57bb14d14d8205cfcd\generate.stamp.rule" 항목에 대한 사용자 지정 빌드에 성공했지만 지정한 종속성 "d:\qt\6.9.0\msvc2022_64\lib\cmake\qt6qml\qt6qqmldebugserverfactoryplugintargets-debug.cmake"이(가) 없습니다. 이 오류로 인해 증분 빌드가 제대로 작동하지 않을 수 있습니다.
C:\Program Files\Microsoft Visual Studio\2022\Community\MSBuild\Microsoft\VC\v170\Microsoft.CppCommon.targets(237,5): warning MSB8064: "D:\cybermed\daddy\dependency\sdk-VTK-9.4.2\build_msvc\CMakeFiles\fdeeef45baa0dc57bb14d14d8205cfcd\generate.stamp.rule" 항목에 대한 사용자 지정 빌드에 성공했지만 지정한 종속성 "d:\qt\6.9.0\msvc2022_64\lib\cmake\qt6qml\qt6qqmldebugserverfactoryplugintargets-relwithdebinfo.cmake"이(가) 없습니다. 이 오류로 인해 증분 빌드가 제대로 작동하지 않을 수 있습니다.
C:\Program Files\Microsoft Visual Studio\2022\Community\MSBuild\Microsoft\VC\v170\Microsoft.CppCommon.targets(237,5): warning MSB8064: "D:\cybermed\daddy\dependency\sdk-VTK-9.4.2\build_msvc\CMakeFiles\fdeeef45baa0dc57bb14d14d8205cfcd\generate.stamp.rule" 항목에 대한 사용자 지정 빌드에 성공했지만 지정한 종속성 "d:\qt\6.9.0\msvc2022_64\lib\cmake\qt6qml\qt6qqmldebugserverfactoryplugintargets.cmake"이(가) 없습니다. 이 오류로 인해 증분 빌드가 제대로 작동하지 않을 수 있습니다.
C:\Program Files\Microsoft Visual Studio\2022\Community\MSBuild\Microsoft\VC\v170\Microsoft.CppCommon.targets(237,5): warning MSB8064: "D:\cybermed\daddy\dependency\sdk-VTK-9.4.2\build_msvc\CMakeFiles\fdeeef45baa0dc57bb14d14d8205cfcd\generate.stamp.rule" 항목에 대한 사용자 지정 빌드에 성공했지만 지정한 종속성 "d:\qt\6.9.0\msvc2022_64\lib\cmake\qt6qml\qt6qqmldebuggerservicefactorypluginadditionaltargetinfo.cmake"이(가) 없습니다. 이 오류로 인해 증분 빌드가 제대로 작동하지 않을 수 있습니다.
C:\Program Files\Microsoft Visual Studio\2022\Community\MSBuild\Microsoft\VC\v170\Microsoft.CppCommon.targets(237,5): warning MSB8064: "D:\cybermed\daddy\dependency\sdk-VTK-9.4.2\build_msvc\CMakeFiles\fdeeef45baa0dc57bb14d14d8205cfcd\generate.stamp.rule" 항목에 대한 사용자 지정 빌드에 성공했지만 지정한 종속성 "d:\qt\6.9.0\msvc2022_64\lib\cmake\qt6qml\qt6qqmldebuggerservicefactorypluginconfig.cmake"이(가) 없습니다. 이 오류로 인해 증분 빌드가 제대로 작동하지 않을 수 있습니다.
C:\Program Files\Microsoft Visual Studio\2022\Community\MSBuild\Microsoft\VC\v170\Microsoft.CppCommon.targets(237,5): warning MSB8064: "D:\cybermed\daddy\dependency\sdk-VTK-9.4.2\build_msvc\CMakeFiles\fdeeef45baa0dc57bb14d14d8205cfcd\generate.stamp.rule" 항목에 대한 사용자 지정 빌드에 성공했지만 지정한 종속성 "d:\qt\6.9.0\msvc2022_64\lib\cmake\qt6qml\qt6qqmldebuggerservicefactoryplugintargets-debug.cmake"이(가) 없습니다. 이 오류로 인해 증분 빌드가 제대로 작동하지 않을 수 있습니다.
C:\Program Files\Microsoft Visual Studio\2022\Community\MSBuild\Microsoft\VC\v170\Microsoft.CppCommon.targets(237,5): warning MSB8064: "D:\cybermed\daddy\dependency\sdk-VTK-9.4.2\build_msvc\CMakeFiles\fdeeef45baa0dc57bb14d14d8205cfcd\generate.stamp.rule" 항목에 대한 사용자 지정 빌드에 성공했지만 지정한 종속성 "d:\qt\6.9.0\msvc2022_64\lib\cmake\qt6qml\qt6qqmldebuggerservicefactoryplugintargets-relwithdebinfo.cmake"이(가) 없습니다. 이 오류로 인해 증분 빌드가 제대로 작동하지 않을 수 있습니다.
C:\Program Files\Microsoft Visual Studio\2022\Community\MSBuild\Microsoft\VC\v170\Microsoft.CppCommon.targets(237,5): warning MSB8064: "D:\cybermed\daddy\dependency\sdk-VTK-9.4.2\build_msvc\CMakeFiles\fdeeef45baa0dc57bb14d14d8205cfcd\generate.stamp.rule" 항목에 대한 사용자 지정 빌드에 성공했지만 지정한 종속성 "d:\qt\6.9.0\msvc2022_64\lib\cmake\qt6qml\qt6qqmldebuggerservicefactoryplugintargets.cmake"이(가) 없습니다. 이 오류로 인해 증분 빌드가 제대로 작동하지 않을 수 있습니다.
C:\Program Files\Microsoft Visual Studio\2022\Community\MSBuild\Microsoft\VC\v170\Microsoft.CppCommon.targets(237,5): warning MSB8064: "D:\cybermed\daddy\dependency\sdk-VTK-9.4.2\build_msvc\CMakeFiles\fdeeef45baa0dc57bb14d14d8205cfcd\generate.stamp.rule" 항목에 대한 사용자 지정 빌드에 성공했지만 지정한 종속성 "d:\qt\6.9.0\msvc2022_64\lib\cmake\qt6qml\qt6qqmlinspectorservicefactorypluginadditionaltargetinfo.cmake"이(가) 없습니다. 이 오류로 인해 증분 빌드가 제대로 작동하지 않을 수 있습니다.
C:\Program Files\Microsoft Visual Studio\2022\Community\MSBuild\Microsoft\VC\v170\Microsoft.CppCommon.targets(237,5): warning MSB8064: "D:\cybermed\daddy\dependency\sdk-VTK-9.4.2\build_msvc\CMakeFiles\fdeeef45baa0dc57bb14d14d8205cfcd\generate.stamp.rule" 항목에 대한 사용자 지정 빌드에 성공했지만 지정한 종속성 "d:\qt\6.9.0\msvc2022_64\lib\cmake\qt6qml\qt6qqmlinspectorservicefactorypluginconfig.cmake"이(가) 없습니다. 이 오류로 인해 증분 빌드가 제대로 작동하지 않을 수 있습니다.
C:\Program Files\Microsoft Visual Studio\2022\Community\MSBuild\Microsoft\VC\v170\Microsoft.CppCommon.targets(237,5): warning MSB8064: "D:\cybermed\daddy\dependency\sdk-VTK-9.4.2\build_msvc\CMakeFiles\fdeeef45baa0dc57bb14d14d8205cfcd\generate.stamp.rule" 항목에 대한 사용자 지정 빌드에 성공했지만 지정한 종속성 "d:\qt\6.9.0\msvc2022_64\lib\cmake\qt6qml\qt6qqmlinspectorservicefactoryplugintargets-debug.cmake"이(가) 없습니다. 이 오류로 인해 증분 빌드가 제대로 작동하지 않을 수 있습니다.
C:\Program Files\Microsoft Visual Studio\2022\Community\MSBuild\Microsoft\VC\v170\Microsoft.CppCommon.targets(237,5): warning MSB8064: "D:\cybermed\daddy\dependency\sdk-VTK-9.4.2\build_msvc\CMakeFiles\fdeeef45baa0dc57bb14d14d8205cfcd\generate.stamp.rule" 항목에 대한 사용자 지정 빌드에 성공했지만 지정한 종속성 "d:\qt\6.9.0\msvc2022_64\lib\cmake\qt6qml\qt6qqmlinspectorservicefactoryplugintargets-relwithdebinfo.cmake"이(가) 없습니다. 이 오류로 인해 증분 빌드가 제대로 작동하지 않을 수 있습니다.
C:\Program Files\Microsoft Visual Studio\2022\Community\MSBuild\Microsoft\VC\v170\Microsoft.CppCommon.targets(237,5): warning MSB8064: "D:\cybermed\daddy\dependency\sdk-VTK-9.4.2\build_msvc\CMakeFiles\fdeeef45baa0dc57bb14d14d8205cfcd\generate.stamp.rule" 항목에 대한 사용자 지정 빌드에 성공했지만 지정한 종속성 "d:\qt\6.9.0\msvc2022_64\lib\cmake\qt6qml\qt6qqmlinspectorservicefactoryplugintargets.cmake"이(가) 없습니다. 이 오류로 인해 증분 빌드가 제대로 작동하지 않을 수 있습니다.
C:\Program Files\Microsoft Visual Studio\2022\Community\MSBuild\Microsoft\VC\v170\Microsoft.CppCommon.targets(237,5): warning MSB8064: "D:\cybermed\daddy\dependency\sdk-VTK-9.4.2\build_msvc\CMakeFiles\fdeeef45baa0dc57bb14d14d8205cfcd\generate.stamp.rule" 항목에 대한 사용자 지정 빌드에 성공했지만 지정한 종속성 "d:\qt\6.9.0\msvc2022_64\lib\cmake\qt6qml\qt6qqmlnativedebugconnectorfactorypluginadditionaltargetinfo.cmake"이(가) 없습니다. 이 오류로 인해 증분 빌드가 제대로 작동하지 않을 수 있습니다.
C:\Program Files\Microsoft Visual Studio\2022\Community\MSBuild\Microsoft\VC\v170\Microsoft.CppCommon.targets(237,5): warning MSB8064: "D:\cybermed\daddy\dependency\sdk-VTK-9.4.2\build_msvc\CMakeFiles\fdeeef45baa0dc57bb14d14d8205cfcd\generate.stamp.rule" 항목에 대한 사용자 지정 빌드에 성공했지만 지정한 종속성 "d:\qt\6.9.0\msvc2022_64\lib\cmake\qt6qml\qt6qqmlnativedebugconnectorfactorypluginconfig.cmake"이(가) 없습니다. 이 오류로 인해 증분 빌드가 제대로 작동하지 않을 수 있습니다.
C:\Program Files\Microsoft Visual Studio\2022\Community\MSBuild\Microsoft\VC\v170\Microsoft.CppCommon.targets(237,5): warning MSB8064: "D:\cybermed\daddy\dependency\sdk-VTK-9.4.2\build_msvc\CMakeFiles\fdeeef45baa0dc57bb14d14d8205cfcd\generate.stamp.rule" 항목에 대한 사용자 지정 빌드에 성공했지만 지정한 종속성 "d:\qt\6.9.0\msvc2022_64\lib\cmake\qt6qml\qt6qqmlnativedebugconnectorfactoryplugintargets-debug.cmake"이(가) 없습니다. 이 오류로 인해 증분 빌드가 제대로 작동하지 않을 수 있습니다.
C:\Program Files\Microsoft Visual Studio\2022\Community\MSBuild\Microsoft\VC\v170\Microsoft.CppCommon.targets(237,5): warning MSB8064: "D:\cybermed\daddy\dependency\sdk-VTK-9.4.2\build_msvc\CMakeFiles\fdeeef45baa0dc57bb14d14d8205cfcd\generate.stamp.rule" 항목에 대한 사용자 지정 빌드에 성공했지만 지정한 종속성 "d:\qt\6.9.0\msvc2022_64\lib\cmake\qt6qml\qt6qqmlnativedebugconnectorfactoryplugintargets-relwithdebinfo.cmake"이(가) 없습니다. 이 오류로 인해 증분 빌드가 제대로 작동하지 않을 수 있습니다.
C:\Program Files\Microsoft Visual Studio\2022\Community\MSBuild\Microsoft\VC\v170\Microsoft.CppCommon.targets(237,5): warning MSB8064: "D:\cybermed\daddy\dependency\sdk-VTK-9.4.2\build_msvc\CMakeFiles\fdeeef45baa0dc57bb14d14d8205cfcd\generate.stamp.rule" 항목에 대한 사용자 지정 빌드에 성공했지만 지정한 종속성 "d:\qt\6.9.0\msvc2022_64\lib\cmake\qt6qml\qt6qqmlnativedebugconnectorfactoryplugintargets.cmake"이(가) 없습니다. 이 오류로 인해 증분 빌드가 제대로 작동하지 않을 수 있습니다.
C:\Program Files\Microsoft Visual Studio\2022\Community\MSBuild\Microsoft\VC\v170\Microsoft.CppCommon.targets(237,5): warning MSB8064: "D:\cybermed\daddy\dependency\sdk-VTK-9.4.2\build_msvc\CMakeFiles\fdeeef45baa0dc57bb14d14d8205cfcd\generate.stamp.rule" 항목에 대한 사용자 지정 빌드에 성공했지만 지정한 종속성 "d:\qt\6.9.0\msvc2022_64\lib\cmake\qt6qml\qt6qqmlnativedebugservicefactorypluginadditionaltargetinfo.cmake"이(가) 없습니다. 이 오류로 인해 증분 빌드가 제대로 작동하지 않을 수 있습니다.
C:\Program Files\Microsoft Visual Studio\2022\Community\MSBuild\Microsoft\VC\v170\Microsoft.CppCommon.targets(237,5): warning MSB8064: "D:\cybermed\daddy\dependency\sdk-VTK-9.4.2\build_msvc\CMakeFiles\fdeeef45baa0dc57bb14d14d8205cfcd\generate.stamp.rule" 항목에 대한 사용자 지정 빌드에 성공했지만 지정한 종속성 "d:\qt\6.9.0\msvc2022_64\lib\cmake\qt6qml\qt6qqmlnativedebugservicefactorypluginconfig.cmake"이(가) 없습니다. 이 오류로 인해 증분 빌드가 제대로 작동하지 않을 수 있습니다.
C:\Program Files\Microsoft Visual Studio\2022\Community\MSBuild\Microsoft\VC\v170\Microsoft.CppCommon.targets(237,5): warning MSB8064: "D:\cybermed\daddy\dependency\sdk-VTK-9.4.2\build_msvc\CMakeFiles\fdeeef45baa0dc57bb14d14d8205cfcd\generate.stamp.rule" 항목에 대한 사용자 지정 빌드에 성공했지만 지정한 종속성 "d:\qt\6.9.0\msvc2022_64\lib\cmake\qt6qml\qt6qqmlnativedebugservicefactoryplugintargets-debug.cmake"이(가) 없습니다. 이 오류로 인해 증분 빌드가 제대로 작동하지 않을 수 있습니다.
C:\Program Files\Microsoft Visual Studio\2022\Community\MSBuild\Microsoft\VC\v170\Microsoft.CppCommon.targets(237,5): warning MSB8064: "D:\cybermed\daddy\dependency\sdk-VTK-9.4.2\build_msvc\CMakeFiles\fdeeef45baa0dc57bb14d14d8205cfcd\generate.stamp.rule" 항목에 대한 사용자 지정 빌드에 성공했지만 지정한 종속성 "d:\qt\6.9.0\msvc2022_64\lib\cmake\qt6qml\qt6qqmlnativedebugservicefactoryplugintargets-relwithdebinfo.cmake"이(가) 없습니다. 이 오류로 인해 증분 빌드가 제대로 작동하지 않을 수 있습니다.
C:\Program Files\Microsoft Visual Studio\2022\Community\MSBuild\Microsoft\VC\v170\Microsoft.CppCommon.targets(237,5): warning MSB8064: "D:\cybermed\daddy\dependency\sdk-VTK-9.4.2\build_msvc\CMakeFiles\fdeeef45baa0dc57bb14d14d8205cfcd\generate.stamp.rule" 항목에 대한 사용자 지정 빌드에 성공했지만 지정한 종속성 "d:\qt\6.9.0\msvc2022_64\lib\cmake\qt6qml\qt6qqmlnativedebugservicefactoryplugintargets.cmake"이(가) 없습니다. 이 오류로 인해 증분 빌드가 제대로 작동하지 않을 수 있습니다.
C:\Program Files\Microsoft Visual Studio\2022\Community\MSBuild\Microsoft\VC\v170\Microsoft.CppCommon.targets(237,5): warning MSB8064: "D:\cybermed\daddy\dependency\sdk-VTK-9.4.2\build_msvc\CMakeFiles\fdeeef45baa0dc57bb14d14d8205cfcd\generate.stamp.rule" 항목에 대한 사용자 지정 빌드에 성공했지만 지정한 종속성 "d:\qt\6.9.0\msvc2022_64\lib\cmake\qt6qml\qt6qqmlpreviewservicefactorypluginadditionaltargetinfo.cmake"이(가) 없습니다. 이 오류로 인해 증분 빌드가 제대로 작동하지 않을 수 있습니다.
C:\Program Files\Microsoft Visual Studio\2022\Community\MSBuild\Microsoft\VC\v170\Microsoft.CppCommon.targets(237,5): warning MSB8064: "D:\cybermed\daddy\dependency\sdk-VTK-9.4.2\build_msvc\CMakeFiles\fdeeef45baa0dc57bb14d14d8205cfcd\generate.stamp.rule" 항목에 대한 사용자 지정 빌드에 성공했지만 지정한 종속성 "d:\qt\6.9.0\msvc2022_64\lib\cmake\qt6qml\qt6qqmlpreviewservicefactorypluginconfig.cmake"이(가) 없습니다. 이 오류로 인해 증분 빌드가 제대로 작동하지 않을 수 있습니다.
C:\Program Files\Microsoft Visual Studio\2022\Community\MSBuild\Microsoft\VC\v170\Microsoft.CppCommon.targets(237,5): warning MSB8064: "D:\cybermed\daddy\dependency\sdk-VTK-9.4.2\build_msvc\CMakeFiles\fdeeef45baa0dc57bb14d14d8205cfcd\generate.stamp.rule" 항목에 대한 사용자 지정 빌드에 성공했지만 지정한 종속성 "d:\qt\6.9.0\msvc2022_64\lib\cmake\qt6qml\qt6qqmlpreviewservicefactoryplugintargets-debug.cmake"이(가) 없습니다. 이 오류로 인해 증분 빌드가 제대로 작동하지 않을 수 있습니다.
C:\Program Files\Microsoft Visual Studio\2022\Community\MSBuild\Microsoft\VC\v170\Microsoft.CppCommon.targets(237,5): warning MSB8064: "D:\cybermed\daddy\dependency\sdk-VTK-9.4.2\build_msvc\CMakeFiles\fdeeef45baa0dc57bb14d14d8205cfcd\generate.stamp.rule" 항목에 대한 사용자 지정 빌드에 성공했지만 지정한 종속성 "d:\qt\6.9.0\msvc2022_64\lib\cmake\qt6qml\qt6qqmlpreviewservicefactoryplugintargets-relwithdebinfo.cmake"이(가) 없습니다. 이 오류로 인해 증분 빌드가 제대로 작동하지 않을 수 있습니다.
C:\Program Files\Microsoft Visual Studio\2022\Community\MSBuild\Microsoft\VC\v170\Microsoft.CppCommon.targets(237,5): warning MSB8064: "D:\cybermed\daddy\dependency\sdk-VTK-9.4.2\build_msvc\CMakeFiles\fdeeef45baa0dc57bb14d14d8205cfcd\generate.stamp.rule" 항목에 대한 사용자 지정 빌드에 성공했지만 지정한 종속성 "d:\qt\6.9.0\msvc2022_64\lib\cmake\qt6qml\qt6qqmlpreviewservicefactoryplugintargets.cmake"이(가) 없습니다. 이 오류로 인해 증분 빌드가 제대로 작동하지 않을 수 있습니다.
C:\Program Files\Microsoft Visual Studio\2022\Community\MSBuild\Microsoft\VC\v170\Microsoft.CppCommon.targets(237,5): warning MSB8064: "D:\cybermed\daddy\dependency\sdk-VTK-9.4.2\build_msvc\CMakeFiles\fdeeef45baa0dc57bb14d14d8205cfcd\generate.stamp.rule" 항목에 대한 사용자 지정 빌드에 성공했지만 지정한 종속성 "d:\qt\6.9.0\msvc2022_64\lib\cmake\qt6qml\qt6qqmlprofilerservicefactorypluginadditionaltargetinfo.cmake"이(가) 없습니다. 이 오류로 인해 증분 빌드가 제대로 작동하지 않을 수 있습니다.
C:\Program Files\Microsoft Visual Studio\2022\Community\MSBuild\Microsoft\VC\v170\Microsoft.CppCommon.targets(237,5): warning MSB8064: "D:\cybermed\daddy\dependency\sdk-VTK-9.4.2\build_msvc\CMakeFiles\fdeeef45baa0dc57bb14d14d8205cfcd\generate.stamp.rule" 항목에 대한 사용자 지정 빌드에 성공했지만 지정한 종속성 "d:\qt\6.9.0\msvc2022_64\lib\cmake\qt6qml\qt6qqmlprofilerservicefactorypluginconfig.cmake"이(가) 없습니다. 이 오류로 인해 증분 빌드가 제대로 작동하지 않을 수 있습니다.
C:\Program Files\Microsoft Visual Studio\2022\Community\MSBuild\Microsoft\VC\v170\Microsoft.CppCommon.targets(237,5): warning MSB8064: "D:\cybermed\daddy\dependency\sdk-VTK-9.4.2\build_msvc\CMakeFiles\fdeeef45baa0dc57bb14d14d8205cfcd\generate.stamp.rule" 항목에 대한 사용자 지정 빌드에 성공했지만 지정한 종속성 "d:\qt\6.9.0\msvc2022_64\lib\cmake\qt6qml\qt6qqmlprofilerservicefactoryplugintargets-debug.cmake"이(가) 없습니다. 이 오류로 인해 증분 빌드가 제대로 작동하지 않을 수 있습니다.
C:\Program Files\Microsoft Visual Studio\2022\Community\MSBuild\Microsoft\VC\v170\Microsoft.CppCommon.targets(237,5): warning MSB8064: "D:\cybermed\daddy\dependency\sdk-VTK-9.4.2\build_msvc\CMakeFiles\fdeeef45baa0dc57bb14d14d8205cfcd\generate.stamp.rule" 항목에 대한 사용자 지정 빌드에 성공했지만 지정한 종속성 "d:\qt\6.9.0\msvc2022_64\lib\cmake\qt6qml\qt6qqmlprofilerservicefactoryplugintargets-relwithdebinfo.cmake"이(가) 없습니다. 이 오류로 인해 증분 빌드가 제대로 작동하지 않을 수 있습니다.
C:\Program Files\Microsoft Visual Studio\2022\Community\MSBuild\Microsoft\VC\v170\Microsoft.CppCommon.targets(237,5): warning MSB8064: "D:\cybermed\daddy\dependency\sdk-VTK-9.4.2\build_msvc\CMakeFiles\fdeeef45baa0dc57bb14d14d8205cfcd\generate.stamp.rule" 항목에 대한 사용자 지정 빌드에 성공했지만 지정한 종속성 "d:\qt\6.9.0\msvc2022_64\lib\cmake\qt6qml\qt6qqmlprofilerservicefactoryplugintargets.cmake"이(가) 없습니다. 이 오류로 인해 증분 빌드가 제대로 작동하지 않을 수 있습니다.
C:\Program Files\Microsoft Visual Studio\2022\Community\MSBuild\Microsoft\VC\v170\Microsoft.CppCommon.targets(237,5): warning MSB8064: "D:\cybermed\daddy\dependency\sdk-VTK-9.4.2\build_msvc\CMakeFiles\fdeeef45baa0dc57bb14d14d8205cfcd\generate.stamp.rule" 항목에 대한 사용자 지정 빌드에 성공했지만 지정한 종속성 "d:\qt\6.9.0\msvc2022_64\lib\cmake\qt6qml\qt6qquickprofileradapterfactorypluginadditionaltargetinfo.cmake"이(가) 없습니다. 이 오류로 인해 증분 빌드가 제대로 작동하지 않을 수 있습니다.
C:\Program Files\Microsoft Visual Studio\2022\Community\MSBuild\Microsoft\VC\v170\Microsoft.CppCommon.targets(237,5): warning MSB8064: "D:\cybermed\daddy\dependency\sdk-VTK-9.4.2\build_msvc\CMakeFiles\fdeeef45baa0dc57bb14d14d8205cfcd\generate.stamp.rule" 항목에 대한 사용자 지정 빌드에 성공했지만 지정한 종속성 "d:\qt\6.9.0\msvc2022_64\lib\cmake\qt6qml\qt6qquickprofileradapterfactorypluginconfig.cmake"이(가) 없습니다. 이 오류로 인해 증분 빌드가 제대로 작동하지 않을 수 있습니다.
C:\Program Files\Microsoft Visual Studio\2022\Community\MSBuild\Microsoft\VC\v170\Microsoft.CppCommon.targets(237,5): warning MSB8064: "D:\cybermed\daddy\dependency\sdk-VTK-9.4.2\build_msvc\CMakeFiles\fdeeef45baa0dc57bb14d14d8205cfcd\generate.stamp.rule" 항목에 대한 사용자 지정 빌드에 성공했지만 지정한 종속성 "d:\qt\6.9.0\msvc2022_64\lib\cmake\qt6qml\qt6qquickprofileradapterfactoryplugintargets-debug.cmake"이(가) 없습니다. 이 오류로 인해 증분 빌드가 제대로 작동하지 않을 수 있습니다.
C:\Program Files\Microsoft Visual Studio\2022\Community\MSBuild\Microsoft\VC\v170\Microsoft.CppCommon.targets(237,5): warning MSB8064: "D:\cybermed\daddy\dependency\sdk-VTK-9.4.2\build_msvc\CMakeFiles\fdeeef45baa0dc57bb14d14d8205cfcd\generate.stamp.rule" 항목에 대한 사용자 지정 빌드에 성공했지만 지정한 종속성 "d:\qt\6.9.0\msvc2022_64\lib\cmake\qt6qml\qt6qquickprofileradapterfactoryplugintargets-relwithdebinfo.cmake"이(가) 없습니다. 이 오류로 인해 증분 빌드가 제대로 작동하지 않을 수 있습니다.
C:\Program Files\Microsoft Visual Studio\2022\Community\MSBuild\Microsoft\VC\v170\Microsoft.CppCommon.targets(237,5): warning MSB8064: "D:\cybermed\daddy\dependency\sdk-VTK-9.4.2\build_msvc\CMakeFiles\fdeeef45baa0dc57bb14d14d8205cfcd\generate.stamp.rule" 항목에 대한 사용자 지정 빌드에 성공했지만 지정한 종속성 "d:\qt\6.9.0\msvc2022_64\lib\cmake\qt6qml\qt6qquickprofileradapterfactoryplugintargets.cmake"이(가) 없습니다. 이 오류로 인해 증분 빌드가 제대로 작동하지 않을 수 있습니다.
C:\Program Files\Microsoft Visual Studio\2022\Community\MSBuild\Microsoft\VC\v170\Microsoft.CppCommon.targets(237,5): warning MSB8064: "D:\cybermed\daddy\dependency\sdk-VTK-9.4.2\build_msvc\CMakeFiles\fdeeef45baa0dc57bb14d14d8205cfcd\generate.stamp.rule" 항목에 대한 사용자 지정 빌드에 성공했지만 지정한 종속성 "d:\qt\6.9.0\msvc2022_64\lib\cmake\qt6qml\qt6qtcpserverconnectionfactorypluginadditionaltargetinfo.cmake"이(가) 없습니다. 이 오류로 인해 증분 빌드가 제대로 작동하지 않을 수 있습니다.
C:\Program Files\Microsoft Visual Studio\2022\Community\MSBuild\Microsoft\VC\v170\Microsoft.CppCommon.targets(237,5): warning MSB8064: "D:\cybermed\daddy\dependency\sdk-VTK-9.4.2\build_msvc\CMakeFiles\fdeeef45baa0dc57bb14d14d8205cfcd\generate.stamp.rule" 항목에 대한 사용자 지정 빌드에 성공했지만 지정한 종속성 "d:\qt\6.9.0\msvc2022_64\lib\cmake\qt6qml\qt6qtcpserverconnectionfactorypluginconfig.cmake"이(가) 없습니다. 이 오류로 인해 증분 빌드가 제대로 작동하지 않을 수 있습니다.
C:\Program Files\Microsoft Visual Studio\2022\Community\MSBuild\Microsoft\VC\v170\Microsoft.CppCommon.targets(237,5): warning MSB8064: "D:\cybermed\daddy\dependency\sdk-VTK-9.4.2\build_msvc\CMakeFiles\fdeeef45baa0dc57bb14d14d8205cfcd\generate.stamp.rule" 항목에 대한 사용자 지정 빌드에 성공했지만 지정한 종속성 "d:\qt\6.9.0\msvc2022_64\lib\cmake\qt6qml\qt6qtcpserverconnectionfactoryplugintargets-debug.cmake"이(가) 없습니다. 이 오류로 인해 증분 빌드가 제대로 작동하지 않을 수 있습니다.
C:\Program Files\Microsoft Visual Studio\2022\Community\MSBuild\Microsoft\VC\v170\Microsoft.CppCommon.targets(237,5): warning MSB8064: "D:\cybermed\daddy\dependency\sdk-VTK-9.4.2\build_msvc\CMakeFiles\fdeeef45baa0dc57bb14d14d8205cfcd\generate.stamp.rule" 항목에 대한 사용자 지정 빌드에 성공했지만 지정한 종속성 "d:\qt\6.9.0\msvc2022_64\lib\cmake\qt6qml\qt6qtcpserverconnectionfactoryplugintargets-relwithdebinfo.cmake"이(가) 없습니다. 이 오류로 인해 증분 빌드가 제대로 작동하지 않을 수 있습니다.
C:\Program Files\Microsoft Visual Studio\2022\Community\MSBuild\Microsoft\VC\v170\Microsoft.CppCommon.targets(237,5): warning MSB8064: "D:\cybermed\daddy\dependency\sdk-VTK-9.4.2\build_msvc\CMakeFiles\fdeeef45baa0dc57bb14d14d8205cfcd\generate.stamp.rule" 항목에 대한 사용자 지정 빌드에 성공했지만 지정한 종속성 "d:\qt\6.9.0\msvc2022_64\lib\cmake\qt6qml\qt6qtcpserverconnectionfactoryplugintargets.cmake"이(가) 없습니다. 이 오류로 인해 증분 빌드가 제대로 작동하지 않을 수 있습니다.
C:\Program Files\Microsoft Visual Studio\2022\Community\MSBuild\Microsoft\VC\v170\Microsoft.CppCommon.targets(237,5): warning MSB8064: "D:\cybermed\daddy\dependency\sdk-VTK-9.4.2\build_msvc\CMakeFiles\fdeeef45baa0dc57bb14d14d8205cfcd\generate.stamp.rule" 항목에 대한 사용자 지정 빌드에 성공했지만 지정한 종속성 "d:\qt\6.9.0\msvc2022_64\lib\cmake\qt6qml\qt6qmladditionaltargetinfo.cmake"이(가) 없습니다. 이 오류로 인해 증분 빌드가 제대로 작동하지 않을 수 있습니다.
C:\Program Files\Microsoft Visual Studio\2022\Community\MSBuild\Microsoft\VC\v170\Microsoft.CppCommon.targets(237,5): warning MSB8064: "D:\cybermed\daddy\dependency\sdk-VTK-9.4.2\build_msvc\CMakeFiles\fdeeef45baa0dc57bb14d14d8205cfcd\generate.stamp.rule" 항목에 대한 사용자 지정 빌드에 성공했지만 지정한 종속성 "d:\qt\6.9.0\msvc2022_64\lib\cmake\qt6qml\qt6qmlconfig.cmake"이(가) 없습니다. 이 오류로 인해 증분 빌드가 제대로 작동하지 않을 수 있습니다.
C:\Program Files\Microsoft Visual Studio\2022\Community\MSBuild\Microsoft\VC\v170\Microsoft.CppCommon.targets(237,5): warning MSB8064: "D:\cybermed\daddy\dependency\sdk-VTK-9.4.2\build_msvc\CMakeFiles\fdeeef45baa0dc57bb14d14d8205cfcd\generate.stamp.rule" 항목에 대한 사용자 지정 빌드에 성공했지만 지정한 종속성 "d:\qt\6.9.0\msvc2022_64\lib\cmake\qt6qml\qt6qmlconfigextras.cmake"이(가) 없습니다. 이 오류로 인해 증분 빌드가 제대로 작동하지 않을 수 있습니다.
C:\Program Files\Microsoft Visual Studio\2022\Community\MSBuild\Microsoft\VC\v170\Microsoft.CppCommon.targets(237,5): warning MSB8064: "D:\cybermed\daddy\dependency\sdk-VTK-9.4.2\build_msvc\CMakeFiles\fdeeef45baa0dc57bb14d14d8205cfcd\generate.stamp.rule" 항목에 대한 사용자 지정 빌드에 성공했지만 지정한 종속성 "d:\qt\6.9.0\msvc2022_64\lib\cmake\qt6qml\qt6qmlconfigversion.cmake"이(가) 없습니다. 이 오류로 인해 증분 빌드가 제대로 작동하지 않을 수 있습니다.
C:\Program Files\Microsoft Visual Studio\2022\Community\MSBuild\Microsoft\VC\v170\Microsoft.CppCommon.targets(237,5): warning MSB8064: "D:\cybermed\daddy\dependency\sdk-VTK-9.4.2\build_msvc\CMakeFiles\fdeeef45baa0dc57bb14d14d8205cfcd\generate.stamp.rule" 항목에 대한 사용자 지정 빌드에 성공했지만 지정한 종속성 "d:\qt\6.9.0\msvc2022_64\lib\cmake\qt6qml\qt6qmlconfigversionimpl.cmake"이(가) 없습니다. 이 오류로 인해 증분 빌드가 제대로 작동하지 않을 수 있습니다.
C:\Program Files\Microsoft Visual Studio\2022\Community\MSBuild\Microsoft\VC\v170\Microsoft.CppCommon.targets(237,5): warning MSB8064: "D:\cybermed\daddy\dependency\sdk-VTK-9.4.2\build_msvc\CMakeFiles\fdeeef45baa0dc57bb14d14d8205cfcd\generate.stamp.rule" 항목에 대한 사용자 지정 빌드에 성공했지만 지정한 종속성 "d:\qt\6.9.0\msvc2022_64\lib\cmake\qt6qml\qt6qmldependencies.cmake"이(가) 없습니다. 이 오류로 인해 증분 빌드가 제대로 작동하지 않을 수 있습니다.
C:\Program Files\Microsoft Visual Studio\2022\Community\MSBuild\Microsoft\VC\v170\Microsoft.CppCommon.targets(237,5): warning MSB8064: "D:\cybermed\daddy\dependency\sdk-VTK-9.4.2\build_msvc\CMakeFiles\fdeeef45baa0dc57bb14d14d8205cfcd\generate.stamp.rule" 항목에 대한 사용자 지정 빌드에 성공했지만 지정한 종속성 "d:\qt\6.9.0\msvc2022_64\lib\cmake\qt6qml\qt6qmlfindqmlscinternal.cmake"이(가) 없습니다. 이 오류로 인해 증분 빌드가 제대로 작동하지 않을 수 있습니다.
C:\Program Files\Microsoft Visual Studio\2022\Community\MSBuild\Microsoft\VC\v170\Microsoft.CppCommon.targets(237,5): warning MSB8064: "D:\cybermed\daddy\dependency\sdk-VTK-9.4.2\build_msvc\CMakeFiles\fdeeef45baa0dc57bb14d14d8205cfcd\generate.stamp.rule" 항목에 대한 사용자 지정 빌드에 성공했지만 지정한 종속성 "d:\qt\6.9.0\msvc2022_64\lib\cmake\qt6qml\qt6qmlmacros.cmake"이(가) 없습니다. 이 오류로 인해 증분 빌드가 제대로 작동하지 않을 수 있습니다.
C:\Program Files\Microsoft Visual Studio\2022\Community\MSBuild\Microsoft\VC\v170\Microsoft.CppCommon.targets(237,5): warning MSB8064: "D:\cybermed\daddy\dependency\sdk-VTK-9.4.2\build_msvc\CMakeFiles\fdeeef45baa0dc57bb14d14d8205cfcd\generate.stamp.rule" 항목에 대한 사용자 지정 빌드에 성공했지만 지정한 종속성 "d:\qt\6.9.0\msvc2022_64\lib\cmake\qt6qml\qt6qmlplugins.cmake"이(가) 없습니다. 이 오류로 인해 증분 빌드가 제대로 작동하지 않을 수 있습니다.
C:\Program Files\Microsoft Visual Studio\2022\Community\MSBuild\Microsoft\VC\v170\Microsoft.CppCommon.targets(237,5): warning MSB8064: "D:\cybermed\daddy\dependency\sdk-VTK-9.4.2\build_msvc\CMakeFiles\fdeeef45baa0dc57bb14d14d8205cfcd\generate.stamp.rule" 항목에 대한 사용자 지정 빌드에 성공했지만 지정한 종속성 "d:\qt\6.9.0\msvc2022_64\lib\cmake\qt6qml\qt6qmlpubliccmakehelpers.cmake"이(가) 없습니다. 이 오류로 인해 증분 빌드가 제대로 작동하지 않을 수 있습니다.
C:\Program Files\Microsoft Visual Studio\2022\Community\MSBuild\Microsoft\VC\v170\Microsoft.CppCommon.targets(237,5): warning MSB8064: "D:\cybermed\daddy\dependency\sdk-VTK-9.4.2\build_msvc\CMakeFiles\fdeeef45baa0dc57bb14d14d8205cfcd\generate.stamp.rule" 항목에 대한 사용자 지정 빌드에 성공했지만 지정한 종속성 "d:\qt\6.9.0\msvc2022_64\lib\cmake\qt6qml\qt6qmltargets-debug.cmake"이(가) 없습니다. 이 오류로 인해 증분 빌드가 제대로 작동하지 않을 수 있습니다.
C:\Program Files\Microsoft Visual Studio\2022\Community\MSBuild\Microsoft\VC\v170\Microsoft.CppCommon.targets(237,5): warning MSB8064: "D:\cybermed\daddy\dependency\sdk-VTK-9.4.2\build_msvc\CMakeFiles\fdeeef45baa0dc57bb14d14d8205cfcd\generate.stamp.rule" 항목에 대한 사용자 지정 빌드에 성공했지만 지정한 종속성 "d:\qt\6.9.0\msvc2022_64\lib\cmake\qt6qml\qt6qmltargets-relwithdebinfo.cmake"이(가) 없습니다. 이 오류로 인해 증분 빌드가 제대로 작동하지 않을 수 있습니다.
C:\Program Files\Microsoft Visual Studio\2022\Community\MSBuild\Microsoft\VC\v170\Microsoft.CppCommon.targets(237,5): warning MSB8064: "D:\cybermed\daddy\dependency\sdk-VTK-9.4.2\build_msvc\CMakeFiles\fdeeef45baa0dc57bb14d14d8205cfcd\generate.stamp.rule" 항목에 대한 사용자 지정 빌드에 성공했지만 지정한 종속성 "d:\qt\6.9.0\msvc2022_64\lib\cmake\qt6qml\qt6qmltargets.cmake"이(가) 없습니다. 이 오류로 인해 증분 빌드가 제대로 작동하지 않을 수 있습니다.
C:\Program Files\Microsoft Visual Studio\2022\Community\MSBuild\Microsoft\VC\v170\Microsoft.CppCommon.targets(237,5): warning MSB8064: "D:\cybermed\daddy\dependency\sdk-VTK-9.4.2\build_msvc\CMakeFiles\fdeeef45baa0dc57bb14d14d8205cfcd\generate.stamp.rule" 항목에 대한 사용자 지정 빌드에 성공했지만 지정한 종속성 "d:\qt\6.9.0\msvc2022_64\lib\cmake\qt6qml\qt6qmlversionlessaliastargets.cmake"이(가) 없습니다. 이 오류로 인해 증분 빌드가 제대로 작동하지 않을 수 있습니다.
C:\Program Files\Microsoft Visual Studio\2022\Community\MSBuild\Microsoft\VC\v170\Microsoft.CppCommon.targets(237,5): warning MSB8064: "D:\cybermed\daddy\dependency\sdk-VTK-9.4.2\build_msvc\CMakeFiles\fdeeef45baa0dc57bb14d14d8205cfcd\generate.stamp.rule" 항목에 대한 사용자 지정 빌드에 성공했지만 지정한 종속성 "d:\qt\6.9.0\msvc2022_64\lib\cmake\qt6qmlassetdownloader\qt6qmlassetdownloaderadditionaltargetinfo.cmake"이(가) 없습니다. 이 오류로 인해 증분 빌드가 제대로 작동하지 않을 수 있습니다.
C:\Program Files\Microsoft Visual Studio\2022\Community\MSBuild\Microsoft\VC\v170\Microsoft.CppCommon.targets(237,5): warning MSB8064: "D:\cybermed\daddy\dependency\sdk-VTK-9.4.2\build_msvc\CMakeFiles\fdeeef45baa0dc57bb14d14d8205cfcd\generate.stamp.rule" 항목에 대한 사용자 지정 빌드에 성공했지만 지정한 종속성 "d:\qt\6.9.0\msvc2022_64\lib\cmake\qt6qmlassetdownloader\qt6qmlassetdownloaderconfig.cmake"이(가) 없습니다. 이 오류로 인해 증분 빌드가 제대로 작동하지 않을 수 있습니다.
C:\Program Files\Microsoft Visual Studio\2022\Community\MSBuild\Microsoft\VC\v170\Microsoft.CppCommon.targets(237,5): warning MSB8064: "D:\cybermed\daddy\dependency\sdk-VTK-9.4.2\build_msvc\CMakeFiles\fdeeef45baa0dc57bb14d14d8205cfcd\generate.stamp.rule" 항목에 대한 사용자 지정 빌드에 성공했지만 지정한 종속성 "d:\qt\6.9.0\msvc2022_64\lib\cmake\qt6qmlassetdownloader\qt6qmlassetdownloaderconfigversion.cmake"이(가) 없습니다. 이 오류로 인해 증분 빌드가 제대로 작동하지 않을 수 있습니다.
C:\Program Files\Microsoft Visual Studio\2022\Community\MSBuild\Microsoft\VC\v170\Microsoft.CppCommon.targets(237,5): warning MSB8064: "D:\cybermed\daddy\dependency\sdk-VTK-9.4.2\build_msvc\CMakeFiles\fdeeef45baa0dc57bb14d14d8205cfcd\generate.stamp.rule" 항목에 대한 사용자 지정 빌드에 성공했지만 지정한 종속성 "d:\qt\6.9.0\msvc2022_64\lib\cmake\qt6qmlassetdownloader\qt6qmlassetdownloaderconfigversionimpl.cmake"이(가) 없습니다. 이 오류로 인해 증분 빌드가 제대로 작동하지 않을 수 있습니다.
C:\Program Files\Microsoft Visual Studio\2022\Community\MSBuild\Microsoft\VC\v170\Microsoft.CppCommon.targets(237,5): warning MSB8064: "D:\cybermed\daddy\dependency\sdk-VTK-9.4.2\build_msvc\CMakeFiles\fdeeef45baa0dc57bb14d14d8205cfcd\generate.stamp.rule" 항목에 대한 사용자 지정 빌드에 성공했지만 지정한 종속성 "d:\qt\6.9.0\msvc2022_64\lib\cmake\qt6qmlassetdownloader\qt6qmlassetdownloaderdependencies.cmake"이(가) 없습니다. 이 오류로 인해 증분 빌드가 제대로 작동하지 않을 수 있습니다.
C:\Program Files\Microsoft Visual Studio\2022\Community\MSBuild\Microsoft\VC\v170\Microsoft.CppCommon.targets(237,5): warning MSB8064: "D:\cybermed\daddy\dependency\sdk-VTK-9.4.2\build_msvc\CMakeFiles\fdeeef45baa0dc57bb14d14d8205cfcd\generate.stamp.rule" 항목에 대한 사용자 지정 빌드에 성공했지만 지정한 종속성 "d:\qt\6.9.0\msvc2022_64\lib\cmake\qt6qmlassetdownloader\qt6qmlassetdownloadertargets-debug.cmake"이(가) 없습니다. 이 오류로 인해 증분 빌드가 제대로 작동하지 않을 수 있습니다.
C:\Program Files\Microsoft Visual Studio\2022\Community\MSBuild\Microsoft\VC\v170\Microsoft.CppCommon.targets(237,5): warning MSB8064: "D:\cybermed\daddy\dependency\sdk-VTK-9.4.2\build_msvc\CMakeFiles\fdeeef45baa0dc57bb14d14d8205cfcd\generate.stamp.rule" 항목에 대한 사용자 지정 빌드에 성공했지만 지정한 종속성 "d:\qt\6.9.0\msvc2022_64\lib\cmake\qt6qmlassetdownloader\qt6qmlassetdownloadertargets-relwithdebinfo.cmake"이(가) 없습니다. 이 오류로 인해 증분 빌드가 제대로 작동하지 않을 수 있습니다.
C:\Program Files\Microsoft Visual Studio\2022\Community\MSBuild\Microsoft\VC\v170\Microsoft.CppCommon.targets(237,5): warning MSB8064: "D:\cybermed\daddy\dependency\sdk-VTK-9.4.2\build_msvc\CMakeFiles\fdeeef45baa0dc57bb14d14d8205cfcd\generate.stamp.rule" 항목에 대한 사용자 지정 빌드에 성공했지만 지정한 종속성 "d:\qt\6.9.0\msvc2022_64\lib\cmake\qt6qmlassetdownloader\qt6qmlassetdownloadertargets.cmake"이(가) 없습니다. 이 오류로 인해 증분 빌드가 제대로 작동하지 않을 수 있습니다.
C:\Program Files\Microsoft Visual Studio\2022\Community\MSBuild\Microsoft\VC\v170\Microsoft.CppCommon.targets(237,5): warning MSB8064: "D:\cybermed\daddy\dependency\sdk-VTK-9.4.2\build_msvc\CMakeFiles\fdeeef45baa0dc57bb14d14d8205cfcd\generate.stamp.rule" 항목에 대한 사용자 지정 빌드에 성공했지만 지정한 종속성 "d:\qt\6.9.0\msvc2022_64\lib\cmake\qt6qmlassetdownloader\qt6qmlassetdownloaderversionlessaliastargets.cmake"이(가) 없습니다. 이 오류로 인해 증분 빌드가 제대로 작동하지 않을 수 있습니다.
C:\Program Files\Microsoft Visual Studio\2022\Community\MSBuild\Microsoft\VC\v170\Microsoft.CppCommon.targets(237,5): warning MSB8064: "D:\cybermed\daddy\dependency\sdk-VTK-9.4.2\build_msvc\CMakeFiles\fdeeef45baa0dc57bb14d14d8205cfcd\generate.stamp.rule" 항목에 대한 사용자 지정 빌드에 성공했지만 지정한 종속성 "d:\qt\6.9.0\msvc2022_64\lib\cmake\qt6qmlassetdownloaderprivate\qt6qmlassetdownloaderprivateadditionaltargetinfo.cmake"이(가) 없습니다. 이 오류로 인해 증분 빌드가 제대로 작동하지 않을 수 있습니다.
C:\Program Files\Microsoft Visual Studio\2022\Community\MSBuild\Microsoft\VC\v170\Microsoft.CppCommon.targets(237,5): warning MSB8064: "D:\cybermed\daddy\dependency\sdk-VTK-9.4.2\build_msvc\CMakeFiles\fdeeef45baa0dc57bb14d14d8205cfcd\generate.stamp.rule" 항목에 대한 사용자 지정 빌드에 성공했지만 지정한 종속성 "d:\qt\6.9.0\msvc2022_64\lib\cmake\qt6qmlassetdownloaderprivate\qt6qmlassetdownloaderprivateconfig.cmake"이(가) 없습니다. 이 오류로 인해 증분 빌드가 제대로 작동하지 않을 수 있습니다.
C:\Program Files\Microsoft Visual Studio\2022\Community\MSBuild\Microsoft\VC\v170\Microsoft.CppCommon.targets(237,5): warning MSB8064: "D:\cybermed\daddy\dependency\sdk-VTK-9.4.2\build_msvc\CMakeFiles\fdeeef45baa0dc57bb14d14d8205cfcd\generate.stamp.rule" 항목에 대한 사용자 지정 빌드에 성공했지만 지정한 종속성 "d:\qt\6.9.0\msvc2022_64\lib\cmake\qt6qmlassetdownloaderprivate\qt6qmlassetdownloaderprivateconfigversion.cmake"이(가) 없습니다. 이 오류로 인해 증분 빌드가 제대로 작동하지 않을 수 있습니다.
C:\Program Files\Microsoft Visual Studio\2022\Community\MSBuild\Microsoft\VC\v170\Microsoft.CppCommon.targets(237,5): warning MSB8064: "D:\cybermed\daddy\dependency\sdk-VTK-9.4.2\build_msvc\CMakeFiles\fdeeef45baa0dc57bb14d14d8205cfcd\generate.stamp.rule" 항목에 대한 사용자 지정 빌드에 성공했지만 지정한 종속성 "d:\qt\6.9.0\msvc2022_64\lib\cmake\qt6qmlassetdownloaderprivate\qt6qmlassetdownloaderprivateconfigversionimpl.cmake"이(가) 없습니다. 이 오류로 인해 증분 빌드가 제대로 작동하지 않을 수 있습니다.
C:\Program Files\Microsoft Visual Studio\2022\Community\MSBuild\Microsoft\VC\v170\Microsoft.CppCommon.targets(237,5): warning MSB8064: "D:\cybermed\daddy\dependency\sdk-VTK-9.4.2\build_msvc\CMakeFiles\fdeeef45baa0dc57bb14d14d8205cfcd\generate.stamp.rule" 항목에 대한 사용자 지정 빌드에 성공했지만 지정한 종속성 "d:\qt\6.9.0\msvc2022_64\lib\cmake\qt6qmlassetdownloaderprivate\qt6qmlassetdownloaderprivatedependencies.cmake"이(가) 없습니다. 이 오류로 인해 증분 빌드가 제대로 작동하지 않을 수 있습니다.
C:\Program Files\Microsoft Visual Studio\2022\Community\MSBuild\Microsoft\VC\v170\Microsoft.CppCommon.targets(237,5): warning MSB8064: "D:\cybermed\daddy\dependency\sdk-VTK-9.4.2\build_msvc\CMakeFiles\fdeeef45baa0dc57bb14d14d8205cfcd\generate.stamp.rule" 항목에 대한 사용자 지정 빌드에 성공했지만 지정한 종속성 "d:\qt\6.9.0\msvc2022_64\lib\cmake\qt6qmlassetdownloaderprivate\qt6qmlassetdownloaderprivatetargets.cmake"이(가) 없습니다. 이 오류로 인해 증분 빌드가 제대로 작동하지 않을 수 있습니다.
C:\Program Files\Microsoft Visual Studio\2022\Community\MSBuild\Microsoft\VC\v170\Microsoft.CppCommon.targets(237,5): warning MSB8064: "D:\cybermed\daddy\dependency\sdk-VTK-9.4.2\build_msvc\CMakeFiles\fdeeef45baa0dc57bb14d14d8205cfcd\generate.stamp.rule" 항목에 대한 사용자 지정 빌드에 성공했지만 지정한 종속성 "d:\qt\6.9.0\msvc2022_64\lib\cmake\qt6qmlassetdownloaderprivate\qt6qmlassetdownloaderprivateversionlessaliastargets.cmake"이(가) 없습니다. 이 오류로 인해 증분 빌드가 제대로 작동하지 않을 수 있습니다.
C:\Program Files\Microsoft Visual Studio\2022\Community\MSBuild\Microsoft\VC\v170\Microsoft.CppCommon.targets(237,5): warning MSB8064: "D:\cybermed\daddy\dependency\sdk-VTK-9.4.2\build_msvc\CMakeFiles\fdeeef45baa0dc57bb14d14d8205cfcd\generate.stamp.rule" 항목에 대한 사용자 지정 빌드에 성공했지만 지정한 종속성 "d:\qt\6.9.0\msvc2022_64\lib\cmake\qt6qmlintegration\qt6qmlintegrationadditionaltargetinfo.cmake"이(가) 없습니다. 이 오류로 인해 증분 빌드가 제대로 작동하지 않을 수 있습니다.
C:\Program Files\Microsoft Visual Studio\2022\Community\MSBuild\Microsoft\VC\v170\Microsoft.CppCommon.targets(237,5): warning MSB8064: "D:\cybermed\daddy\dependency\sdk-VTK-9.4.2\build_msvc\CMakeFiles\fdeeef45baa0dc57bb14d14d8205cfcd\generate.stamp.rule" 항목에 대한 사용자 지정 빌드에 성공했지만 지정한 종속성 "d:\qt\6.9.0\msvc2022_64\lib\cmake\qt6qmlintegration\qt6qmlintegrationconfig.cmake"이(가) 없습니다. 이 오류로 인해 증분 빌드가 제대로 작동하지 않을 수 있습니다.
C:\Program Files\Microsoft Visual Studio\2022\Community\MSBuild\Microsoft\VC\v170\Microsoft.CppCommon.targets(237,5): warning MSB8064: "D:\cybermed\daddy\dependency\sdk-VTK-9.4.2\build_msvc\CMakeFiles\fdeeef45baa0dc57bb14d14d8205cfcd\generate.stamp.rule" 항목에 대한 사용자 지정 빌드에 성공했지만 지정한 종속성 "d:\qt\6.9.0\msvc2022_64\lib\cmake\qt6qmlintegration\qt6qmlintegrationconfigversion.cmake"이(가) 없습니다. 이 오류로 인해 증분 빌드가 제대로 작동하지 않을 수 있습니다.
C:\Program Files\Microsoft Visual Studio\2022\Community\MSBuild\Microsoft\VC\v170\Microsoft.CppCommon.targets(237,5): warning MSB8064: "D:\cybermed\daddy\dependency\sdk-VTK-9.4.2\build_msvc\CMakeFiles\fdeeef45baa0dc57bb14d14d8205cfcd\generate.stamp.rule" 항목에 대한 사용자 지정 빌드에 성공했지만 지정한 종속성 "d:\qt\6.9.0\msvc2022_64\lib\cmake\qt6qmlintegration\qt6qmlintegrationconfigversionimpl.cmake"이(가) 없습니다. 이 오류로 인해 증분 빌드가 제대로 작동하지 않을 수 있습니다.
C:\Program Files\Microsoft Visual Studio\2022\Community\MSBuild\Microsoft\VC\v170\Microsoft.CppCommon.targets(237,5): warning MSB8064: "D:\cybermed\daddy\dependency\sdk-VTK-9.4.2\build_msvc\CMakeFiles\fdeeef45baa0dc57bb14d14d8205cfcd\generate.stamp.rule" 항목에 대한 사용자 지정 빌드에 성공했지만 지정한 종속성 "d:\qt\6.9.0\msvc2022_64\lib\cmake\qt6qmlintegration\qt6qmlintegrationtargets.cmake"이(가) 없습니다. 이 오류로 인해 증분 빌드가 제대로 작동하지 않을 수 있습니다.
C:\Program Files\Microsoft Visual Studio\2022\Community\MSBuild\Microsoft\VC\v170\Microsoft.CppCommon.targets(237,5): warning MSB8064: "D:\cybermed\daddy\dependency\sdk-VTK-9.4.2\build_msvc\CMakeFiles\fdeeef45baa0dc57bb14d14d8205cfcd\generate.stamp.rule" 항목에 대한 사용자 지정 빌드에 성공했지만 지정한 종속성 "d:\qt\6.9.0\msvc2022_64\lib\cmake\qt6qmlintegration\qt6qmlintegrationversionlessaliastargets.cmake"이(가) 없습니다. 이 오류로 인해 증분 빌드가 제대로 작동하지 않을 수 있습니다.
C:\Program Files\Microsoft Visual Studio\2022\Community\MSBuild\Microsoft\VC\v170\Microsoft.CppCommon.targets(237,5): warning MSB8064: "D:\cybermed\daddy\dependency\sdk-VTK-9.4.2\build_msvc\CMakeFiles\fdeeef45baa0dc57bb14d14d8205cfcd\generate.stamp.rule" 항목에 대한 사용자 지정 빌드에 성공했지만 지정한 종속성 "d:\qt\6.9.0\msvc2022_64\lib\cmake\qt6qmlintegrationprivate\qt6qmlintegrationprivateadditionaltargetinfo.cmake"이(가) 없습니다. 이 오류로 인해 증분 빌드가 제대로 작동하지 않을 수 있습니다.
C:\Program Files\Microsoft Visual Studio\2022\Community\MSBuild\Microsoft\VC\v170\Microsoft.CppCommon.targets(237,5): warning MSB8064: "D:\cybermed\daddy\dependency\sdk-VTK-9.4.2\build_msvc\CMakeFiles\fdeeef45baa0dc57bb14d14d8205cfcd\generate.stamp.rule" 항목에 대한 사용자 지정 빌드에 성공했지만 지정한 종속성 "d:\qt\6.9.0\msvc2022_64\lib\cmake\qt6qmlintegrationprivate\qt6qmlintegrationprivateconfig.cmake"이(가) 없습니다. 이 오류로 인해 증분 빌드가 제대로 작동하지 않을 수 있습니다.
C:\Program Files\Microsoft Visual Studio\2022\Community\MSBuild\Microsoft\VC\v170\Microsoft.CppCommon.targets(237,5): warning MSB8064: "D:\cybermed\daddy\dependency\sdk-VTK-9.4.2\build_msvc\CMakeFiles\fdeeef45baa0dc57bb14d14d8205cfcd\generate.stamp.rule" 항목에 대한 사용자 지정 빌드에 성공했지만 지정한 종속성 "d:\qt\6.9.0\msvc2022_64\lib\cmake\qt6qmlintegrationprivate\qt6qmlintegrationprivateconfigversion.cmake"이(가) 없습니다. 이 오류로 인해 증분 빌드가 제대로 작동하지 않을 수 있습니다.
C:\Program Files\Microsoft Visual Studio\2022\Community\MSBuild\Microsoft\VC\v170\Microsoft.CppCommon.targets(237,5): warning MSB8064: "D:\cybermed\daddy\dependency\sdk-VTK-9.4.2\build_msvc\CMakeFiles\fdeeef45baa0dc57bb14d14d8205cfcd\generate.stamp.rule" 항목에 대한 사용자 지정 빌드에 성공했지만 지정한 종속성 "d:\qt\6.9.0\msvc2022_64\lib\cmake\qt6qmlintegrationprivate\qt6qmlintegrationprivateconfigversionimpl.cmake"이(가) 없습니다. 이 오류로 인해 증분 빌드가 제대로 작동하지 않을 수 있습니다.
C:\Program Files\Microsoft Visual Studio\2022\Community\MSBuild\Microsoft\VC\v170\Microsoft.CppCommon.targets(237,5): warning MSB8064: "D:\cybermed\daddy\dependency\sdk-VTK-9.4.2\build_msvc\CMakeFiles\fdeeef45baa0dc57bb14d14d8205cfcd\generate.stamp.rule" 항목에 대한 사용자 지정 빌드에 성공했지만 지정한 종속성 "d:\qt\6.9.0\msvc2022_64\lib\cmake\qt6qmlintegrationprivate\qt6qmlintegrationprivatedependencies.cmake"이(가) 없습니다. 이 오류로 인해 증분 빌드가 제대로 작동하지 않을 수 있습니다.
C:\Program Files\Microsoft Visual Studio\2022\Community\MSBuild\Microsoft\VC\v170\Microsoft.CppCommon.targets(237,5): warning MSB8064: "D:\cybermed\daddy\dependency\sdk-VTK-9.4.2\build_msvc\CMakeFiles\fdeeef45baa0dc57bb14d14d8205cfcd\generate.stamp.rule" 항목에 대한 사용자 지정 빌드에 성공했지만 지정한 종속성 "d:\qt\6.9.0\msvc2022_64\lib\cmake\qt6qmlintegrationprivate\qt6qmlintegrationprivatetargets.cmake"이(가) 없습니다. 이 오류로 인해 증분 빌드가 제대로 작동하지 않을 수 있습니다.
C:\Program Files\Microsoft Visual Studio\2022\Community\MSBuild\Microsoft\VC\v170\Microsoft.CppCommon.targets(237,5): warning MSB8064: "D:\cybermed\daddy\dependency\sdk-VTK-9.4.2\build_msvc\CMakeFiles\fdeeef45baa0dc57bb14d14d8205cfcd\generate.stamp.rule" 항목에 대한 사용자 지정 빌드에 성공했지만 지정한 종속성 "d:\qt\6.9.0\msvc2022_64\lib\cmake\qt6qmlintegrationprivate\qt6qmlintegrationprivateversionlessaliastargets.cmake"이(가) 없습니다. 이 오류로 인해 증분 빌드가 제대로 작동하지 않을 수 있습니다.
C:\Program Files\Microsoft Visual Studio\2022\Community\MSBuild\Microsoft\VC\v170\Microsoft.CppCommon.targets(237,5): warning MSB8064: "D:\cybermed\daddy\dependency\sdk-VTK-9.4.2\build_msvc\CMakeFiles\fdeeef45baa0dc57bb14d14d8205cfcd\generate.stamp.rule" 항목에 대한 사용자 지정 빌드에 성공했지만 지정한 종속성 "d:\qt\6.9.0\msvc2022_64\lib\cmake\qt6qmlmeta\qt6qmlmetaadditionaltargetinfo.cmake"이(가) 없습니다. 이 오류로 인해 증분 빌드가 제대로 작동하지 않을 수 있습니다.
C:\Program Files\Microsoft Visual Studio\2022\Community\MSBuild\Microsoft\VC\v170\Microsoft.CppCommon.targets(237,5): warning MSB8064: "D:\cybermed\daddy\dependency\sdk-VTK-9.4.2\build_msvc\CMakeFiles\fdeeef45baa0dc57bb14d14d8205cfcd\generate.stamp.rule" 항목에 대한 사용자 지정 빌드에 성공했지만 지정한 종속성 "d:\qt\6.9.0\msvc2022_64\lib\cmake\qt6qmlmeta\qt6qmlmetaconfig.cmake"이(가) 없습니다. 이 오류로 인해 증분 빌드가 제대로 작동하지 않을 수 있습니다.
C:\Program Files\Microsoft Visual Studio\2022\Community\MSBuild\Microsoft\VC\v170\Microsoft.CppCommon.targets(237,5): warning MSB8064: "D:\cybermed\daddy\dependency\sdk-VTK-9.4.2\build_msvc\CMakeFiles\fdeeef45baa0dc57bb14d14d8205cfcd\generate.stamp.rule" 항목에 대한 사용자 지정 빌드에 성공했지만 지정한 종속성 "d:\qt\6.9.0\msvc2022_64\lib\cmake\qt6qmlmeta\qt6qmlmetaconfigversion.cmake"이(가) 없습니다. 이 오류로 인해 증분 빌드가 제대로 작동하지 않을 수 있습니다.
C:\Program Files\Microsoft Visual Studio\2022\Community\MSBuild\Microsoft\VC\v170\Microsoft.CppCommon.targets(237,5): warning MSB8064: "D:\cybermed\daddy\dependency\sdk-VTK-9.4.2\build_msvc\CMakeFiles\fdeeef45baa0dc57bb14d14d8205cfcd\generate.stamp.rule" 항목에 대한 사용자 지정 빌드에 성공했지만 지정한 종속성 "d:\qt\6.9.0\msvc2022_64\lib\cmake\qt6qmlmeta\qt6qmlmetaconfigversionimpl.cmake"이(가) 없습니다. 이 오류로 인해 증분 빌드가 제대로 작동하지 않을 수 있습니다.
C:\Program Files\Microsoft Visual Studio\2022\Community\MSBuild\Microsoft\VC\v170\Microsoft.CppCommon.targets(237,5): warning MSB8064: "D:\cybermed\daddy\dependency\sdk-VTK-9.4.2\build_msvc\CMakeFiles\fdeeef45baa0dc57bb14d14d8205cfcd\generate.stamp.rule" 항목에 대한 사용자 지정 빌드에 성공했지만 지정한 종속성 "d:\qt\6.9.0\msvc2022_64\lib\cmake\qt6qmlmeta\qt6qmlmetadependencies.cmake"이(가) 없습니다. 이 오류로 인해 증분 빌드가 제대로 작동하지 않을 수 있습니다.
C:\Program Files\Microsoft Visual Studio\2022\Community\MSBuild\Microsoft\VC\v170\Microsoft.CppCommon.targets(237,5): warning MSB8064: "D:\cybermed\daddy\dependency\sdk-VTK-9.4.2\build_msvc\CMakeFiles\fdeeef45baa0dc57bb14d14d8205cfcd\generate.stamp.rule" 항목에 대한 사용자 지정 빌드에 성공했지만 지정한 종속성 "d:\qt\6.9.0\msvc2022_64\lib\cmake\qt6qmlmeta\qt6qmlmetatargets-debug.cmake"이(가) 없습니다. 이 오류로 인해 증분 빌드가 제대로 작동하지 않을 수 있습니다.
C:\Program Files\Microsoft Visual Studio\2022\Community\MSBuild\Microsoft\VC\v170\Microsoft.CppCommon.targets(237,5): warning MSB8064: "D:\cybermed\daddy\dependency\sdk-VTK-9.4.2\build_msvc\CMakeFiles\fdeeef45baa0dc57bb14d14d8205cfcd\generate.stamp.rule" 항목에 대한 사용자 지정 빌드에 성공했지만 지정한 종속성 "d:\qt\6.9.0\msvc2022_64\lib\cmake\qt6qmlmeta\qt6qmlmetatargets-relwithdebinfo.cmake"이(가) 없습니다. 이 오류로 인해 증분 빌드가 제대로 작동하지 않을 수 있습니다.
C:\Program Files\Microsoft Visual Studio\2022\Community\MSBuild\Microsoft\VC\v170\Microsoft.CppCommon.targets(237,5): warning MSB8064: "D:\cybermed\daddy\dependency\sdk-VTK-9.4.2\build_msvc\CMakeFiles\fdeeef45baa0dc57bb14d14d8205cfcd\generate.stamp.rule" 항목에 대한 사용자 지정 빌드에 성공했지만 지정한 종속성 "d:\qt\6.9.0\msvc2022_64\lib\cmake\qt6qmlmeta\qt6qmlmetatargets.cmake"이(가) 없습니다. 이 오류로 인해 증분 빌드가 제대로 작동하지 않을 수 있습니다.
C:\Program Files\Microsoft Visual Studio\2022\Community\MSBuild\Microsoft\VC\v170\Microsoft.CppCommon.targets(237,5): warning MSB8064: "D:\cybermed\daddy\dependency\sdk-VTK-9.4.2\build_msvc\CMakeFiles\fdeeef45baa0dc57bb14d14d8205cfcd\generate.stamp.rule" 항목에 대한 사용자 지정 빌드에 성공했지만 지정한 종속성 "d:\qt\6.9.0\msvc2022_64\lib\cmake\qt6qmlmeta\qt6qmlmetaversionlessaliastargets.cmake"이(가) 없습니다. 이 오류로 인해 증분 빌드가 제대로 작동하지 않을 수 있습니다.
C:\Program Files\Microsoft Visual Studio\2022\Community\MSBuild\Microsoft\VC\v170\Microsoft.CppCommon.targets(237,5): warning MSB8064: "D:\cybermed\daddy\dependency\sdk-VTK-9.4.2\build_msvc\CMakeFiles\fdeeef45baa0dc57bb14d14d8205cfcd\generate.stamp.rule" 항목에 대한 사용자 지정 빌드에 성공했지만 지정한 종속성 "d:\qt\6.9.0\msvc2022_64\lib\cmake\qt6qmlmetaprivate\qt6qmlmetaprivateadditionaltargetinfo.cmake"이(가) 없습니다. 이 오류로 인해 증분 빌드가 제대로 작동하지 않을 수 있습니다.
C:\Program Files\Microsoft Visual Studio\2022\Community\MSBuild\Microsoft\VC\v170\Microsoft.CppCommon.targets(237,5): warning MSB8064: "D:\cybermed\daddy\dependency\sdk-VTK-9.4.2\build_msvc\CMakeFiles\fdeeef45baa0dc57bb14d14d8205cfcd\generate.stamp.rule" 항목에 대한 사용자 지정 빌드에 성공했지만 지정한 종속성 "d:\qt\6.9.0\msvc2022_64\lib\cmake\qt6qmlmetaprivate\qt6qmlmetaprivateconfig.cmake"이(가) 없습니다. 이 오류로 인해 증분 빌드가 제대로 작동하지 않을 수 있습니다.
C:\Program Files\Microsoft Visual Studio\2022\Community\MSBuild\Microsoft\VC\v170\Microsoft.CppCommon.targets(237,5): warning MSB8064: "D:\cybermed\daddy\dependency\sdk-VTK-9.4.2\build_msvc\CMakeFiles\fdeeef45baa0dc57bb14d14d8205cfcd\generate.stamp.rule" 항목에 대한 사용자 지정 빌드에 성공했지만 지정한 종속성 "d:\qt\6.9.0\msvc2022_64\lib\cmake\qt6qmlmetaprivate\qt6qmlmetaprivateconfigversion.cmake"이(가) 없습니다. 이 오류로 인해 증분 빌드가 제대로 작동하지 않을 수 있습니다.
C:\Program Files\Microsoft Visual Studio\2022\Community\MSBuild\Microsoft\VC\v170\Microsoft.CppCommon.targets(237,5): warning MSB8064: "D:\cybermed\daddy\dependency\sdk-VTK-9.4.2\build_msvc\CMakeFiles\fdeeef45baa0dc57bb14d14d8205cfcd\generate.stamp.rule" 항목에 대한 사용자 지정 빌드에 성공했지만 지정한 종속성 "d:\qt\6.9.0\msvc2022_64\lib\cmake\qt6qmlmetaprivate\qt6qmlmetaprivateconfigversionimpl.cmake"이(가) 없습니다. 이 오류로 인해 증분 빌드가 제대로 작동하지 않을 수 있습니다.
C:\Program Files\Microsoft Visual Studio\2022\Community\MSBuild\Microsoft\VC\v170\Microsoft.CppCommon.targets(237,5): warning MSB8064: "D:\cybermed\daddy\dependency\sdk-VTK-9.4.2\build_msvc\CMakeFiles\fdeeef45baa0dc57bb14d14d8205cfcd\generate.stamp.rule" 항목에 대한 사용자 지정 빌드에 성공했지만 지정한 종속성 "d:\qt\6.9.0\msvc2022_64\lib\cmake\qt6qmlmetaprivate\qt6qmlmetaprivatedependencies.cmake"이(가) 없습니다. 이 오류로 인해 증분 빌드가 제대로 작동하지 않을 수 있습니다.
C:\Program Files\Microsoft Visual Studio\2022\Community\MSBuild\Microsoft\VC\v170\Microsoft.CppCommon.targets(237,5): warning MSB8064: "D:\cybermed\daddy\dependency\sdk-VTK-9.4.2\build_msvc\CMakeFiles\fdeeef45baa0dc57bb14d14d8205cfcd\generate.stamp.rule" 항목에 대한 사용자 지정 빌드에 성공했지만 지정한 종속성 "d:\qt\6.9.0\msvc2022_64\lib\cmake\qt6qmlmetaprivate\qt6qmlmetaprivatetargets.cmake"이(가) 없습니다. 이 오류로 인해 증분 빌드가 제대로 작동하지 않을 수 있습니다.
C:\Program Files\Microsoft Visual Studio\2022\Community\MSBuild\Microsoft\VC\v170\Microsoft.CppCommon.targets(237,5): warning MSB8064: "D:\cybermed\daddy\dependency\sdk-VTK-9.4.2\build_msvc\CMakeFiles\fdeeef45baa0dc57bb14d14d8205cfcd\generate.stamp.rule" 항목에 대한 사용자 지정 빌드에 성공했지만 지정한 종속성 "d:\qt\6.9.0\msvc2022_64\lib\cmake\qt6qmlmetaprivate\qt6qmlmetaprivateversionlessaliastargets.cmake"이(가) 없습니다. 이 오류로 인해 증분 빌드가 제대로 작동하지 않을 수 있습니다.
C:\Program Files\Microsoft Visual Studio\2022\Community\MSBuild\Microsoft\VC\v170\Microsoft.CppCommon.targets(237,5): warning MSB8064: "D:\cybermed\daddy\dependency\sdk-VTK-9.4.2\build_msvc\CMakeFiles\fdeeef45baa0dc57bb14d14d8205cfcd\generate.stamp.rule" 항목에 대한 사용자 지정 빌드에 성공했지만 지정한 종속성 "d:\qt\6.9.0\msvc2022_64\lib\cmake\qt6qmlmodels\qt6qmlmodelsadditionaltargetinfo.cmake"이(가) 없습니다. 이 오류로 인해 증분 빌드가 제대로 작동하지 않을 수 있습니다.
C:\Program Files\Microsoft Visual Studio\2022\Community\MSBuild\Microsoft\VC\v170\Microsoft.CppCommon.targets(237,5): warning MSB8064: "D:\cybermed\daddy\dependency\sdk-VTK-9.4.2\build_msvc\CMakeFiles\fdeeef45baa0dc57bb14d14d8205cfcd\generate.stamp.rule" 항목에 대한 사용자 지정 빌드에 성공했지만 지정한 종속성 "d:\qt\6.9.0\msvc2022_64\lib\cmake\qt6qmlmodels\qt6qmlmodelsconfig.cmake"이(가) 없습니다. 이 오류로 인해 증분 빌드가 제대로 작동하지 않을 수 있습니다.
C:\Program Files\Microsoft Visual Studio\2022\Community\MSBuild\Microsoft\VC\v170\Microsoft.CppCommon.targets(237,5): warning MSB8064: "D:\cybermed\daddy\dependency\sdk-VTK-9.4.2\build_msvc\CMakeFiles\fdeeef45baa0dc57bb14d14d8205cfcd\generate.stamp.rule" 항목에 대한 사용자 지정 빌드에 성공했지만 지정한 종속성 "d:\qt\6.9.0\msvc2022_64\lib\cmake\qt6qmlmodels\qt6qmlmodelsconfigversion.cmake"이(가) 없습니다. 이 오류로 인해 증분 빌드가 제대로 작동하지 않을 수 있습니다.
C:\Program Files\Microsoft Visual Studio\2022\Community\MSBuild\Microsoft\VC\v170\Microsoft.CppCommon.targets(237,5): warning MSB8064: "D:\cybermed\daddy\dependency\sdk-VTK-9.4.2\build_msvc\CMakeFiles\fdeeef45baa0dc57bb14d14d8205cfcd\generate.stamp.rule" 항목에 대한 사용자 지정 빌드에 성공했지만 지정한 종속성 "d:\qt\6.9.0\msvc2022_64\lib\cmake\qt6qmlmodels\qt6qmlmodelsconfigversionimpl.cmake"이(가) 없습니다. 이 오류로 인해 증분 빌드가 제대로 작동하지 않을 수 있습니다.
C:\Program Files\Microsoft Visual Studio\2022\Community\MSBuild\Microsoft\VC\v170\Microsoft.CppCommon.targets(237,5): warning MSB8064: "D:\cybermed\daddy\dependency\sdk-VTK-9.4.2\build_msvc\CMakeFiles\fdeeef45baa0dc57bb14d14d8205cfcd\generate.stamp.rule" 항목에 대한 사용자 지정 빌드에 성공했지만 지정한 종속성 "d:\qt\6.9.0\msvc2022_64\lib\cmake\qt6qmlmodels\qt6qmlmodelsdependencies.cmake"이(가) 없습니다. 이 오류로 인해 증분 빌드가 제대로 작동하지 않을 수 있습니다.
C:\Program Files\Microsoft Visual Studio\2022\Community\MSBuild\Microsoft\VC\v170\Microsoft.CppCommon.targets(237,5): warning MSB8064: "D:\cybermed\daddy\dependency\sdk-VTK-9.4.2\build_msvc\CMakeFiles\fdeeef45baa0dc57bb14d14d8205cfcd\generate.stamp.rule" 항목에 대한 사용자 지정 빌드에 성공했지만 지정한 종속성 "d:\qt\6.9.0\msvc2022_64\lib\cmake\qt6qmlmodels\qt6qmlmodelstargets-debug.cmake"이(가) 없습니다. 이 오류로 인해 증분 빌드가 제대로 작동하지 않을 수 있습니다.
C:\Program Files\Microsoft Visual Studio\2022\Community\MSBuild\Microsoft\VC\v170\Microsoft.CppCommon.targets(237,5): warning MSB8064: "D:\cybermed\daddy\dependency\sdk-VTK-9.4.2\build_msvc\CMakeFiles\fdeeef45baa0dc57bb14d14d8205cfcd\generate.stamp.rule" 항목에 대한 사용자 지정 빌드에 성공했지만 지정한 종속성 "d:\qt\6.9.0\msvc2022_64\lib\cmake\qt6qmlmodels\qt6qmlmodelstargets-relwithdebinfo.cmake"이(가) 없습니다. 이 오류로 인해 증분 빌드가 제대로 작동하지 않을 수 있습니다.
C:\Program Files\Microsoft Visual Studio\2022\Community\MSBuild\Microsoft\VC\v170\Microsoft.CppCommon.targets(237,5): warning MSB8064: "D:\cybermed\daddy\dependency\sdk-VTK-9.4.2\build_msvc\CMakeFiles\fdeeef45baa0dc57bb14d14d8205cfcd\generate.stamp.rule" 항목에 대한 사용자 지정 빌드에 성공했지만 지정한 종속성 "d:\qt\6.9.0\msvc2022_64\lib\cmake\qt6qmlmodels\qt6qmlmodelstargets.cmake"이(가) 없습니다. 이 오류로 인해 증분 빌드가 제대로 작동하지 않을 수 있습니다.
C:\Program Files\Microsoft Visual Studio\2022\Community\MSBuild\Microsoft\VC\v170\Microsoft.CppCommon.targets(237,5): warning MSB8064: "D:\cybermed\daddy\dependency\sdk-VTK-9.4.2\build_msvc\CMakeFiles\fdeeef45baa0dc57bb14d14d8205cfcd\generate.stamp.rule" 항목에 대한 사용자 지정 빌드에 성공했지만 지정한 종속성 "d:\qt\6.9.0\msvc2022_64\lib\cmake\qt6qmlmodels\qt6qmlmodelsversionlessaliastargets.cmake"이(가) 없습니다. 이 오류로 인해 증분 빌드가 제대로 작동하지 않을 수 있습니다.
C:\Program Files\Microsoft Visual Studio\2022\Community\MSBuild\Microsoft\VC\v170\Microsoft.CppCommon.targets(237,5): warning MSB8064: "D:\cybermed\daddy\dependency\sdk-VTK-9.4.2\build_msvc\CMakeFiles\fdeeef45baa0dc57bb14d14d8205cfcd\generate.stamp.rule" 항목에 대한 사용자 지정 빌드에 성공했지만 지정한 종속성 "d:\qt\6.9.0\msvc2022_64\lib\cmake\qt6qmlmodelsprivate\qt6qmlmodelsprivateadditionaltargetinfo.cmake"이(가) 없습니다. 이 오류로 인해 증분 빌드가 제대로 작동하지 않을 수 있습니다.
C:\Program Files\Microsoft Visual Studio\2022\Community\MSBuild\Microsoft\VC\v170\Microsoft.CppCommon.targets(237,5): warning MSB8064: "D:\cybermed\daddy\dependency\sdk-VTK-9.4.2\build_msvc\CMakeFiles\fdeeef45baa0dc57bb14d14d8205cfcd\generate.stamp.rule" 항목에 대한 사용자 지정 빌드에 성공했지만 지정한 종속성 "d:\qt\6.9.0\msvc2022_64\lib\cmake\qt6qmlmodelsprivate\qt6qmlmodelsprivateconfig.cmake"이(가) 없습니다. 이 오류로 인해 증분 빌드가 제대로 작동하지 않을 수 있습니다.
C:\Program Files\Microsoft Visual Studio\2022\Community\MSBuild\Microsoft\VC\v170\Microsoft.CppCommon.targets(237,5): warning MSB8064: "D:\cybermed\daddy\dependency\sdk-VTK-9.4.2\build_msvc\CMakeFiles\fdeeef45baa0dc57bb14d14d8205cfcd\generate.stamp.rule" 항목에 대한 사용자 지정 빌드에 성공했지만 지정한 종속성 "d:\qt\6.9.0\msvc2022_64\lib\cmake\qt6qmlmodelsprivate\qt6qmlmodelsprivateconfigversion.cmake"이(가) 없습니다. 이 오류로 인해 증분 빌드가 제대로 작동하지 않을 수 있습니다.
C:\Program Files\Microsoft Visual Studio\2022\Community\MSBuild\Microsoft\VC\v170\Microsoft.CppCommon.targets(237,5): warning MSB8064: "D:\cybermed\daddy\dependency\sdk-VTK-9.4.2\build_msvc\CMakeFiles\fdeeef45baa0dc57bb14d14d8205cfcd\generate.stamp.rule" 항목에 대한 사용자 지정 빌드에 성공했지만 지정한 종속성 "d:\qt\6.9.0\msvc2022_64\lib\cmake\qt6qmlmodelsprivate\qt6qmlmodelsprivateconfigversionimpl.cmake"이(가) 없습니다. 이 오류로 인해 증분 빌드가 제대로 작동하지 않을 수 있습니다.
C:\Program Files\Microsoft Visual Studio\2022\Community\MSBuild\Microsoft\VC\v170\Microsoft.CppCommon.targets(237,5): warning MSB8064: "D:\cybermed\daddy\dependency\sdk-VTK-9.4.2\build_msvc\CMakeFiles\fdeeef45baa0dc57bb14d14d8205cfcd\generate.stamp.rule" 항목에 대한 사용자 지정 빌드에 성공했지만 지정한 종속성 "d:\qt\6.9.0\msvc2022_64\lib\cmake\qt6qmlmodelsprivate\qt6qmlmodelsprivatedependencies.cmake"이(가) 없습니다. 이 오류로 인해 증분 빌드가 제대로 작동하지 않을 수 있습니다.
C:\Program Files\Microsoft Visual Studio\2022\Community\MSBuild\Microsoft\VC\v170\Microsoft.CppCommon.targets(237,5): warning MSB8064: "D:\cybermed\daddy\dependency\sdk-VTK-9.4.2\build_msvc\CMakeFiles\fdeeef45baa0dc57bb14d14d8205cfcd\generate.stamp.rule" 항목에 대한 사용자 지정 빌드에 성공했지만 지정한 종속성 "d:\qt\6.9.0\msvc2022_64\lib\cmake\qt6qmlmodelsprivate\qt6qmlmodelsprivatetargets.cmake"이(가) 없습니다. 이 오류로 인해 증분 빌드가 제대로 작동하지 않을 수 있습니다.
C:\Program Files\Microsoft Visual Studio\2022\Community\MSBuild\Microsoft\VC\v170\Microsoft.CppCommon.targets(237,5): warning MSB8064: "D:\cybermed\daddy\dependency\sdk-VTK-9.4.2\build_msvc\CMakeFiles\fdeeef45baa0dc57bb14d14d8205cfcd\generate.stamp.rule" 항목에 대한 사용자 지정 빌드에 성공했지만 지정한 종속성 "d:\qt\6.9.0\msvc2022_64\lib\cmake\qt6qmlmodelsprivate\qt6qmlmodelsprivateversionlessaliastargets.cmake"이(가) 없습니다. 이 오류로 인해 증분 빌드가 제대로 작동하지 않을 수 있습니다.
C:\Program Files\Microsoft Visual Studio\2022\Community\MSBuild\Microsoft\VC\v170\Microsoft.CppCommon.targets(237,5): warning MSB8064: "D:\cybermed\daddy\dependency\sdk-VTK-9.4.2\build_msvc\CMakeFiles\fdeeef45baa0dc57bb14d14d8205cfcd\generate.stamp.rule" 항목에 대한 사용자 지정 빌드에 성공했지만 지정한 종속성 "d:\qt\6.9.0\msvc2022_64\lib\cmake\qt6qmlprivate\qt6qmlprivateadditionaltargetinfo.cmake"이(가) 없습니다. 이 오류로 인해 증분 빌드가 제대로 작동하지 않을 수 있습니다.
C:\Program Files\Microsoft Visual Studio\2022\Community\MSBuild\Microsoft\VC\v170\Microsoft.CppCommon.targets(237,5): warning MSB8064: "D:\cybermed\daddy\dependency\sdk-VTK-9.4.2\build_msvc\CMakeFiles\fdeeef45baa0dc57bb14d14d8205cfcd\generate.stamp.rule" 항목에 대한 사용자 지정 빌드에 성공했지만 지정한 종속성 "d:\qt\6.9.0\msvc2022_64\lib\cmake\qt6qmlprivate\qt6qmlprivateconfig.cmake"이(가) 없습니다. 이 오류로 인해 증분 빌드가 제대로 작동하지 않을 수 있습니다.
C:\Program Files\Microsoft Visual Studio\2022\Community\MSBuild\Microsoft\VC\v170\Microsoft.CppCommon.targets(237,5): warning MSB8064: "D:\cybermed\daddy\dependency\sdk-VTK-9.4.2\build_msvc\CMakeFiles\fdeeef45baa0dc57bb14d14d8205cfcd\generate.stamp.rule" 항목에 대한 사용자 지정 빌드에 성공했지만 지정한 종속성 "d:\qt\6.9.0\msvc2022_64\lib\cmake\qt6qmlprivate\qt6qmlprivateconfigversion.cmake"이(가) 없습니다. 이 오류로 인해 증분 빌드가 제대로 작동하지 않을 수 있습니다.
C:\Program Files\Microsoft Visual Studio\2022\Community\MSBuild\Microsoft\VC\v170\Microsoft.CppCommon.targets(237,5): warning MSB8064: "D:\cybermed\daddy\dependency\sdk-VTK-9.4.2\build_msvc\CMakeFiles\fdeeef45baa0dc57bb14d14d8205cfcd\generate.stamp.rule" 항목에 대한 사용자 지정 빌드에 성공했지만 지정한 종속성 "d:\qt\6.9.0\msvc2022_64\lib\cmake\qt6qmlprivate\qt6qmlprivateconfigversionimpl.cmake"이(가) 없습니다. 이 오류로 인해 증분 빌드가 제대로 작동하지 않을 수 있습니다.
C:\Program Files\Microsoft Visual Studio\2022\Community\MSBuild\Microsoft\VC\v170\Microsoft.CppCommon.targets(237,5): warning MSB8064: "D:\cybermed\daddy\dependency\sdk-VTK-9.4.2\build_msvc\CMakeFiles\fdeeef45baa0dc57bb14d14d8205cfcd\generate.stamp.rule" 항목에 대한 사용자 지정 빌드에 성공했지만 지정한 종속성 "d:\qt\6.9.0\msvc2022_64\lib\cmake\qt6qmlprivate\qt6qmlprivatedependencies.cmake"이(가) 없습니다. 이 오류로 인해 증분 빌드가 제대로 작동하지 않을 수 있습니다.
C:\Program Files\Microsoft Visual Studio\2022\Community\MSBuild\Microsoft\VC\v170\Microsoft.CppCommon.targets(237,5): warning MSB8064: "D:\cybermed\daddy\dependency\sdk-VTK-9.4.2\build_msvc\CMakeFiles\fdeeef45baa0dc57bb14d14d8205cfcd\generate.stamp.rule" 항목에 대한 사용자 지정 빌드에 성공했지만 지정한 종속성 "d:\qt\6.9.0\msvc2022_64\lib\cmake\qt6qmlprivate\qt6qmlprivatetargets.cmake"이(가) 없습니다. 이 오류로 인해 증분 빌드가 제대로 작동하지 않을 수 있습니다.
C:\Program Files\Microsoft Visual Studio\2022\Community\MSBuild\Microsoft\VC\v170\Microsoft.CppCommon.targets(237,5): warning MSB8064: "D:\cybermed\daddy\dependency\sdk-VTK-9.4.2\build_msvc\CMakeFiles\fdeeef45baa0dc57bb14d14d8205cfcd\generate.stamp.rule" 항목에 대한 사용자 지정 빌드에 성공했지만 지정한 종속성 "d:\qt\6.9.0\msvc2022_64\lib\cmake\qt6qmlprivate\qt6qmlprivateversionlessaliastargets.cmake"이(가) 없습니다. 이 오류로 인해 증분 빌드가 제대로 작동하지 않을 수 있습니다.
C:\Program Files\Microsoft Visual Studio\2022\Community\MSBuild\Microsoft\VC\v170\Microsoft.CppCommon.targets(237,5): warning MSB8064: "D:\cybermed\daddy\dependency\sdk-VTK-9.4.2\build_msvc\CMakeFiles\fdeeef45baa0dc57bb14d14d8205cfcd\generate.stamp.rule" 항목에 대한 사용자 지정 빌드에 성공했지만 지정한 종속성 "d:\qt\6.9.0\msvc2022_64\lib\cmake\qt6qmltools\qt6qmltoolsadditionaltargetinfo.cmake"이(가) 없습니다. 이 오류로 인해 증분 빌드가 제대로 작동하지 않을 수 있습니다.
C:\Program Files\Microsoft Visual Studio\2022\Community\MSBuild\Microsoft\VC\v170\Microsoft.CppCommon.targets(237,5): warning MSB8064: "D:\cybermed\daddy\dependency\sdk-VTK-9.4.2\build_msvc\CMakeFiles\fdeeef45baa0dc57bb14d14d8205cfcd\generate.stamp.rule" 항목에 대한 사용자 지정 빌드에 성공했지만 지정한 종속성 "d:\qt\6.9.0\msvc2022_64\lib\cmake\qt6qmltools\qt6qmltoolsconfig.cmake"이(가) 없습니다. 이 오류로 인해 증분 빌드가 제대로 작동하지 않을 수 있습니다.
C:\Program Files\Microsoft Visual Studio\2022\Community\MSBuild\Microsoft\VC\v170\Microsoft.CppCommon.targets(237,5): warning MSB8064: "D:\cybermed\daddy\dependency\sdk-VTK-9.4.2\build_msvc\CMakeFiles\fdeeef45baa0dc57bb14d14d8205cfcd\generate.stamp.rule" 항목에 대한 사용자 지정 빌드에 성공했지만 지정한 종속성 "d:\qt\6.9.0\msvc2022_64\lib\cmake\qt6qmltools\qt6qmltoolsconfigversion.cmake"이(가) 없습니다. 이 오류로 인해 증분 빌드가 제대로 작동하지 않을 수 있습니다.
C:\Program Files\Microsoft Visual Studio\2022\Community\MSBuild\Microsoft\VC\v170\Microsoft.CppCommon.targets(237,5): warning MSB8064: "D:\cybermed\daddy\dependency\sdk-VTK-9.4.2\build_msvc\CMakeFiles\fdeeef45baa0dc57bb14d14d8205cfcd\generate.stamp.rule" 항목에 대한 사용자 지정 빌드에 성공했지만 지정한 종속성 "d:\qt\6.9.0\msvc2022_64\lib\cmake\qt6qmltools\qt6qmltoolsconfigversionimpl.cmake"이(가) 없습니다. 이 오류로 인해 증분 빌드가 제대로 작동하지 않을 수 있습니다.
C:\Program Files\Microsoft Visual Studio\2022\Community\MSBuild\Microsoft\VC\v170\Microsoft.CppCommon.targets(237,5): warning MSB8064: "D:\cybermed\daddy\dependency\sdk-VTK-9.4.2\build_msvc\CMakeFiles\fdeeef45baa0dc57bb14d14d8205cfcd\generate.stamp.rule" 항목에 대한 사용자 지정 빌드에 성공했지만 지정한 종속성 "d:\qt\6.9.0\msvc2022_64\lib\cmake\qt6qmltools\qt6qmltoolsdependencies.cmake"이(가) 없습니다. 이 오류로 인해 증분 빌드가 제대로 작동하지 않을 수 있습니다.
C:\Program Files\Microsoft Visual Studio\2022\Community\MSBuild\Microsoft\VC\v170\Microsoft.CppCommon.targets(237,5): warning MSB8064: "D:\cybermed\daddy\dependency\sdk-VTK-9.4.2\build_msvc\CMakeFiles\fdeeef45baa0dc57bb14d14d8205cfcd\generate.stamp.rule" 항목에 대한 사용자 지정 빌드에 성공했지만 지정한 종속성 "d:\qt\6.9.0\msvc2022_64\lib\cmake\qt6qmltools\qt6qmltoolstargets-debug.cmake"이(가) 없습니다. 이 오류로 인해 증분 빌드가 제대로 작동하지 않을 수 있습니다.
C:\Program Files\Microsoft Visual Studio\2022\Community\MSBuild\Microsoft\VC\v170\Microsoft.CppCommon.targets(237,5): warning MSB8064: "D:\cybermed\daddy\dependency\sdk-VTK-9.4.2\build_msvc\CMakeFiles\fdeeef45baa0dc57bb14d14d8205cfcd\generate.stamp.rule" 항목에 대한 사용자 지정 빌드에 성공했지만 지정한 종속성 "d:\qt\6.9.0\msvc2022_64\lib\cmake\qt6qmltools\qt6qmltoolstargets-relwithdebinfo.cmake"이(가) 없습니다. 이 오류로 인해 증분 빌드가 제대로 작동하지 않을 수 있습니다.
C:\Program Files\Microsoft Visual Studio\2022\Community\MSBuild\Microsoft\VC\v170\Microsoft.CppCommon.targets(237,5): warning MSB8064: "D:\cybermed\daddy\dependency\sdk-VTK-9.4.2\build_msvc\CMakeFiles\fdeeef45baa0dc57bb14d14d8205cfcd\generate.stamp.rule" 항목에 대한 사용자 지정 빌드에 성공했지만 지정한 종속성 "d:\qt\6.9.0\msvc2022_64\lib\cmake\qt6qmltools\qt6qmltoolstargets.cmake"이(가) 없습니다. 이 오류로 인해 증분 빌드가 제대로 작동하지 않을 수 있습니다.
C:\Program Files\Microsoft Visual Studio\2022\Community\MSBuild\Microsoft\VC\v170\Microsoft.CppCommon.targets(237,5): warning MSB8064: "D:\cybermed\daddy\dependency\sdk-VTK-9.4.2\build_msvc\CMakeFiles\fdeeef45baa0dc57bb14d14d8205cfcd\generate.stamp.rule" 항목에 대한 사용자 지정 빌드에 성공했지만 지정한 종속성 "d:\qt\6.9.0\msvc2022_64\lib\cmake\qt6qmltools\qt6qmltoolsversionlesstargets.cmake"이(가) 없습니다. 이 오류로 인해 증분 빌드가 제대로 작동하지 않을 수 있습니다.
C:\Program Files\Microsoft Visual Studio\2022\Community\MSBuild\Microsoft\VC\v170\Microsoft.CppCommon.targets(237,5): warning MSB8064: "D:\cybermed\daddy\dependency\sdk-VTK-9.4.2\build_msvc\CMakeFiles\fdeeef45baa0dc57bb14d14d8205cfcd\generate.stamp.rule" 항목에 대한 사용자 지정 빌드에 성공했지만 지정한 종속성 "d:\qt\6.9.0\msvc2022_64\lib\cmake\qt6qmlworkerscript\qt6qmlworkerscriptadditionaltargetinfo.cmake"이(가) 없습니다. 이 오류로 인해 증분 빌드가 제대로 작동하지 않을 수 있습니다.
C:\Program Files\Microsoft Visual Studio\2022\Community\MSBuild\Microsoft\VC\v170\Microsoft.CppCommon.targets(237,5): warning MSB8064: "D:\cybermed\daddy\dependency\sdk-VTK-9.4.2\build_msvc\CMakeFiles\fdeeef45baa0dc57bb14d14d8205cfcd\generate.stamp.rule" 항목에 대한 사용자 지정 빌드에 성공했지만 지정한 종속성 "d:\qt\6.9.0\msvc2022_64\lib\cmake\qt6qmlworkerscript\qt6qmlworkerscriptconfig.cmake"이(가) 없습니다. 이 오류로 인해 증분 빌드가 제대로 작동하지 않을 수 있습니다.
C:\Program Files\Microsoft Visual Studio\2022\Community\MSBuild\Microsoft\VC\v170\Microsoft.CppCommon.targets(237,5): warning MSB8064: "D:\cybermed\daddy\dependency\sdk-VTK-9.4.2\build_msvc\CMakeFiles\fdeeef45baa0dc57bb14d14d8205cfcd\generate.stamp.rule" 항목에 대한 사용자 지정 빌드에 성공했지만 지정한 종속성 "d:\qt\6.9.0\msvc2022_64\lib\cmake\qt6qmlworkerscript\qt6qmlworkerscriptconfigversion.cmake"이(가) 없습니다. 이 오류로 인해 증분 빌드가 제대로 작동하지 않을 수 있습니다.
C:\Program Files\Microsoft Visual Studio\2022\Community\MSBuild\Microsoft\VC\v170\Microsoft.CppCommon.targets(237,5): warning MSB8064: "D:\cybermed\daddy\dependency\sdk-VTK-9.4.2\build_msvc\CMakeFiles\fdeeef45baa0dc57bb14d14d8205cfcd\generate.stamp.rule" 항목에 대한 사용자 지정 빌드에 성공했지만 지정한 종속성 "d:\qt\6.9.0\msvc2022_64\lib\cmake\qt6qmlworkerscript\qt6qmlworkerscriptconfigversionimpl.cmake"이(가) 없습니다. 이 오류로 인해 증분 빌드가 제대로 작동하지 않을 수 있습니다.
C:\Program Files\Microsoft Visual Studio\2022\Community\MSBuild\Microsoft\VC\v170\Microsoft.CppCommon.targets(237,5): warning MSB8064: "D:\cybermed\daddy\dependency\sdk-VTK-9.4.2\build_msvc\CMakeFiles\fdeeef45baa0dc57bb14d14d8205cfcd\generate.stamp.rule" 항목에 대한 사용자 지정 빌드에 성공했지만 지정한 종속성 "d:\qt\6.9.0\msvc2022_64\lib\cmake\qt6qmlworkerscript\qt6qmlworkerscriptdependencies.cmake"이(가) 없습니다. 이 오류로 인해 증분 빌드가 제대로 작동하지 않을 수 있습니다.
C:\Program Files\Microsoft Visual Studio\2022\Community\MSBuild\Microsoft\VC\v170\Microsoft.CppCommon.targets(237,5): warning MSB8064: "D:\cybermed\daddy\dependency\sdk-VTK-9.4.2\build_msvc\CMakeFiles\fdeeef45baa0dc57bb14d14d8205cfcd\generate.stamp.rule" 항목에 대한 사용자 지정 빌드에 성공했지만 지정한 종속성 "d:\qt\6.9.0\msvc2022_64\lib\cmake\qt6qmlworkerscript\qt6qmlworkerscripttargets-debug.cmake"이(가) 없습니다. 이 오류로 인해 증분 빌드가 제대로 작동하지 않을 수 있습니다.
C:\Program Files\Microsoft Visual Studio\2022\Community\MSBuild\Microsoft\VC\v170\Microsoft.CppCommon.targets(237,5): warning MSB8064: "D:\cybermed\daddy\dependency\sdk-VTK-9.4.2\build_msvc\CMakeFiles\fdeeef45baa0dc57bb14d14d8205cfcd\generate.stamp.rule" 항목에 대한 사용자 지정 빌드에 성공했지만 지정한 종속성 "d:\qt\6.9.0\msvc2022_64\lib\cmake\qt6qmlworkerscript\qt6qmlworkerscripttargets-relwithdebinfo.cmake"이(가) 없습니다. 이 오류로 인해 증분 빌드가 제대로 작동하지 않을 수 있습니다.
C:\Program Files\Microsoft Visual Studio\2022\Community\MSBuild\Microsoft\VC\v170\Microsoft.CppCommon.targets(237,5): warning MSB8064: "D:\cybermed\daddy\dependency\sdk-VTK-9.4.2\build_msvc\CMakeFiles\fdeeef45baa0dc57bb14d14d8205cfcd\generate.stamp.rule" 항목에 대한 사용자 지정 빌드에 성공했지만 지정한 종속성 "d:\qt\6.9.0\msvc2022_64\lib\cmake\qt6qmlworkerscript\qt6qmlworkerscripttargets.cmake"이(가) 없습니다. 이 오류로 인해 증분 빌드가 제대로 작동하지 않을 수 있습니다.
C:\Program Files\Microsoft Visual Studio\2022\Community\MSBuild\Microsoft\VC\v170\Microsoft.CppCommon.targets(237,5): warning MSB8064: "D:\cybermed\daddy\dependency\sdk-VTK-9.4.2\build_msvc\CMakeFiles\fdeeef45baa0dc57bb14d14d8205cfcd\generate.stamp.rule" 항목에 대한 사용자 지정 빌드에 성공했지만 지정한 종속성 "d:\qt\6.9.0\msvc2022_64\lib\cmake\qt6qmlworkerscript\qt6qmlworkerscriptversionlessaliastargets.cmake"이(가) 없습니다. 이 오류로 인해 증분 빌드가 제대로 작동하지 않을 수 있습니다.
C:\Program Files\Microsoft Visual Studio\2022\Community\MSBuild\Microsoft\VC\v170\Microsoft.CppCommon.targets(237,5): warning MSB8064: "D:\cybermed\daddy\dependency\sdk-VTK-9.4.2\build_msvc\CMakeFiles\fdeeef45baa0dc57bb14d14d8205cfcd\generate.stamp.rule" 항목에 대한 사용자 지정 빌드에 성공했지만 지정한 종속성 "d:\qt\6.9.0\msvc2022_64\lib\cmake\qt6qmlworkerscriptprivate\qt6qmlworkerscriptprivateadditionaltargetinfo.cmake"이(가) 없습니다. 이 오류로 인해 증분 빌드가 제대로 작동하지 않을 수 있습니다.
C:\Program Files\Microsoft Visual Studio\2022\Community\MSBuild\Microsoft\VC\v170\Microsoft.CppCommon.targets(237,5): warning MSB8064: "D:\cybermed\daddy\dependency\sdk-VTK-9.4.2\build_msvc\CMakeFiles\fdeeef45baa0dc57bb14d14d8205cfcd\generate.stamp.rule" 항목에 대한 사용자 지정 빌드에 성공했지만 지정한 종속성 "d:\qt\6.9.0\msvc2022_64\lib\cmake\qt6qmlworkerscriptprivate\qt6qmlworkerscriptprivateconfig.cmake"이(가) 없습니다. 이 오류로 인해 증분 빌드가 제대로 작동하지 않을 수 있습니다.
C:\Program Files\Microsoft Visual Studio\2022\Community\MSBuild\Microsoft\VC\v170\Microsoft.CppCommon.targets(237,5): warning MSB8064: "D:\cybermed\daddy\dependency\sdk-VTK-9.4.2\build_msvc\CMakeFiles\fdeeef45baa0dc57bb14d14d8205cfcd\generate.stamp.rule" 항목에 대한 사용자 지정 빌드에 성공했지만 지정한 종속성 "d:\qt\6.9.0\msvc2022_64\lib\cmake\qt6qmlworkerscriptprivate\qt6qmlworkerscriptprivateconfigversion.cmake"이(가) 없습니다. 이 오류로 인해 증분 빌드가 제대로 작동하지 않을 수 있습니다.
C:\Program Files\Microsoft Visual Studio\2022\Community\MSBuild\Microsoft\VC\v170\Microsoft.CppCommon.targets(237,5): warning MSB8064: "D:\cybermed\daddy\dependency\sdk-VTK-9.4.2\build_msvc\CMakeFiles\fdeeef45baa0dc57bb14d14d8205cfcd\generate.stamp.rule" 항목에 대한 사용자 지정 빌드에 성공했지만 지정한 종속성 "d:\qt\6.9.0\msvc2022_64\lib\cmake\qt6qmlworkerscriptprivate\qt6qmlworkerscriptprivateconfigversionimpl.cmake"이(가) 없습니다. 이 오류로 인해 증분 빌드가 제대로 작동하지 않을 수 있습니다.
C:\Program Files\Microsoft Visual Studio\2022\Community\MSBuild\Microsoft\VC\v170\Microsoft.CppCommon.targets(237,5): warning MSB8064: "D:\cybermed\daddy\dependency\sdk-VTK-9.4.2\build_msvc\CMakeFiles\fdeeef45baa0dc57bb14d14d8205cfcd\generate.stamp.rule" 항목에 대한 사용자 지정 빌드에 성공했지만 지정한 종속성 "d:\qt\6.9.0\msvc2022_64\lib\cmake\qt6qmlworkerscriptprivate\qt6qmlworkerscriptprivatedependencies.cmake"이(가) 없습니다. 이 오류로 인해 증분 빌드가 제대로 작동하지 않을 수 있습니다.
C:\Program Files\Microsoft Visual Studio\2022\Community\MSBuild\Microsoft\VC\v170\Microsoft.CppCommon.targets(237,5): warning MSB8064: "D:\cybermed\daddy\dependency\sdk-VTK-9.4.2\build_msvc\CMakeFiles\fdeeef45baa0dc57bb14d14d8205cfcd\generate.stamp.rule" 항목에 대한 사용자 지정 빌드에 성공했지만 지정한 종속성 "d:\qt\6.9.0\msvc2022_64\lib\cmake\qt6qmlworkerscriptprivate\qt6qmlworkerscriptprivatetargets.cmake"이(가) 없습니다. 이 오류로 인해 증분 빌드가 제대로 작동하지 않을 수 있습니다.
C:\Program Files\Microsoft Visual Studio\2022\Community\MSBuild\Microsoft\VC\v170\Microsoft.CppCommon.targets(237,5): warning MSB8064: "D:\cybermed\daddy\dependency\sdk-VTK-9.4.2\build_msvc\CMakeFiles\fdeeef45baa0dc57bb14d14d8205cfcd\generate.stamp.rule" 항목에 대한 사용자 지정 빌드에 성공했지만 지정한 종속성 "d:\qt\6.9.0\msvc2022_64\lib\cmake\qt6qmlworkerscriptprivate\qt6qmlworkerscriptprivateversionlessaliastargets.cmake"이(가) 없습니다. 이 오류로 인해 증분 빌드가 제대로 작동하지 않을 수 있습니다.
C:\Program Files\Microsoft Visual Studio\2022\Community\MSBuild\Microsoft\VC\v170\Microsoft.CppCommon.targets(237,5): warning MSB8064: "D:\cybermed\daddy\dependency\sdk-VTK-9.4.2\build_msvc\CMakeFiles\fdeeef45baa0dc57bb14d14d8205cfcd\generate.stamp.rule" 항목에 대한 사용자 지정 빌드에 성공했지만 지정한 종속성 "d:\qt\6.9.0\msvc2022_64\lib\cmake\qt6quick\qt6quickadditionaltargetinfo.cmake"이(가) 없습니다. 이 오류로 인해 증분 빌드가 제대로 작동하지 않을 수 있습니다.
C:\Program Files\Microsoft Visual Studio\2022\Community\MSBuild\Microsoft\VC\v170\Microsoft.CppCommon.targets(237,5): warning MSB8064: "D:\cybermed\daddy\dependency\sdk-VTK-9.4.2\build_msvc\CMakeFiles\fdeeef45baa0dc57bb14d14d8205cfcd\generate.stamp.rule" 항목에 대한 사용자 지정 빌드에 성공했지만 지정한 종속성 "d:\qt\6.9.0\msvc2022_64\lib\cmake\qt6quick\qt6quickconfig.cmake"이(가) 없습니다. 이 오류로 인해 증분 빌드가 제대로 작동하지 않을 수 있습니다.
C:\Program Files\Microsoft Visual Studio\2022\Community\MSBuild\Microsoft\VC\v170\Microsoft.CppCommon.targets(237,5): warning MSB8064: "D:\cybermed\daddy\dependency\sdk-VTK-9.4.2\build_msvc\CMakeFiles\fdeeef45baa0dc57bb14d14d8205cfcd\generate.stamp.rule" 항목에 대한 사용자 지정 빌드에 성공했지만 지정한 종속성 "d:\qt\6.9.0\msvc2022_64\lib\cmake\qt6quick\qt6quickconfigversion.cmake"이(가) 없습니다. 이 오류로 인해 증분 빌드가 제대로 작동하지 않을 수 있습니다.
C:\Program Files\Microsoft Visual Studio\2022\Community\MSBuild\Microsoft\VC\v170\Microsoft.CppCommon.targets(237,5): warning MSB8064: "D:\cybermed\daddy\dependency\sdk-VTK-9.4.2\build_msvc\CMakeFiles\fdeeef45baa0dc57bb14d14d8205cfcd\generate.stamp.rule" 항목에 대한 사용자 지정 빌드에 성공했지만 지정한 종속성 "d:\qt\6.9.0\msvc2022_64\lib\cmake\qt6quick\qt6quickconfigversionimpl.cmake"이(가) 없습니다. 이 오류로 인해 증분 빌드가 제대로 작동하지 않을 수 있습니다.
C:\Program Files\Microsoft Visual Studio\2022\Community\MSBuild\Microsoft\VC\v170\Microsoft.CppCommon.targets(237,5): warning MSB8064: "D:\cybermed\daddy\dependency\sdk-VTK-9.4.2\build_msvc\CMakeFiles\fdeeef45baa0dc57bb14d14d8205cfcd\generate.stamp.rule" 항목에 대한 사용자 지정 빌드에 성공했지만 지정한 종속성 "d:\qt\6.9.0\msvc2022_64\lib\cmake\qt6quick\qt6quickdependencies.cmake"이(가) 없습니다. 이 오류로 인해 증분 빌드가 제대로 작동하지 않을 수 있습니다.
C:\Program Files\Microsoft Visual Studio\2022\Community\MSBuild\Microsoft\VC\v170\Microsoft.CppCommon.targets(237,5): warning MSB8064: "D:\cybermed\daddy\dependency\sdk-VTK-9.4.2\build_msvc\CMakeFiles\fdeeef45baa0dc57bb14d14d8205cfcd\generate.stamp.rule" 항목에 대한 사용자 지정 빌드에 성공했지만 지정한 종속성 "d:\qt\6.9.0\msvc2022_64\lib\cmake\qt6quick\qt6quickplugins.cmake"이(가) 없습니다. 이 오류로 인해 증분 빌드가 제대로 작동하지 않을 수 있습니다.
C:\Program Files\Microsoft Visual Studio\2022\Community\MSBuild\Microsoft\VC\v170\Microsoft.CppCommon.targets(237,5): warning MSB8064: "D:\cybermed\daddy\dependency\sdk-VTK-9.4.2\build_msvc\CMakeFiles\fdeeef45baa0dc57bb14d14d8205cfcd\generate.stamp.rule" 항목에 대한 사용자 지정 빌드에 성공했지만 지정한 종속성 "d:\qt\6.9.0\msvc2022_64\lib\cmake\qt6quick\qt6quicktargets-debug.cmake"이(가) 없습니다. 이 오류로 인해 증분 빌드가 제대로 작동하지 않을 수 있습니다.
C:\Program Files\Microsoft Visual Studio\2022\Community\MSBuild\Microsoft\VC\v170\Microsoft.CppCommon.targets(237,5): warning MSB8064: "D:\cybermed\daddy\dependency\sdk-VTK-9.4.2\build_msvc\CMakeFiles\fdeeef45baa0dc57bb14d14d8205cfcd\generate.stamp.rule" 항목에 대한 사용자 지정 빌드에 성공했지만 지정한 종속성 "d:\qt\6.9.0\msvc2022_64\lib\cmake\qt6quick\qt6quicktargets-relwithdebinfo.cmake"이(가) 없습니다. 이 오류로 인해 증분 빌드가 제대로 작동하지 않을 수 있습니다.
C:\Program Files\Microsoft Visual Studio\2022\Community\MSBuild\Microsoft\VC\v170\Microsoft.CppCommon.targets(237,5): warning MSB8064: "D:\cybermed\daddy\dependency\sdk-VTK-9.4.2\build_msvc\CMakeFiles\fdeeef45baa0dc57bb14d14d8205cfcd\generate.stamp.rule" 항목에 대한 사용자 지정 빌드에 성공했지만 지정한 종속성 "d:\qt\6.9.0\msvc2022_64\lib\cmake\qt6quick\qt6quicktargets.cmake"이(가) 없습니다. 이 오류로 인해 증분 빌드가 제대로 작동하지 않을 수 있습니다.
C:\Program Files\Microsoft Visual Studio\2022\Community\MSBuild\Microsoft\VC\v170\Microsoft.CppCommon.targets(237,5): warning MSB8064: "D:\cybermed\daddy\dependency\sdk-VTK-9.4.2\build_msvc\CMakeFiles\fdeeef45baa0dc57bb14d14d8205cfcd\generate.stamp.rule" 항목에 대한 사용자 지정 빌드에 성공했지만 지정한 종속성 "d:\qt\6.9.0\msvc2022_64\lib\cmake\qt6quick\qt6quickversionlessaliastargets.cmake"이(가) 없습니다. 이 오류로 인해 증분 빌드가 제대로 작동하지 않을 수 있습니다.
C:\Program Files\Microsoft Visual Studio\2022\Community\MSBuild\Microsoft\VC\v170\Microsoft.CppCommon.targets(237,5): warning MSB8064: "D:\cybermed\daddy\dependency\sdk-VTK-9.4.2\build_msvc\CMakeFiles\fdeeef45baa0dc57bb14d14d8205cfcd\generate.stamp.rule" 항목에 대한 사용자 지정 빌드에 성공했지만 지정한 종속성 "d:\qt\6.9.0\msvc2022_64\lib\cmake\qt6quickprivate\qt6quickprivateadditionaltargetinfo.cmake"이(가) 없습니다. 이 오류로 인해 증분 빌드가 제대로 작동하지 않을 수 있습니다.
C:\Program Files\Microsoft Visual Studio\2022\Community\MSBuild\Microsoft\VC\v170\Microsoft.CppCommon.targets(237,5): warning MSB8064: "D:\cybermed\daddy\dependency\sdk-VTK-9.4.2\build_msvc\CMakeFiles\fdeeef45baa0dc57bb14d14d8205cfcd\generate.stamp.rule" 항목에 대한 사용자 지정 빌드에 성공했지만 지정한 종속성 "d:\qt\6.9.0\msvc2022_64\lib\cmake\qt6quickprivate\qt6quickprivateconfig.cmake"이(가) 없습니다. 이 오류로 인해 증분 빌드가 제대로 작동하지 않을 수 있습니다.
C:\Program Files\Microsoft Visual Studio\2022\Community\MSBuild\Microsoft\VC\v170\Microsoft.CppCommon.targets(237,5): warning MSB8064: "D:\cybermed\daddy\dependency\sdk-VTK-9.4.2\build_msvc\CMakeFiles\fdeeef45baa0dc57bb14d14d8205cfcd\generate.stamp.rule" 항목에 대한 사용자 지정 빌드에 성공했지만 지정한 종속성 "d:\qt\6.9.0\msvc2022_64\lib\cmake\qt6quickprivate\qt6quickprivateconfigversion.cmake"이(가) 없습니다. 이 오류로 인해 증분 빌드가 제대로 작동하지 않을 수 있습니다.
C:\Program Files\Microsoft Visual Studio\2022\Community\MSBuild\Microsoft\VC\v170\Microsoft.CppCommon.targets(237,5): warning MSB8064: "D:\cybermed\daddy\dependency\sdk-VTK-9.4.2\build_msvc\CMakeFiles\fdeeef45baa0dc57bb14d14d8205cfcd\generate.stamp.rule" 항목에 대한 사용자 지정 빌드에 성공했지만 지정한 종속성 "d:\qt\6.9.0\msvc2022_64\lib\cmake\qt6quickprivate\qt6quickprivateconfigversionimpl.cmake"이(가) 없습니다. 이 오류로 인해 증분 빌드가 제대로 작동하지 않을 수 있습니다.
C:\Program Files\Microsoft Visual Studio\2022\Community\MSBuild\Microsoft\VC\v170\Microsoft.CppCommon.targets(237,5): warning MSB8064: "D:\cybermed\daddy\dependency\sdk-VTK-9.4.2\build_msvc\CMakeFiles\fdeeef45baa0dc57bb14d14d8205cfcd\generate.stamp.rule" 항목에 대한 사용자 지정 빌드에 성공했지만 지정한 종속성 "d:\qt\6.9.0\msvc2022_64\lib\cmake\qt6quickprivate\qt6quickprivatedependencies.cmake"이(가) 없습니다. 이 오류로 인해 증분 빌드가 제대로 작동하지 않을 수 있습니다.
C:\Program Files\Microsoft Visual Studio\2022\Community\MSBuild\Microsoft\VC\v170\Microsoft.CppCommon.targets(237,5): warning MSB8064: "D:\cybermed\daddy\dependency\sdk-VTK-9.4.2\build_msvc\CMakeFiles\fdeeef45baa0dc57bb14d14d8205cfcd\generate.stamp.rule" 항목에 대한 사용자 지정 빌드에 성공했지만 지정한 종속성 "d:\qt\6.9.0\msvc2022_64\lib\cmake\qt6quickprivate\qt6quickprivatetargets.cmake"이(가) 없습니다. 이 오류로 인해 증분 빌드가 제대로 작동하지 않을 수 있습니다.
C:\Program Files\Microsoft Visual Studio\2022\Community\MSBuild\Microsoft\VC\v170\Microsoft.CppCommon.targets(237,5): warning MSB8064: "D:\cybermed\daddy\dependency\sdk-VTK-9.4.2\build_msvc\CMakeFiles\fdeeef45baa0dc57bb14d14d8205cfcd\generate.stamp.rule" 항목에 대한 사용자 지정 빌드에 성공했지만 지정한 종속성 "d:\qt\6.9.0\msvc2022_64\lib\cmake\qt6quickprivate\qt6quickprivateversionlessaliastargets.cmake"이(가) 없습니다. 이 오류로 인해 증분 빌드가 제대로 작동하지 않을 수 있습니다.
C:\Program Files\Microsoft Visual Studio\2022\Community\MSBuild\Microsoft\VC\v170\Microsoft.CppCommon.targets(237,5): warning MSB8064: "D:\cybermed\daddy\dependency\sdk-VTK-9.4.2\build_msvc\CMakeFiles\fdeeef45baa0dc57bb14d14d8205cfcd\generate.stamp.rule" 항목에 대한 사용자 지정 빌드에 성공했지만 지정한 종속성 "d:\qt\6.9.0\msvc2022_64\lib\cmake\qt6quicktools\qt6quicktoolsadditionaltargetinfo.cmake"이(가) 없습니다. 이 오류로 인해 증분 빌드가 제대로 작동하지 않을 수 있습니다.
C:\Program Files\Microsoft Visual Studio\2022\Community\MSBuild\Microsoft\VC\v170\Microsoft.CppCommon.targets(237,5): warning MSB8064: "D:\cybermed\daddy\dependency\sdk-VTK-9.4.2\build_msvc\CMakeFiles\fdeeef45baa0dc57bb14d14d8205cfcd\generate.stamp.rule" 항목에 대한 사용자 지정 빌드에 성공했지만 지정한 종속성 "d:\qt\6.9.0\msvc2022_64\lib\cmake\qt6quicktools\qt6quicktoolsconfig.cmake"이(가) 없습니다. 이 오류로 인해 증분 빌드가 제대로 작동하지 않을 수 있습니다.
C:\Program Files\Microsoft Visual Studio\2022\Community\MSBuild\Microsoft\VC\v170\Microsoft.CppCommon.targets(237,5): warning MSB8064: "D:\cybermed\daddy\dependency\sdk-VTK-9.4.2\build_msvc\CMakeFiles\fdeeef45baa0dc57bb14d14d8205cfcd\generate.stamp.rule" 항목에 대한 사용자 지정 빌드에 성공했지만 지정한 종속성 "d:\qt\6.9.0\msvc2022_64\lib\cmake\qt6quicktools\qt6quicktoolsconfigversion.cmake"이(가) 없습니다. 이 오류로 인해 증분 빌드가 제대로 작동하지 않을 수 있습니다.
C:\Program Files\Microsoft Visual Studio\2022\Community\MSBuild\Microsoft\VC\v170\Microsoft.CppCommon.targets(237,5): warning MSB8064: "D:\cybermed\daddy\dependency\sdk-VTK-9.4.2\build_msvc\CMakeFiles\fdeeef45baa0dc57bb14d14d8205cfcd\generate.stamp.rule" 항목에 대한 사용자 지정 빌드에 성공했지만 지정한 종속성 "d:\qt\6.9.0\msvc2022_64\lib\cmake\qt6quicktools\qt6quicktoolsconfigversionimpl.cmake"이(가) 없습니다. 이 오류로 인해 증분 빌드가 제대로 작동하지 않을 수 있습니다.
C:\Program Files\Microsoft Visual Studio\2022\Community\MSBuild\Microsoft\VC\v170\Microsoft.CppCommon.targets(237,5): warning MSB8064: "D:\cybermed\daddy\dependency\sdk-VTK-9.4.2\build_msvc\CMakeFiles\fdeeef45baa0dc57bb14d14d8205cfcd\generate.stamp.rule" 항목에 대한 사용자 지정 빌드에 성공했지만 지정한 종속성 "d:\qt\6.9.0\msvc2022_64\lib\cmake\qt6quicktools\qt6quicktoolsdependencies.cmake"이(가) 없습니다. 이 오류로 인해 증분 빌드가 제대로 작동하지 않을 수 있습니다.
C:\Program Files\Microsoft Visual Studio\2022\Community\MSBuild\Microsoft\VC\v170\Microsoft.CppCommon.targets(237,5): warning MSB8064: "D:\cybermed\daddy\dependency\sdk-VTK-9.4.2\build_msvc\CMakeFiles\fdeeef45baa0dc57bb14d14d8205cfcd\generate.stamp.rule" 항목에 대한 사용자 지정 빌드에 성공했지만 지정한 종속성 "d:\qt\6.9.0\msvc2022_64\lib\cmake\qt6quicktools\qt6quicktoolstargets-debug.cmake"이(가) 없습니다. 이 오류로 인해 증분 빌드가 제대로 작동하지 않을 수 있습니다.
C:\Program Files\Microsoft Visual Studio\2022\Community\MSBuild\Microsoft\VC\v170\Microsoft.CppCommon.targets(237,5): warning MSB8064: "D:\cybermed\daddy\dependency\sdk-VTK-9.4.2\build_msvc\CMakeFiles\fdeeef45baa0dc57bb14d14d8205cfcd\generate.stamp.rule" 항목에 대한 사용자 지정 빌드에 성공했지만 지정한 종속성 "d:\qt\6.9.0\msvc2022_64\lib\cmake\qt6quicktools\qt6quicktoolstargets-relwithdebinfo.cmake"이(가) 없습니다. 이 오류로 인해 증분 빌드가 제대로 작동하지 않을 수 있습니다.
C:\Program Files\Microsoft Visual Studio\2022\Community\MSBuild\Microsoft\VC\v170\Microsoft.CppCommon.targets(237,5): warning MSB8064: "D:\cybermed\daddy\dependency\sdk-VTK-9.4.2\build_msvc\CMakeFiles\fdeeef45baa0dc57bb14d14d8205cfcd\generate.stamp.rule" 항목에 대한 사용자 지정 빌드에 성공했지만 지정한 종속성 "d:\qt\6.9.0\msvc2022_64\lib\cmake\qt6quicktools\qt6quicktoolstargets.cmake"이(가) 없습니다. 이 오류로 인해 증분 빌드가 제대로 작동하지 않을 수 있습니다.
C:\Program Files\Microsoft Visual Studio\2022\Community\MSBuild\Microsoft\VC\v170\Microsoft.CppCommon.targets(237,5): warning MSB8064: "D:\cybermed\daddy\dependency\sdk-VTK-9.4.2\build_msvc\CMakeFiles\fdeeef45baa0dc57bb14d14d8205cfcd\generate.stamp.rule" 항목에 대한 사용자 지정 빌드에 성공했지만 지정한 종속성 "d:\qt\6.9.0\msvc2022_64\lib\cmake\qt6quicktools\qt6quicktoolsversionlesstargets.cmake"이(가) 없습니다. 이 오류로 인해 증분 빌드가 제대로 작동하지 않을 수 있습니다.
C:\Program Files\Microsoft Visual Studio\2022\Community\MSBuild\Microsoft\VC\v170\Microsoft.CppCommon.targets(237,5): warning MSB8064: "D:\cybermed\daddy\dependency\sdk-VTK-9.4.2\build_msvc\CMakeFiles\fdeeef45baa0dc57bb14d14d8205cfcd\generate.stamp.rule" 항목에 대한 사용자 지정 빌드에 성공했지만 지정한 종속성 "d:\qt\6.9.0\msvc2022_64\lib\cmake\qt6sql\qt6qibasedriverpluginadditionaltargetinfo.cmake"이(가) 없습니다. 이 오류로 인해 증분 빌드가 제대로 작동하지 않을 수 있습니다.
C:\Program Files\Microsoft Visual Studio\2022\Community\MSBuild\Microsoft\VC\v170\Microsoft.CppCommon.targets(237,5): warning MSB8064: "D:\cybermed\daddy\dependency\sdk-VTK-9.4.2\build_msvc\CMakeFiles\fdeeef45baa0dc57bb14d14d8205cfcd\generate.stamp.rule" 항목에 대한 사용자 지정 빌드에 성공했지만 지정한 종속성 "d:\qt\6.9.0\msvc2022_64\lib\cmake\qt6sql\qt6qibasedriverpluginconfig.cmake"이(가) 없습니다. 이 오류로 인해 증분 빌드가 제대로 작동하지 않을 수 있습니다.
C:\Program Files\Microsoft Visual Studio\2022\Community\MSBuild\Microsoft\VC\v170\Microsoft.CppCommon.targets(237,5): warning MSB8064: "D:\cybermed\daddy\dependency\sdk-VTK-9.4.2\build_msvc\CMakeFiles\fdeeef45baa0dc57bb14d14d8205cfcd\generate.stamp.rule" 항목에 대한 사용자 지정 빌드에 성공했지만 지정한 종속성 "d:\qt\6.9.0\msvc2022_64\lib\cmake\qt6sql\qt6qibasedriverplugintargets-debug.cmake"이(가) 없습니다. 이 오류로 인해 증분 빌드가 제대로 작동하지 않을 수 있습니다.
C:\Program Files\Microsoft Visual Studio\2022\Community\MSBuild\Microsoft\VC\v170\Microsoft.CppCommon.targets(237,5): warning MSB8064: "D:\cybermed\daddy\dependency\sdk-VTK-9.4.2\build_msvc\CMakeFiles\fdeeef45baa0dc57bb14d14d8205cfcd\generate.stamp.rule" 항목에 대한 사용자 지정 빌드에 성공했지만 지정한 종속성 "d:\qt\6.9.0\msvc2022_64\lib\cmake\qt6sql\qt6qibasedriverplugintargets-relwithdebinfo.cmake"이(가) 없습니다. 이 오류로 인해 증분 빌드가 제대로 작동하지 않을 수 있습니다.
C:\Program Files\Microsoft Visual Studio\2022\Community\MSBuild\Microsoft\VC\v170\Microsoft.CppCommon.targets(237,5): warning MSB8064: "D:\cybermed\daddy\dependency\sdk-VTK-9.4.2\build_msvc\CMakeFiles\fdeeef45baa0dc57bb14d14d8205cfcd\generate.stamp.rule" 항목에 대한 사용자 지정 빌드에 성공했지만 지정한 종속성 "d:\qt\6.9.0\msvc2022_64\lib\cmake\qt6sql\qt6qibasedriverplugintargets.cmake"이(가) 없습니다. 이 오류로 인해 증분 빌드가 제대로 작동하지 않을 수 있습니다.
C:\Program Files\Microsoft Visual Studio\2022\Community\MSBuild\Microsoft\VC\v170\Microsoft.CppCommon.targets(237,5): warning MSB8064: "D:\cybermed\daddy\dependency\sdk-VTK-9.4.2\build_msvc\CMakeFiles\fdeeef45baa0dc57bb14d14d8205cfcd\generate.stamp.rule" 항목에 대한 사용자 지정 빌드에 성공했지만 지정한 종속성 "d:\qt\6.9.0\msvc2022_64\lib\cmake\qt6sql\qt6qmimersqldriverpluginadditionaltargetinfo.cmake"이(가) 없습니다. 이 오류로 인해 증분 빌드가 제대로 작동하지 않을 수 있습니다.
C:\Program Files\Microsoft Visual Studio\2022\Community\MSBuild\Microsoft\VC\v170\Microsoft.CppCommon.targets(237,5): warning MSB8064: "D:\cybermed\daddy\dependency\sdk-VTK-9.4.2\build_msvc\CMakeFiles\fdeeef45baa0dc57bb14d14d8205cfcd\generate.stamp.rule" 항목에 대한 사용자 지정 빌드에 성공했지만 지정한 종속성 "d:\qt\6.9.0\msvc2022_64\lib\cmake\qt6sql\qt6qmimersqldriverpluginconfig.cmake"이(가) 없습니다. 이 오류로 인해 증분 빌드가 제대로 작동하지 않을 수 있습니다.
C:\Program Files\Microsoft Visual Studio\2022\Community\MSBuild\Microsoft\VC\v170\Microsoft.CppCommon.targets(237,5): warning MSB8064: "D:\cybermed\daddy\dependency\sdk-VTK-9.4.2\build_msvc\CMakeFiles\fdeeef45baa0dc57bb14d14d8205cfcd\generate.stamp.rule" 항목에 대한 사용자 지정 빌드에 성공했지만 지정한 종속성 "d:\qt\6.9.0\msvc2022_64\lib\cmake\qt6sql\qt6qmimersqldriverplugintargets-debug.cmake"이(가) 없습니다. 이 오류로 인해 증분 빌드가 제대로 작동하지 않을 수 있습니다.
C:\Program Files\Microsoft Visual Studio\2022\Community\MSBuild\Microsoft\VC\v170\Microsoft.CppCommon.targets(237,5): warning MSB8064: "D:\cybermed\daddy\dependency\sdk-VTK-9.4.2\build_msvc\CMakeFiles\fdeeef45baa0dc57bb14d14d8205cfcd\generate.stamp.rule" 항목에 대한 사용자 지정 빌드에 성공했지만 지정한 종속성 "d:\qt\6.9.0\msvc2022_64\lib\cmake\qt6sql\qt6qmimersqldriverplugintargets-relwithdebinfo.cmake"이(가) 없습니다. 이 오류로 인해 증분 빌드가 제대로 작동하지 않을 수 있습니다.
C:\Program Files\Microsoft Visual Studio\2022\Community\MSBuild\Microsoft\VC\v170\Microsoft.CppCommon.targets(237,5): warning MSB8064: "D:\cybermed\daddy\dependency\sdk-VTK-9.4.2\build_msvc\CMakeFiles\fdeeef45baa0dc57bb14d14d8205cfcd\generate.stamp.rule" 항목에 대한 사용자 지정 빌드에 성공했지만 지정한 종속성 "d:\qt\6.9.0\msvc2022_64\lib\cmake\qt6sql\qt6qmimersqldriverplugintargets.cmake"이(가) 없습니다. 이 오류로 인해 증분 빌드가 제대로 작동하지 않을 수 있습니다.
C:\Program Files\Microsoft Visual Studio\2022\Community\MSBuild\Microsoft\VC\v170\Microsoft.CppCommon.targets(237,5): warning MSB8064: "D:\cybermed\daddy\dependency\sdk-VTK-9.4.2\build_msvc\CMakeFiles\fdeeef45baa0dc57bb14d14d8205cfcd\generate.stamp.rule" 항목에 대한 사용자 지정 빌드에 성공했지만 지정한 종속성 "d:\qt\6.9.0\msvc2022_64\lib\cmake\qt6sql\qt6qocidriverpluginadditionaltargetinfo.cmake"이(가) 없습니다. 이 오류로 인해 증분 빌드가 제대로 작동하지 않을 수 있습니다.
C:\Program Files\Microsoft Visual Studio\2022\Community\MSBuild\Microsoft\VC\v170\Microsoft.CppCommon.targets(237,5): warning MSB8064: "D:\cybermed\daddy\dependency\sdk-VTK-9.4.2\build_msvc\CMakeFiles\fdeeef45baa0dc57bb14d14d8205cfcd\generate.stamp.rule" 항목에 대한 사용자 지정 빌드에 성공했지만 지정한 종속성 "d:\qt\6.9.0\msvc2022_64\lib\cmake\qt6sql\qt6qocidriverpluginconfig.cmake"이(가) 없습니다. 이 오류로 인해 증분 빌드가 제대로 작동하지 않을 수 있습니다.
C:\Program Files\Microsoft Visual Studio\2022\Community\MSBuild\Microsoft\VC\v170\Microsoft.CppCommon.targets(237,5): warning MSB8064: "D:\cybermed\daddy\dependency\sdk-VTK-9.4.2\build_msvc\CMakeFiles\fdeeef45baa0dc57bb14d14d8205cfcd\generate.stamp.rule" 항목에 대한 사용자 지정 빌드에 성공했지만 지정한 종속성 "d:\qt\6.9.0\msvc2022_64\lib\cmake\qt6sql\qt6qocidriverplugintargets-debug.cmake"이(가) 없습니다. 이 오류로 인해 증분 빌드가 제대로 작동하지 않을 수 있습니다.
C:\Program Files\Microsoft Visual Studio\2022\Community\MSBuild\Microsoft\VC\v170\Microsoft.CppCommon.targets(237,5): warning MSB8064: "D:\cybermed\daddy\dependency\sdk-VTK-9.4.2\build_msvc\CMakeFiles\fdeeef45baa0dc57bb14d14d8205cfcd\generate.stamp.rule" 항목에 대한 사용자 지정 빌드에 성공했지만 지정한 종속성 "d:\qt\6.9.0\msvc2022_64\lib\cmake\qt6sql\qt6qocidriverplugintargets-relwithdebinfo.cmake"이(가) 없습니다. 이 오류로 인해 증분 빌드가 제대로 작동하지 않을 수 있습니다.
C:\Program Files\Microsoft Visual Studio\2022\Community\MSBuild\Microsoft\VC\v170\Microsoft.CppCommon.targets(237,5): warning MSB8064: "D:\cybermed\daddy\dependency\sdk-VTK-9.4.2\build_msvc\CMakeFiles\fdeeef45baa0dc57bb14d14d8205cfcd\generate.stamp.rule" 항목에 대한 사용자 지정 빌드에 성공했지만 지정한 종속성 "d:\qt\6.9.0\msvc2022_64\lib\cmake\qt6sql\qt6qocidriverplugintargets.cmake"이(가) 없습니다. 이 오류로 인해 증분 빌드가 제대로 작동하지 않을 수 있습니다.
C:\Program Files\Microsoft Visual Studio\2022\Community\MSBuild\Microsoft\VC\v170\Microsoft.CppCommon.targets(237,5): warning MSB8064: "D:\cybermed\daddy\dependency\sdk-VTK-9.4.2\build_msvc\CMakeFiles\fdeeef45baa0dc57bb14d14d8205cfcd\generate.stamp.rule" 항목에 대한 사용자 지정 빌드에 성공했지만 지정한 종속성 "d:\qt\6.9.0\msvc2022_64\lib\cmake\qt6sql\qt6qodbcdriverpluginadditionaltargetinfo.cmake"이(가) 없습니다. 이 오류로 인해 증분 빌드가 제대로 작동하지 않을 수 있습니다.
C:\Program Files\Microsoft Visual Studio\2022\Community\MSBuild\Microsoft\VC\v170\Microsoft.CppCommon.targets(237,5): warning MSB8064: "D:\cybermed\daddy\dependency\sdk-VTK-9.4.2\build_msvc\CMakeFiles\fdeeef45baa0dc57bb14d14d8205cfcd\generate.stamp.rule" 항목에 대한 사용자 지정 빌드에 성공했지만 지정한 종속성 "d:\qt\6.9.0\msvc2022_64\lib\cmake\qt6sql\qt6qodbcdriverpluginconfig.cmake"이(가) 없습니다. 이 오류로 인해 증분 빌드가 제대로 작동하지 않을 수 있습니다.
C:\Program Files\Microsoft Visual Studio\2022\Community\MSBuild\Microsoft\VC\v170\Microsoft.CppCommon.targets(237,5): warning MSB8064: "D:\cybermed\daddy\dependency\sdk-VTK-9.4.2\build_msvc\CMakeFiles\fdeeef45baa0dc57bb14d14d8205cfcd\generate.stamp.rule" 항목에 대한 사용자 지정 빌드에 성공했지만 지정한 종속성 "d:\qt\6.9.0\msvc2022_64\lib\cmake\qt6sql\qt6qodbcdriverplugintargets-debug.cmake"이(가) 없습니다. 이 오류로 인해 증분 빌드가 제대로 작동하지 않을 수 있습니다.
C:\Program Files\Microsoft Visual Studio\2022\Community\MSBuild\Microsoft\VC\v170\Microsoft.CppCommon.targets(237,5): warning MSB8064: "D:\cybermed\daddy\dependency\sdk-VTK-9.4.2\build_msvc\CMakeFiles\fdeeef45baa0dc57bb14d14d8205cfcd\generate.stamp.rule" 항목에 대한 사용자 지정 빌드에 성공했지만 지정한 종속성 "d:\qt\6.9.0\msvc2022_64\lib\cmake\qt6sql\qt6qodbcdriverplugintargets-relwithdebinfo.cmake"이(가) 없습니다. 이 오류로 인해 증분 빌드가 제대로 작동하지 않을 수 있습니다.
C:\Program Files\Microsoft Visual Studio\2022\Community\MSBuild\Microsoft\VC\v170\Microsoft.CppCommon.targets(237,5): warning MSB8064: "D:\cybermed\daddy\dependency\sdk-VTK-9.4.2\build_msvc\CMakeFiles\fdeeef45baa0dc57bb14d14d8205cfcd\generate.stamp.rule" 항목에 대한 사용자 지정 빌드에 성공했지만 지정한 종속성 "d:\qt\6.9.0\msvc2022_64\lib\cmake\qt6sql\qt6qodbcdriverplugintargets.cmake"이(가) 없습니다. 이 오류로 인해 증분 빌드가 제대로 작동하지 않을 수 있습니다.
C:\Program Files\Microsoft Visual Studio\2022\Community\MSBuild\Microsoft\VC\v170\Microsoft.CppCommon.targets(237,5): warning MSB8064: "D:\cybermed\daddy\dependency\sdk-VTK-9.4.2\build_msvc\CMakeFiles\fdeeef45baa0dc57bb14d14d8205cfcd\generate.stamp.rule" 항목에 대한 사용자 지정 빌드에 성공했지만 지정한 종속성 "d:\qt\6.9.0\msvc2022_64\lib\cmake\qt6sql\qt6qpsqldriverpluginadditionaltargetinfo.cmake"이(가) 없습니다. 이 오류로 인해 증분 빌드가 제대로 작동하지 않을 수 있습니다.
C:\Program Files\Microsoft Visual Studio\2022\Community\MSBuild\Microsoft\VC\v170\Microsoft.CppCommon.targets(237,5): warning MSB8064: "D:\cybermed\daddy\dependency\sdk-VTK-9.4.2\build_msvc\CMakeFiles\fdeeef45baa0dc57bb14d14d8205cfcd\generate.stamp.rule" 항목에 대한 사용자 지정 빌드에 성공했지만 지정한 종속성 "d:\qt\6.9.0\msvc2022_64\lib\cmake\qt6sql\qt6qpsqldriverpluginconfig.cmake"이(가) 없습니다. 이 오류로 인해 증분 빌드가 제대로 작동하지 않을 수 있습니다.
C:\Program Files\Microsoft Visual Studio\2022\Community\MSBuild\Microsoft\VC\v170\Microsoft.CppCommon.targets(237,5): warning MSB8064: "D:\cybermed\daddy\dependency\sdk-VTK-9.4.2\build_msvc\CMakeFiles\fdeeef45baa0dc57bb14d14d8205cfcd\generate.stamp.rule" 항목에 대한 사용자 지정 빌드에 성공했지만 지정한 종속성 "d:\qt\6.9.0\msvc2022_64\lib\cmake\qt6sql\qt6qpsqldriverplugintargets-debug.cmake"이(가) 없습니다. 이 오류로 인해 증분 빌드가 제대로 작동하지 않을 수 있습니다.
C:\Program Files\Microsoft Visual Studio\2022\Community\MSBuild\Microsoft\VC\v170\Microsoft.CppCommon.targets(237,5): warning MSB8064: "D:\cybermed\daddy\dependency\sdk-VTK-9.4.2\build_msvc\CMakeFiles\fdeeef45baa0dc57bb14d14d8205cfcd\generate.stamp.rule" 항목에 대한 사용자 지정 빌드에 성공했지만 지정한 종속성 "d:\qt\6.9.0\msvc2022_64\lib\cmake\qt6sql\qt6qpsqldriverplugintargets-relwithdebinfo.cmake"이(가) 없습니다. 이 오류로 인해 증분 빌드가 제대로 작동하지 않을 수 있습니다.
C:\Program Files\Microsoft Visual Studio\2022\Community\MSBuild\Microsoft\VC\v170\Microsoft.CppCommon.targets(237,5): warning MSB8064: "D:\cybermed\daddy\dependency\sdk-VTK-9.4.2\build_msvc\CMakeFiles\fdeeef45baa0dc57bb14d14d8205cfcd\generate.stamp.rule" 항목에 대한 사용자 지정 빌드에 성공했지만 지정한 종속성 "d:\qt\6.9.0\msvc2022_64\lib\cmake\qt6sql\qt6qpsqldriverplugintargets.cmake"이(가) 없습니다. 이 오류로 인해 증분 빌드가 제대로 작동하지 않을 수 있습니다.
C:\Program Files\Microsoft Visual Studio\2022\Community\MSBuild\Microsoft\VC\v170\Microsoft.CppCommon.targets(237,5): warning MSB8064: "D:\cybermed\daddy\dependency\sdk-VTK-9.4.2\build_msvc\CMakeFiles\fdeeef45baa0dc57bb14d14d8205cfcd\generate.stamp.rule" 항목에 대한 사용자 지정 빌드에 성공했지만 지정한 종속성 "d:\qt\6.9.0\msvc2022_64\lib\cmake\qt6sql\qt6qsqlitedriverpluginadditionaltargetinfo.cmake"이(가) 없습니다. 이 오류로 인해 증분 빌드가 제대로 작동하지 않을 수 있습니다.
C:\Program Files\Microsoft Visual Studio\2022\Community\MSBuild\Microsoft\VC\v170\Microsoft.CppCommon.targets(237,5): warning MSB8064: "D:\cybermed\daddy\dependency\sdk-VTK-9.4.2\build_msvc\CMakeFiles\fdeeef45baa0dc57bb14d14d8205cfcd\generate.stamp.rule" 항목에 대한 사용자 지정 빌드에 성공했지만 지정한 종속성 "d:\qt\6.9.0\msvc2022_64\lib\cmake\qt6sql\qt6qsqlitedriverpluginconfig.cmake"이(가) 없습니다. 이 오류로 인해 증분 빌드가 제대로 작동하지 않을 수 있습니다.
C:\Program Files\Microsoft Visual Studio\2022\Community\MSBuild\Microsoft\VC\v170\Microsoft.CppCommon.targets(237,5): warning MSB8064: "D:\cybermed\daddy\dependency\sdk-VTK-9.4.2\build_msvc\CMakeFiles\fdeeef45baa0dc57bb14d14d8205cfcd\generate.stamp.rule" 항목에 대한 사용자 지정 빌드에 성공했지만 지정한 종속성 "d:\qt\6.9.0\msvc2022_64\lib\cmake\qt6sql\qt6qsqlitedriverplugintargets-debug.cmake"이(가) 없습니다. 이 오류로 인해 증분 빌드가 제대로 작동하지 않을 수 있습니다.
C:\Program Files\Microsoft Visual Studio\2022\Community\MSBuild\Microsoft\VC\v170\Microsoft.CppCommon.targets(237,5): warning MSB8064: "D:\cybermed\daddy\dependency\sdk-VTK-9.4.2\build_msvc\CMakeFiles\fdeeef45baa0dc57bb14d14d8205cfcd\generate.stamp.rule" 항목에 대한 사용자 지정 빌드에 성공했지만 지정한 종속성 "d:\qt\6.9.0\msvc2022_64\lib\cmake\qt6sql\qt6qsqlitedriverplugintargets-relwithdebinfo.cmake"이(가) 없습니다. 이 오류로 인해 증분 빌드가 제대로 작동하지 않을 수 있습니다.
C:\Program Files\Microsoft Visual Studio\2022\Community\MSBuild\Microsoft\VC\v170\Microsoft.CppCommon.targets(237,5): warning MSB8064: "D:\cybermed\daddy\dependency\sdk-VTK-9.4.2\build_msvc\CMakeFiles\fdeeef45baa0dc57bb14d14d8205cfcd\generate.stamp.rule" 항목에 대한 사용자 지정 빌드에 성공했지만 지정한 종속성 "d:\qt\6.9.0\msvc2022_64\lib\cmake\qt6sql\qt6qsqlitedriverplugintargets.cmake"이(가) 없습니다. 이 오류로 인해 증분 빌드가 제대로 작동하지 않을 수 있습니다.
C:\Program Files\Microsoft Visual Studio\2022\Community\MSBuild\Microsoft\VC\v170\Microsoft.CppCommon.targets(237,5): warning MSB8064: "D:\cybermed\daddy\dependency\sdk-VTK-9.4.2\build_msvc\CMakeFiles\fdeeef45baa0dc57bb14d14d8205cfcd\generate.stamp.rule" 항목에 대한 사용자 지정 빌드에 성공했지만 지정한 종속성 "d:\qt\6.9.0\msvc2022_64\lib\cmake\qt6sql\qt6sqladditionaltargetinfo.cmake"이(가) 없습니다. 이 오류로 인해 증분 빌드가 제대로 작동하지 않을 수 있습니다.
C:\Program Files\Microsoft Visual Studio\2022\Community\MSBuild\Microsoft\VC\v170\Microsoft.CppCommon.targets(237,5): warning MSB8064: "D:\cybermed\daddy\dependency\sdk-VTK-9.4.2\build_msvc\CMakeFiles\fdeeef45baa0dc57bb14d14d8205cfcd\generate.stamp.rule" 항목에 대한 사용자 지정 빌드에 성공했지만 지정한 종속성 "d:\qt\6.9.0\msvc2022_64\lib\cmake\qt6sql\qt6sqlconfig.cmake"이(가) 없습니다. 이 오류로 인해 증분 빌드가 제대로 작동하지 않을 수 있습니다.
C:\Program Files\Microsoft Visual Studio\2022\Community\MSBuild\Microsoft\VC\v170\Microsoft.CppCommon.targets(237,5): warning MSB8064: "D:\cybermed\daddy\dependency\sdk-VTK-9.4.2\build_msvc\CMakeFiles\fdeeef45baa0dc57bb14d14d8205cfcd\generate.stamp.rule" 항목에 대한 사용자 지정 빌드에 성공했지만 지정한 종속성 "d:\qt\6.9.0\msvc2022_64\lib\cmake\qt6sql\qt6sqlconfigversion.cmake"이(가) 없습니다. 이 오류로 인해 증분 빌드가 제대로 작동하지 않을 수 있습니다.
C:\Program Files\Microsoft Visual Studio\2022\Community\MSBuild\Microsoft\VC\v170\Microsoft.CppCommon.targets(237,5): warning MSB8064: "D:\cybermed\daddy\dependency\sdk-VTK-9.4.2\build_msvc\CMakeFiles\fdeeef45baa0dc57bb14d14d8205cfcd\generate.stamp.rule" 항목에 대한 사용자 지정 빌드에 성공했지만 지정한 종속성 "d:\qt\6.9.0\msvc2022_64\lib\cmake\qt6sql\qt6sqlconfigversionimpl.cmake"이(가) 없습니다. 이 오류로 인해 증분 빌드가 제대로 작동하지 않을 수 있습니다.
C:\Program Files\Microsoft Visual Studio\2022\Community\MSBuild\Microsoft\VC\v170\Microsoft.CppCommon.targets(237,5): warning MSB8064: "D:\cybermed\daddy\dependency\sdk-VTK-9.4.2\build_msvc\CMakeFiles\fdeeef45baa0dc57bb14d14d8205cfcd\generate.stamp.rule" 항목에 대한 사용자 지정 빌드에 성공했지만 지정한 종속성 "d:\qt\6.9.0\msvc2022_64\lib\cmake\qt6sql\qt6sqldependencies.cmake"이(가) 없습니다. 이 오류로 인해 증분 빌드가 제대로 작동하지 않을 수 있습니다.
C:\Program Files\Microsoft Visual Studio\2022\Community\MSBuild\Microsoft\VC\v170\Microsoft.CppCommon.targets(237,5): warning MSB8064: "D:\cybermed\daddy\dependency\sdk-VTK-9.4.2\build_msvc\CMakeFiles\fdeeef45baa0dc57bb14d14d8205cfcd\generate.stamp.rule" 항목에 대한 사용자 지정 빌드에 성공했지만 지정한 종속성 "d:\qt\6.9.0\msvc2022_64\lib\cmake\qt6sql\qt6sqlplugins.cmake"이(가) 없습니다. 이 오류로 인해 증분 빌드가 제대로 작동하지 않을 수 있습니다.
C:\Program Files\Microsoft Visual Studio\2022\Community\MSBuild\Microsoft\VC\v170\Microsoft.CppCommon.targets(237,5): warning MSB8064: "D:\cybermed\daddy\dependency\sdk-VTK-9.4.2\build_msvc\CMakeFiles\fdeeef45baa0dc57bb14d14d8205cfcd\generate.stamp.rule" 항목에 대한 사용자 지정 빌드에 성공했지만 지정한 종속성 "d:\qt\6.9.0\msvc2022_64\lib\cmake\qt6sql\qt6sqltargets-debug.cmake"이(가) 없습니다. 이 오류로 인해 증분 빌드가 제대로 작동하지 않을 수 있습니다.
C:\Program Files\Microsoft Visual Studio\2022\Community\MSBuild\Microsoft\VC\v170\Microsoft.CppCommon.targets(237,5): warning MSB8064: "D:\cybermed\daddy\dependency\sdk-VTK-9.4.2\build_msvc\CMakeFiles\fdeeef45baa0dc57bb14d14d8205cfcd\generate.stamp.rule" 항목에 대한 사용자 지정 빌드에 성공했지만 지정한 종속성 "d:\qt\6.9.0\msvc2022_64\lib\cmake\qt6sql\qt6sqltargets-relwithdebinfo.cmake"이(가) 없습니다. 이 오류로 인해 증분 빌드가 제대로 작동하지 않을 수 있습니다.
C:\Program Files\Microsoft Visual Studio\2022\Community\MSBuild\Microsoft\VC\v170\Microsoft.CppCommon.targets(237,5): warning MSB8064: "D:\cybermed\daddy\dependency\sdk-VTK-9.4.2\build_msvc\CMakeFiles\fdeeef45baa0dc57bb14d14d8205cfcd\generate.stamp.rule" 항목에 대한 사용자 지정 빌드에 성공했지만 지정한 종속성 "d:\qt\6.9.0\msvc2022_64\lib\cmake\qt6sql\qt6sqltargets.cmake"이(가) 없습니다. 이 오류로 인해 증분 빌드가 제대로 작동하지 않을 수 있습니다.
C:\Program Files\Microsoft Visual Studio\2022\Community\MSBuild\Microsoft\VC\v170\Microsoft.CppCommon.targets(237,5): warning MSB8064: "D:\cybermed\daddy\dependency\sdk-VTK-9.4.2\build_msvc\CMakeFiles\fdeeef45baa0dc57bb14d14d8205cfcd\generate.stamp.rule" 항목에 대한 사용자 지정 빌드에 성공했지만 지정한 종속성 "d:\qt\6.9.0\msvc2022_64\lib\cmake\qt6sql\qt6sqlversionlessaliastargets.cmake"이(가) 없습니다. 이 오류로 인해 증분 빌드가 제대로 작동하지 않을 수 있습니다.
C:\Program Files\Microsoft Visual Studio\2022\Community\MSBuild\Microsoft\VC\v170\Microsoft.CppCommon.targets(237,5): warning MSB8064: "D:\cybermed\daddy\dependency\sdk-VTK-9.4.2\build_msvc\CMakeFiles\fdeeef45baa0dc57bb14d14d8205cfcd\generate.stamp.rule" 항목에 대한 사용자 지정 빌드에 성공했지만 지정한 종속성 "d:\qt\6.9.0\msvc2022_64\lib\cmake\qt6sqlprivate\qt6sqlprivateadditionaltargetinfo.cmake"이(가) 없습니다. 이 오류로 인해 증분 빌드가 제대로 작동하지 않을 수 있습니다.
C:\Program Files\Microsoft Visual Studio\2022\Community\MSBuild\Microsoft\VC\v170\Microsoft.CppCommon.targets(237,5): warning MSB8064: "D:\cybermed\daddy\dependency\sdk-VTK-9.4.2\build_msvc\CMakeFiles\fdeeef45baa0dc57bb14d14d8205cfcd\generate.stamp.rule" 항목에 대한 사용자 지정 빌드에 성공했지만 지정한 종속성 "d:\qt\6.9.0\msvc2022_64\lib\cmake\qt6sqlprivate\qt6sqlprivateconfig.cmake"이(가) 없습니다. 이 오류로 인해 증분 빌드가 제대로 작동하지 않을 수 있습니다.
C:\Program Files\Microsoft Visual Studio\2022\Community\MSBuild\Microsoft\VC\v170\Microsoft.CppCommon.targets(237,5): warning MSB8064: "D:\cybermed\daddy\dependency\sdk-VTK-9.4.2\build_msvc\CMakeFiles\fdeeef45baa0dc57bb14d14d8205cfcd\generate.stamp.rule" 항목에 대한 사용자 지정 빌드에 성공했지만 지정한 종속성 "d:\qt\6.9.0\msvc2022_64\lib\cmake\qt6sqlprivate\qt6sqlprivateconfigversion.cmake"이(가) 없습니다. 이 오류로 인해 증분 빌드가 제대로 작동하지 않을 수 있습니다.
C:\Program Files\Microsoft Visual Studio\2022\Community\MSBuild\Microsoft\VC\v170\Microsoft.CppCommon.targets(237,5): warning MSB8064: "D:\cybermed\daddy\dependency\sdk-VTK-9.4.2\build_msvc\CMakeFiles\fdeeef45baa0dc57bb14d14d8205cfcd\generate.stamp.rule" 항목에 대한 사용자 지정 빌드에 성공했지만 지정한 종속성 "d:\qt\6.9.0\msvc2022_64\lib\cmake\qt6sqlprivate\qt6sqlprivateconfigversionimpl.cmake"이(가) 없습니다. 이 오류로 인해 증분 빌드가 제대로 작동하지 않을 수 있습니다.
C:\Program Files\Microsoft Visual Studio\2022\Community\MSBuild\Microsoft\VC\v170\Microsoft.CppCommon.targets(237,5): warning MSB8064: "D:\cybermed\daddy\dependency\sdk-VTK-9.4.2\build_msvc\CMakeFiles\fdeeef45baa0dc57bb14d14d8205cfcd\generate.stamp.rule" 항목에 대한 사용자 지정 빌드에 성공했지만 지정한 종속성 "d:\qt\6.9.0\msvc2022_64\lib\cmake\qt6sqlprivate\qt6sqlprivatedependencies.cmake"이(가) 없습니다. 이 오류로 인해 증분 빌드가 제대로 작동하지 않을 수 있습니다.
C:\Program Files\Microsoft Visual Studio\2022\Community\MSBuild\Microsoft\VC\v170\Microsoft.CppCommon.targets(237,5): warning MSB8064: "D:\cybermed\daddy\dependency\sdk-VTK-9.4.2\build_msvc\CMakeFiles\fdeeef45baa0dc57bb14d14d8205cfcd\generate.stamp.rule" 항목에 대한 사용자 지정 빌드에 성공했지만 지정한 종속성 "d:\qt\6.9.0\msvc2022_64\lib\cmake\qt6sqlprivate\qt6sqlprivatetargets.cmake"이(가) 없습니다. 이 오류로 인해 증분 빌드가 제대로 작동하지 않을 수 있습니다.
C:\Program Files\Microsoft Visual Studio\2022\Community\MSBuild\Microsoft\VC\v170\Microsoft.CppCommon.targets(237,5): warning MSB8064: "D:\cybermed\daddy\dependency\sdk-VTK-9.4.2\build_msvc\CMakeFiles\fdeeef45baa0dc57bb14d14d8205cfcd\generate.stamp.rule" 항목에 대한 사용자 지정 빌드에 성공했지만 지정한 종속성 "d:\qt\6.9.0\msvc2022_64\lib\cmake\qt6sqlprivate\qt6sqlprivateversionlessaliastargets.cmake"이(가) 없습니다. 이 오류로 인해 증분 빌드가 제대로 작동하지 않을 수 있습니다.
C:\Program Files\Microsoft Visual Studio\2022\Community\MSBuild\Microsoft\VC\v170\Microsoft.CppCommon.targets(237,5): warning MSB8064: "D:\cybermed\daddy\dependency\sdk-VTK-9.4.2\build_msvc\CMakeFiles\fdeeef45baa0dc57bb14d14d8205cfcd\generate.stamp.rule" 항목에 대한 사용자 지정 빌드에 성공했지만 지정한 종속성 "d:\qt\6.9.0\msvc2022_64\lib\cmake\qt6widgets\qt6qmodernwindowsstylepluginadditionaltargetinfo.cmake"이(가) 없습니다. 이 오류로 인해 증분 빌드가 제대로 작동하지 않을 수 있습니다.
C:\Program Files\Microsoft Visual Studio\2022\Community\MSBuild\Microsoft\VC\v170\Microsoft.CppCommon.targets(237,5): warning MSB8064: "D:\cybermed\daddy\dependency\sdk-VTK-9.4.2\build_msvc\CMakeFiles\fdeeef45baa0dc57bb14d14d8205cfcd\generate.stamp.rule" 항목에 대한 사용자 지정 빌드에 성공했지만 지정한 종속성 "d:\qt\6.9.0\msvc2022_64\lib\cmake\qt6widgets\qt6qmodernwindowsstylepluginconfig.cmake"이(가) 없습니다. 이 오류로 인해 증분 빌드가 제대로 작동하지 않을 수 있습니다.
C:\Program Files\Microsoft Visual Studio\2022\Community\MSBuild\Microsoft\VC\v170\Microsoft.CppCommon.targets(237,5): warning MSB8064: "D:\cybermed\daddy\dependency\sdk-VTK-9.4.2\build_msvc\CMakeFiles\fdeeef45baa0dc57bb14d14d8205cfcd\generate.stamp.rule" 항목에 대한 사용자 지정 빌드에 성공했지만 지정한 종속성 "d:\qt\6.9.0\msvc2022_64\lib\cmake\qt6widgets\qt6qmodernwindowsstyleplugintargets-debug.cmake"이(가) 없습니다. 이 오류로 인해 증분 빌드가 제대로 작동하지 않을 수 있습니다.
C:\Program Files\Microsoft Visual Studio\2022\Community\MSBuild\Microsoft\VC\v170\Microsoft.CppCommon.targets(237,5): warning MSB8064: "D:\cybermed\daddy\dependency\sdk-VTK-9.4.2\build_msvc\CMakeFiles\fdeeef45baa0dc57bb14d14d8205cfcd\generate.stamp.rule" 항목에 대한 사용자 지정 빌드에 성공했지만 지정한 종속성 "d:\qt\6.9.0\msvc2022_64\lib\cmake\qt6widgets\qt6qmodernwindowsstyleplugintargets-relwithdebinfo.cmake"이(가) 없습니다. 이 오류로 인해 증분 빌드가 제대로 작동하지 않을 수 있습니다.
C:\Program Files\Microsoft Visual Studio\2022\Community\MSBuild\Microsoft\VC\v170\Microsoft.CppCommon.targets(237,5): warning MSB8064: "D:\cybermed\daddy\dependency\sdk-VTK-9.4.2\build_msvc\CMakeFiles\fdeeef45baa0dc57bb14d14d8205cfcd\generate.stamp.rule" 항목에 대한 사용자 지정 빌드에 성공했지만 지정한 종속성 "d:\qt\6.9.0\msvc2022_64\lib\cmake\qt6widgets\qt6qmodernwindowsstyleplugintargets.cmake"이(가) 없습니다. 이 오류로 인해 증분 빌드가 제대로 작동하지 않을 수 있습니다.
C:\Program Files\Microsoft Visual Studio\2022\Community\MSBuild\Microsoft\VC\v170\Microsoft.CppCommon.targets(237,5): warning MSB8064: "D:\cybermed\daddy\dependency\sdk-VTK-9.4.2\build_msvc\CMakeFiles\fdeeef45baa0dc57bb14d14d8205cfcd\generate.stamp.rule" 항목에 대한 사용자 지정 빌드에 성공했지만 지정한 종속성 "d:\qt\6.9.0\msvc2022_64\lib\cmake\qt6widgets\qt6widgetsadditionaltargetinfo.cmake"이(가) 없습니다. 이 오류로 인해 증분 빌드가 제대로 작동하지 않을 수 있습니다.
C:\Program Files\Microsoft Visual Studio\2022\Community\MSBuild\Microsoft\VC\v170\Microsoft.CppCommon.targets(237,5): warning MSB8064: "D:\cybermed\daddy\dependency\sdk-VTK-9.4.2\build_msvc\CMakeFiles\fdeeef45baa0dc57bb14d14d8205cfcd\generate.stamp.rule" 항목에 대한 사용자 지정 빌드에 성공했지만 지정한 종속성 "d:\qt\6.9.0\msvc2022_64\lib\cmake\qt6widgets\qt6widgetsconfig.cmake"이(가) 없습니다. 이 오류로 인해 증분 빌드가 제대로 작동하지 않을 수 있습니다.
C:\Program Files\Microsoft Visual Studio\2022\Community\MSBuild\Microsoft\VC\v170\Microsoft.CppCommon.targets(237,5): warning MSB8064: "D:\cybermed\daddy\dependency\sdk-VTK-9.4.2\build_msvc\CMakeFiles\fdeeef45baa0dc57bb14d14d8205cfcd\generate.stamp.rule" 항목에 대한 사용자 지정 빌드에 성공했지만 지정한 종속성 "d:\qt\6.9.0\msvc2022_64\lib\cmake\qt6widgets\qt6widgetsconfigversion.cmake"이(가) 없습니다. 이 오류로 인해 증분 빌드가 제대로 작동하지 않을 수 있습니다.
C:\Program Files\Microsoft Visual Studio\2022\Community\MSBuild\Microsoft\VC\v170\Microsoft.CppCommon.targets(237,5): warning MSB8064: "D:\cybermed\daddy\dependency\sdk-VTK-9.4.2\build_msvc\CMakeFiles\fdeeef45baa0dc57bb14d14d8205cfcd\generate.stamp.rule" 항목에 대한 사용자 지정 빌드에 성공했지만 지정한 종속성 "d:\qt\6.9.0\msvc2022_64\lib\cmake\qt6widgets\qt6widgetsconfigversionimpl.cmake"이(가) 없습니다. 이 오류로 인해 증분 빌드가 제대로 작동하지 않을 수 있습니다.
C:\Program Files\Microsoft Visual Studio\2022\Community\MSBuild\Microsoft\VC\v170\Microsoft.CppCommon.targets(237,5): warning MSB8064: "D:\cybermed\daddy\dependency\sdk-VTK-9.4.2\build_msvc\CMakeFiles\fdeeef45baa0dc57bb14d14d8205cfcd\generate.stamp.rule" 항목에 대한 사용자 지정 빌드에 성공했지만 지정한 종속성 "d:\qt\6.9.0\msvc2022_64\lib\cmake\qt6widgets\qt6widgetsdependencies.cmake"이(가) 없습니다. 이 오류로 인해 증분 빌드가 제대로 작동하지 않을 수 있습니다.
C:\Program Files\Microsoft Visual Studio\2022\Community\MSBuild\Microsoft\VC\v170\Microsoft.CppCommon.targets(237,5): warning MSB8064: "D:\cybermed\daddy\dependency\sdk-VTK-9.4.2\build_msvc\CMakeFiles\fdeeef45baa0dc57bb14d14d8205cfcd\generate.stamp.rule" 항목에 대한 사용자 지정 빌드에 성공했지만 지정한 종속성 "d:\qt\6.9.0\msvc2022_64\lib\cmake\qt6widgets\qt6widgetsmacros.cmake"이(가) 없습니다. 이 오류로 인해 증분 빌드가 제대로 작동하지 않을 수 있습니다.
C:\Program Files\Microsoft Visual Studio\2022\Community\MSBuild\Microsoft\VC\v170\Microsoft.CppCommon.targets(237,5): warning MSB8064: "D:\cybermed\daddy\dependency\sdk-VTK-9.4.2\build_msvc\CMakeFiles\fdeeef45baa0dc57bb14d14d8205cfcd\generate.stamp.rule" 항목에 대한 사용자 지정 빌드에 성공했지만 지정한 종속성 "d:\qt\6.9.0\msvc2022_64\lib\cmake\qt6widgets\qt6widgetsplugins.cmake"이(가) 없습니다. 이 오류로 인해 증분 빌드가 제대로 작동하지 않을 수 있습니다.
C:\Program Files\Microsoft Visual Studio\2022\Community\MSBuild\Microsoft\VC\v170\Microsoft.CppCommon.targets(237,5): warning MSB8064: "D:\cybermed\daddy\dependency\sdk-VTK-9.4.2\build_msvc\CMakeFiles\fdeeef45baa0dc57bb14d14d8205cfcd\generate.stamp.rule" 항목에 대한 사용자 지정 빌드에 성공했지만 지정한 종속성 "d:\qt\6.9.0\msvc2022_64\lib\cmake\qt6widgets\qt6widgetstargets-debug.cmake"이(가) 없습니다. 이 오류로 인해 증분 빌드가 제대로 작동하지 않을 수 있습니다.
C:\Program Files\Microsoft Visual Studio\2022\Community\MSBuild\Microsoft\VC\v170\Microsoft.CppCommon.targets(237,5): warning MSB8064: "D:\cybermed\daddy\dependency\sdk-VTK-9.4.2\build_msvc\CMakeFiles\fdeeef45baa0dc57bb14d14d8205cfcd\generate.stamp.rule" 항목에 대한 사용자 지정 빌드에 성공했지만 지정한 종속성 "d:\qt\6.9.0\msvc2022_64\lib\cmake\qt6widgets\qt6widgetstargets-relwithdebinfo.cmake"이(가) 없습니다. 이 오류로 인해 증분 빌드가 제대로 작동하지 않을 수 있습니다.
C:\Program Files\Microsoft Visual Studio\2022\Community\MSBuild\Microsoft\VC\v170\Microsoft.CppCommon.targets(237,5): warning MSB8064: "D:\cybermed\daddy\dependency\sdk-VTK-9.4.2\build_msvc\CMakeFiles\fdeeef45baa0dc57bb14d14d8205cfcd\generate.stamp.rule" 항목에 대한 사용자 지정 빌드에 성공했지만 지정한 종속성 "d:\qt\6.9.0\msvc2022_64\lib\cmake\qt6widgets\qt6widgetstargets.cmake"이(가) 없습니다. 이 오류로 인해 증분 빌드가 제대로 작동하지 않을 수 있습니다.
C:\Program Files\Microsoft Visual Studio\2022\Community\MSBuild\Microsoft\VC\v170\Microsoft.CppCommon.targets(237,5): warning MSB8064: "D:\cybermed\daddy\dependency\sdk-VTK-9.4.2\build_msvc\CMakeFiles\fdeeef45baa0dc57bb14d14d8205cfcd\generate.stamp.rule" 항목에 대한 사용자 지정 빌드에 성공했지만 지정한 종속성 "d:\qt\6.9.0\msvc2022_64\lib\cmake\qt6widgets\qt6widgetsversionlessaliastargets.cmake"이(가) 없습니다. 이 오류로 인해 증분 빌드가 제대로 작동하지 않을 수 있습니다.
C:\Program Files\Microsoft Visual Studio\2022\Community\MSBuild\Microsoft\VC\v170\Microsoft.CppCommon.targets(237,5): warning MSB8064: "D:\cybermed\daddy\dependency\sdk-VTK-9.4.2\build_msvc\CMakeFiles\fdeeef45baa0dc57bb14d14d8205cfcd\generate.stamp.rule" 항목에 대한 사용자 지정 빌드에 성공했지만 지정한 종속성 "d:\qt\6.9.0\msvc2022_64\lib\cmake\qt6widgetsprivate\qt6widgetsprivateadditionaltargetinfo.cmake"이(가) 없습니다. 이 오류로 인해 증분 빌드가 제대로 작동하지 않을 수 있습니다.
C:\Program Files\Microsoft Visual Studio\2022\Community\MSBuild\Microsoft\VC\v170\Microsoft.CppCommon.targets(237,5): warning MSB8064: "D:\cybermed\daddy\dependency\sdk-VTK-9.4.2\build_msvc\CMakeFiles\fdeeef45baa0dc57bb14d14d8205cfcd\generate.stamp.rule" 항목에 대한 사용자 지정 빌드에 성공했지만 지정한 종속성 "d:\qt\6.9.0\msvc2022_64\lib\cmake\qt6widgetsprivate\qt6widgetsprivateconfig.cmake"이(가) 없습니다. 이 오류로 인해 증분 빌드가 제대로 작동하지 않을 수 있습니다.
C:\Program Files\Microsoft Visual Studio\2022\Community\MSBuild\Microsoft\VC\v170\Microsoft.CppCommon.targets(237,5): warning MSB8064: "D:\cybermed\daddy\dependency\sdk-VTK-9.4.2\build_msvc\CMakeFiles\fdeeef45baa0dc57bb14d14d8205cfcd\generate.stamp.rule" 항목에 대한 사용자 지정 빌드에 성공했지만 지정한 종속성 "d:\qt\6.9.0\msvc2022_64\lib\cmake\qt6widgetsprivate\qt6widgetsprivateconfigversion.cmake"이(가) 없습니다. 이 오류로 인해 증분 빌드가 제대로 작동하지 않을 수 있습니다.
C:\Program Files\Microsoft Visual Studio\2022\Community\MSBuild\Microsoft\VC\v170\Microsoft.CppCommon.targets(237,5): warning MSB8064: "D:\cybermed\daddy\dependency\sdk-VTK-9.4.2\build_msvc\CMakeFiles\fdeeef45baa0dc57bb14d14d8205cfcd\generate.stamp.rule" 항목에 대한 사용자 지정 빌드에 성공했지만 지정한 종속성 "d:\qt\6.9.0\msvc2022_64\lib\cmake\qt6widgetsprivate\qt6widgetsprivateconfigversionimpl.cmake"이(가) 없습니다. 이 오류로 인해 증분 빌드가 제대로 작동하지 않을 수 있습니다.
C:\Program Files\Microsoft Visual Studio\2022\Community\MSBuild\Microsoft\VC\v170\Microsoft.CppCommon.targets(237,5): warning MSB8064: "D:\cybermed\daddy\dependency\sdk-VTK-9.4.2\build_msvc\CMakeFiles\fdeeef45baa0dc57bb14d14d8205cfcd\generate.stamp.rule" 항목에 대한 사용자 지정 빌드에 성공했지만 지정한 종속성 "d:\qt\6.9.0\msvc2022_64\lib\cmake\qt6widgetsprivate\qt6widgetsprivatedependencies.cmake"이(가) 없습니다. 이 오류로 인해 증분 빌드가 제대로 작동하지 않을 수 있습니다.
C:\Program Files\Microsoft Visual Studio\2022\Community\MSBuild\Microsoft\VC\v170\Microsoft.CppCommon.targets(237,5): warning MSB8064: "D:\cybermed\daddy\dependency\sdk-VTK-9.4.2\build_msvc\CMakeFiles\fdeeef45baa0dc57bb14d14d8205cfcd\generate.stamp.rule" 항목에 대한 사용자 지정 빌드에 성공했지만 지정한 종속성 "d:\qt\6.9.0\msvc2022_64\lib\cmake\qt6widgetsprivate\qt6widgetsprivatetargets.cmake"이(가) 없습니다. 이 오류로 인해 증분 빌드가 제대로 작동하지 않을 수 있습니다.
C:\Program Files\Microsoft Visual Studio\2022\Community\MSBuild\Microsoft\VC\v170\Microsoft.CppCommon.targets(237,5): warning MSB8064: "D:\cybermed\daddy\dependency\sdk-VTK-9.4.2\build_msvc\CMakeFiles\fdeeef45baa0dc57bb14d14d8205cfcd\generate.stamp.rule" 항목에 대한 사용자 지정 빌드에 성공했지만 지정한 종속성 "d:\qt\6.9.0\msvc2022_64\lib\cmake\qt6widgetsprivate\qt6widgetsprivateversionlessaliastargets.cmake"이(가) 없습니다. 이 오류로 인해 증분 빌드가 제대로 작동하지 않을 수 있습니다.
C:\Program Files\Microsoft Visual Studio\2022\Community\MSBuild\Microsoft\VC\v170\Microsoft.CppCommon.targets(237,5): warning MSB8064: "D:\cybermed\daddy\dependency\sdk-VTK-9.4.2\build_msvc\CMakeFiles\fdeeef45baa0dc57bb14d14d8205cfcd\generate.stamp.rule" 항목에 대한 사용자 지정 빌드에 성공했지만 지정한 종속성 "d:\qt\6.9.0\msvc2022_64\lib\cmake\qt6widgetstools\qt6widgetstoolsadditionaltargetinfo.cmake"이(가) 없습니다. 이 오류로 인해 증분 빌드가 제대로 작동하지 않을 수 있습니다.
C:\Program Files\Microsoft Visual Studio\2022\Community\MSBuild\Microsoft\VC\v170\Microsoft.CppCommon.targets(237,5): warning MSB8064: "D:\cybermed\daddy\dependency\sdk-VTK-9.4.2\build_msvc\CMakeFiles\fdeeef45baa0dc57bb14d14d8205cfcd\generate.stamp.rule" 항목에 대한 사용자 지정 빌드에 성공했지만 지정한 종속성 "d:\qt\6.9.0\msvc2022_64\lib\cmake\qt6widgetstools\qt6widgetstoolsconfig.cmake"이(가) 없습니다. 이 오류로 인해 증분 빌드가 제대로 작동하지 않을 수 있습니다.
C:\Program Files\Microsoft Visual Studio\2022\Community\MSBuild\Microsoft\VC\v170\Microsoft.CppCommon.targets(237,5): warning MSB8064: "D:\cybermed\daddy\dependency\sdk-VTK-9.4.2\build_msvc\CMakeFiles\fdeeef45baa0dc57bb14d14d8205cfcd\generate.stamp.rule" 항목에 대한 사용자 지정 빌드에 성공했지만 지정한 종속성 "d:\qt\6.9.0\msvc2022_64\lib\cmake\qt6widgetstools\qt6widgetstoolsconfigversion.cmake"이(가) 없습니다. 이 오류로 인해 증분 빌드가 제대로 작동하지 않을 수 있습니다.
C:\Program Files\Microsoft Visual Studio\2022\Community\MSBuild\Microsoft\VC\v170\Microsoft.CppCommon.targets(237,5): warning MSB8064: "D:\cybermed\daddy\dependency\sdk-VTK-9.4.2\build_msvc\CMakeFiles\fdeeef45baa0dc57bb14d14d8205cfcd\generate.stamp.rule" 항목에 대한 사용자 지정 빌드에 성공했지만 지정한 종속성 "d:\qt\6.9.0\msvc2022_64\lib\cmake\qt6widgetstools\qt6widgetstoolsconfigversionimpl.cmake"이(가) 없습니다. 이 오류로 인해 증분 빌드가 제대로 작동하지 않을 수 있습니다.
C:\Program Files\Microsoft Visual Studio\2022\Community\MSBuild\Microsoft\VC\v170\Microsoft.CppCommon.targets(237,5): warning MSB8064: "D:\cybermed\daddy\dependency\sdk-VTK-9.4.2\build_msvc\CMakeFiles\fdeeef45baa0dc57bb14d14d8205cfcd\generate.stamp.rule" 항목에 대한 사용자 지정 빌드에 성공했지만 지정한 종속성 "d:\qt\6.9.0\msvc2022_64\lib\cmake\qt6widgetstools\qt6widgetstoolsdependencies.cmake"이(가) 없습니다. 이 오류로 인해 증분 빌드가 제대로 작동하지 않을 수 있습니다.
C:\Program Files\Microsoft Visual Studio\2022\Community\MSBuild\Microsoft\VC\v170\Microsoft.CppCommon.targets(237,5): warning MSB8064: "D:\cybermed\daddy\dependency\sdk-VTK-9.4.2\build_msvc\CMakeFiles\fdeeef45baa0dc57bb14d14d8205cfcd\generate.stamp.rule" 항목에 대한 사용자 지정 빌드에 성공했지만 지정한 종속성 "d:\qt\6.9.0\msvc2022_64\lib\cmake\qt6widgetstools\qt6widgetstoolstargets-debug.cmake"이(가) 없습니다. 이 오류로 인해 증분 빌드가 제대로 작동하지 않을 수 있습니다.
C:\Program Files\Microsoft Visual Studio\2022\Community\MSBuild\Microsoft\VC\v170\Microsoft.CppCommon.targets(237,5): warning MSB8064: "D:\cybermed\daddy\dependency\sdk-VTK-9.4.2\build_msvc\CMakeFiles\fdeeef45baa0dc57bb14d14d8205cfcd\generate.stamp.rule" 항목에 대한 사용자 지정 빌드에 성공했지만 지정한 종속성 "d:\qt\6.9.0\msvc2022_64\lib\cmake\qt6widgetstools\qt6widgetstoolstargets-relwithdebinfo.cmake"이(가) 없습니다. 이 오류로 인해 증분 빌드가 제대로 작동하지 않을 수 있습니다.
C:\Program Files\Microsoft Visual Studio\2022\Community\MSBuild\Microsoft\VC\v170\Microsoft.CppCommon.targets(237,5): warning MSB8064: "D:\cybermed\daddy\dependency\sdk-VTK-9.4.2\build_msvc\CMakeFiles\fdeeef45baa0dc57bb14d14d8205cfcd\generate.stamp.rule" 항목에 대한 사용자 지정 빌드에 성공했지만 지정한 종속성 "d:\qt\6.9.0\msvc2022_64\lib\cmake\qt6widgetstools\qt6widgetstoolstargets.cmake"이(가) 없습니다. 이 오류로 인해 증분 빌드가 제대로 작동하지 않을 수 있습니다.
C:\Program Files\Microsoft Visual Studio\2022\Community\MSBuild\Microsoft\VC\v170\Microsoft.CppCommon.targets(237,5): warning MSB8064: "D:\cybermed\daddy\dependency\sdk-VTK-9.4.2\build_msvc\CMakeFiles\fdeeef45baa0dc57bb14d14d8205cfcd\generate.stamp.rule" 항목에 대한 사용자 지정 빌드에 성공했지만 지정한 종속성 "d:\qt\6.9.0\msvc2022_64\lib\cmake\qt6widgetstools\qt6widgetstoolsversionlesstargets.cmake"이(가) 없습니다. 이 오류로 인해 증분 빌드가 제대로 작동하지 않을 수 있습니다.
C:\Program Files\Microsoft Visual Studio\2022\Community\MSBuild\Microsoft\VC\v170\Microsoft.CppCommon.targets(237,5): warning MSB8064: "D:\cybermed\daddy\dependency\sdk-VTK-9.4.2\build_msvc\CMakeFiles\fdeeef45baa0dc57bb14d14d8205cfcd\generate.stamp.rule" 항목에 대한 사용자 지정 빌드에 성공했지만 지정한 종속성 "d:\qt\6.9.0\msvc2022_64\lib\cmake\qt6zlibprivate\qt6zlibprivateadditionaltargetinfo.cmake"이(가) 없습니다. 이 오류로 인해 증분 빌드가 제대로 작동하지 않을 수 있습니다.
C:\Program Files\Microsoft Visual Studio\2022\Community\MSBuild\Microsoft\VC\v170\Microsoft.CppCommon.targets(237,5): warning MSB8064: "D:\cybermed\daddy\dependency\sdk-VTK-9.4.2\build_msvc\CMakeFiles\fdeeef45baa0dc57bb14d14d8205cfcd\generate.stamp.rule" 항목에 대한 사용자 지정 빌드에 성공했지만 지정한 종속성 "d:\qt\6.9.0\msvc2022_64\lib\cmake\qt6zlibprivate\qt6zlibprivateconfig.cmake"이(가) 없습니다. 이 오류로 인해 증분 빌드가 제대로 작동하지 않을 수 있습니다.
C:\Program Files\Microsoft Visual Studio\2022\Community\MSBuild\Microsoft\VC\v170\Microsoft.CppCommon.targets(237,5): warning MSB8064: "D:\cybermed\daddy\dependency\sdk-VTK-9.4.2\build_msvc\CMakeFiles\fdeeef45baa0dc57bb14d14d8205cfcd\generate.stamp.rule" 항목에 대한 사용자 지정 빌드에 성공했지만 지정한 종속성 "d:\qt\6.9.0\msvc2022_64\lib\cmake\qt6zlibprivate\qt6zlibprivateconfigversion.cmake"이(가) 없습니다. 이 오류로 인해 증분 빌드가 제대로 작동하지 않을 수 있습니다.
C:\Program Files\Microsoft Visual Studio\2022\Community\MSBuild\Microsoft\VC\v170\Microsoft.CppCommon.targets(237,5): warning MSB8064: "D:\cybermed\daddy\dependency\sdk-VTK-9.4.2\build_msvc\CMakeFiles\fdeeef45baa0dc57bb14d14d8205cfcd\generate.stamp.rule" 항목에 대한 사용자 지정 빌드에 성공했지만 지정한 종속성 "d:\qt\6.9.0\msvc2022_64\lib\cmake\qt6zlibprivate\qt6zlibprivateconfigversionimpl.cmake"이(가) 없습니다. 이 오류로 인해 증분 빌드가 제대로 작동하지 않을 수 있습니다.
C:\Program Files\Microsoft Visual Studio\2022\Community\MSBuild\Microsoft\VC\v170\Microsoft.CppCommon.targets(237,5): warning MSB8064: "D:\cybermed\daddy\dependency\sdk-VTK-9.4.2\build_msvc\CMakeFiles\fdeeef45baa0dc57bb14d14d8205cfcd\generate.stamp.rule" 항목에 대한 사용자 지정 빌드에 성공했지만 지정한 종속성 "d:\qt\6.9.0\msvc2022_64\lib\cmake\qt6zlibprivate\qt6zlibprivatetargets.cmake"이(가) 없습니다. 이 오류로 인해 증분 빌드가 제대로 작동하지 않을 수 있습니다.
C:\Program Files\Microsoft Visual Studio\2022\Community\MSBuild\Microsoft\VC\v170\Microsoft.CppCommon.targets(237,5): warning MSB8064: "D:\cybermed\daddy\dependency\sdk-VTK-9.4.2\build_msvc\CMakeFiles\fdeeef45baa0dc57bb14d14d8205cfcd\generate.stamp.rule" 항목에 대한 사용자 지정 빌드에 성공했지만 지정한 종속성 "d:\qt\6.9.0\msvc2022_64\lib\cmake\qt6zlibprivate\qt6zlibprivateversionlessaliastargets.cmake"이(가) 없습니다. 이 오류로 인해 증분 빌드가 제대로 작동하지 않을 수 있습니다.
