  Building Custom Rule D:/cybermed/daddy/dependency/sdk-VTK-9.4.2/ThirdParty/ioss/vtkioss/CMakeLists.txt
  Ioss_Assembly.C
  Ioss_Blob.C
  Ioss_ChainGenerator.C
  Ioss_CommSet.C
  Ioss_Compare.C
D:\cybermed\daddy\dependency\sdk-VTK-9.4.2\ThirdParty\ioss\vtkioss\Ioss_Compare.C(737,25): warning C4244: '초기화 중': 'int64_t'에서 'int'(으)로 변환하면서 데이터가 손실될 수 있습니다.
D:\cybermed\daddy\dependency\sdk-VTK-9.4.2\ThirdParty\ioss\vtkioss\Ioss_Compare.C(738,25): warning C4244: '초기화 중': 'int64_t'에서 'int'(으)로 변환하면서 데이터가 손실될 수 있습니다.
  Ioss_ComposedVariableType.C
  Ioss_CompositeVariableType.C
  Ioss_ConcreteVariableType.C
  Ioss_ConstructedVariableType.C
  Ioss_CoordinateFrame.C
  Ioss_CopyDatabase.C
D:\cybermed\daddy\dependency\sdk-VTK-9.4.2\ThirdParty\ioss\vtkioss\Ioss_CopyDatabase.C(168,41): warning C4267: '인수': 'size_t'에서 '_Ty'(으)로 변환하면서 데이터가 손실될 수 있습니다.
D:\cybermed\daddy\dependency\sdk-VTK-9.4.2\ThirdParty\ioss\vtkioss\Ioss_CopyDatabase.C(168,41): warning C4267:         with
D:\cybermed\daddy\dependency\sdk-VTK-9.4.2\ThirdParty\ioss\vtkioss\Ioss_CopyDatabase.C(168,41): warning C4267:         [
D:\cybermed\daddy\dependency\sdk-VTK-9.4.2\ThirdParty\ioss\vtkioss\Ioss_CopyDatabase.C(168,41): warning C4267:             _Ty=int
D:\cybermed\daddy\dependency\sdk-VTK-9.4.2\ThirdParty\ioss\vtkioss\Ioss_CopyDatabase.C(168,41): warning C4267:         ]
      D:\cybermed\daddy\dependency\sdk-VTK-9.4.2\ThirdParty\ioss\vtkioss\Ioss_CopyDatabase.C(168,41):
      템플릿 인스턴스화 컨텍스트(가장 오래된 인스턴스화 컨텍스트)가
          D:\cybermed\daddy\dependency\sdk-VTK-9.4.2\ThirdParty\ioss\vtkioss\Ioss_CopyDatabase.C(672,13):
          컴파일되는 함수 템플릿 인스턴스화 'void `anonymous-namespace'::output_boundary_sideset<int>(vtkioss_Ioss::SideBlock *,const std::vector<vtkioss_Ioss::Face,std::allocator<Key>> &,INT)'에 대한 참조를 확인하세요.
          with
          [
              Key=vtkioss_Ioss::Face,
              INT=int
          ]
  
  Ioss_DatabaseIO.C
D:\cybermed\daddy\dependency\sdk-VTK-9.4.2\ThirdParty\ioss\vtkioss\Ioss_DatabaseIO.C(297,20): warning C4244: '초기화 중': 'int64_t'에서 'int'(으)로 변환하면서 데이터가 손실될 수 있습니다.
D:\cybermed\daddy\dependency\sdk-VTK-9.4.2\ThirdParty\ioss\vtkioss\Ioss_DatabaseIO.C(325,17): warning C4244: '초기화 중': 'int64_t'에서 'int'(으)로 변환하면서 데이터가 손실될 수 있습니다.
D:\cybermed\daddy\dependency\sdk-VTK-9.4.2\ThirdParty\ioss\vtkioss\Ioss_DatabaseIO.C(332,17): warning C4244: '초기화 중': 'int64_t'에서 'int'(으)로 변환하면서 데이터가 손실될 수 있습니다.
D:\cybermed\daddy\dependency\sdk-VTK-9.4.2\ThirdParty\ioss\vtkioss\Ioss_DatabaseIO.C(595,25): warning C4244: '초기화 중': 'int64_t'에서 'int'(으)로 변환하면서 데이터가 손실될 수 있습니다.
D:\cybermed\daddy\dependency\sdk-VTK-9.4.2\ThirdParty\ioss\vtkioss\Ioss_DatabaseIO.C(596,25): warning C4244: '초기화 중': 'int64_t'에서 'int'(으)로 변환하면서 데이터가 손실될 수 있습니다.
D:\cybermed\daddy\dependency\sdk-VTK-9.4.2\ThirdParty\ioss\vtkioss\Ioss_DatabaseIO.C(644,63): warning C4267: '인수': 'size_t'에서 'int'(으)로 변환하면서 데이터가 손실될 수 있습니다.
D:\cybermed\daddy\dependency\sdk-VTK-9.4.2\ThirdParty\ioss\vtkioss\Ioss_DatabaseIO.C(1038,70): warning C4244: '=': 'int64_t'에서 'int'(으)로 변환하면서 데이터가 손실될 수 있습니다.
D:\cybermed\daddy\dependency\sdk-VTK-9.4.2\ThirdParty\ioss\vtkioss\Ioss_DatabaseIO.C(1052,74): warning C4244: '=': 'int64_t'에서 'int'(으)로 변환하면서 데이터가 손실될 수 있습니다.
D:\cybermed\daddy\dependency\sdk-VTK-9.4.2\ThirdParty\ioss\vtkioss\Ioss_DatabaseIO.C(1095,74): warning C4244: '=': 'int64_t'에서 'int'(으)로 변환하면서 데이터가 손실될 수 있습니다.
  Ioss_EdgeBlock.C
  Ioss_EdgeSet.C
  Ioss_ElementBlock.C
  Ioss_ElementPermutation.C
D:\cybermed\daddy\dependency\sdk-VTK-9.4.2\ThirdParty\ioss\vtkioss\Ioss_ElementPermutation.C(122,40): warning C4244: '=': 'const _Ty'에서 '_Ty'(으)로 변환하면서 데이터가 손실될 수 있습니다.
D:\cybermed\daddy\dependency\sdk-VTK-9.4.2\ThirdParty\ioss\vtkioss\Ioss_ElementPermutation.C(122,40): warning C4244:         with
D:\cybermed\daddy\dependency\sdk-VTK-9.4.2\ThirdParty\ioss\vtkioss\Ioss_ElementPermutation.C(122,40): warning C4244:         [
D:\cybermed\daddy\dependency\sdk-VTK-9.4.2\ThirdParty\ioss\vtkioss\Ioss_ElementPermutation.C(122,40): warning C4244:             _Ty=vtkioss_Ioss::Permutation
D:\cybermed\daddy\dependency\sdk-VTK-9.4.2\ThirdParty\ioss\vtkioss\Ioss_ElementPermutation.C(122,40): warning C4244:         ]
D:\cybermed\daddy\dependency\sdk-VTK-9.4.2\ThirdParty\ioss\vtkioss\Ioss_ElementPermutation.C(122,40): warning C4244:         and
D:\cybermed\daddy\dependency\sdk-VTK-9.4.2\ThirdParty\ioss\vtkioss\Ioss_ElementPermutation.C(122,40): warning C4244:         [
D:\cybermed\daddy\dependency\sdk-VTK-9.4.2\ThirdParty\ioss\vtkioss\Ioss_ElementPermutation.C(122,40): warning C4244:             _Ty=vtkioss_Ioss::Ordinal
D:\cybermed\daddy\dependency\sdk-VTK-9.4.2\ThirdParty\ioss\vtkioss\Ioss_ElementPermutation.C(122,40): warning C4244:         ]
  Ioss_ElementSet.C
  Ioss_ElementTopology.C
  Ioss_EntityBlock.C
  Ioss_EntitySet.C
  코드를 생성하고 있습니다...
  컴파일하고 있습니다...
  Ioss_FaceBlock.C
  Ioss_FaceGenerator.C
D:\cybermed\daddy\dependency\sdk-VTK-9.4.2\ThirdParty\ioss\vtkioss\Ioss_FaceGenerator.C(401,34): warning C4244: '초기화 중': 'double'에서 'size_t'(으)로 변환하면서 데이터가 손실될 수 있습니다.
      D:\cybermed\daddy\dependency\sdk-VTK-9.4.2\ThirdParty\ioss\vtkioss\Ioss_FaceGenerator.C(401,34):
      템플릿 인스턴스화 컨텍스트(가장 오래된 인스턴스화 컨텍스트)가
          D:\cybermed\daddy\dependency\sdk-VTK-9.4.2\ThirdParty\ioss\vtkioss\Ioss_FaceGenerator.C(371,44):
          컴파일되는 함수 템플릿 인스턴스화 'void vtkioss_Ioss::FaceGenerator::generate_block_faces<int>(const vtkioss_Ioss::ElementBlockContainer &,int,bool)'에 대한 참조를 확인하세요.
  
D:\cybermed\daddy\dependency\sdk-VTK-9.4.2\ThirdParty\ioss\vtkioss\Ioss_FaceGenerator.C(403,36): warning C4305: '인수': 'double'에서 'float'(으)로 잘립니다.
D:\cybermed\daddy\dependency\sdk-VTK-9.4.2\ThirdParty\ioss\vtkioss\Ioss_FaceGenerator.C(468,20): warning C4244: '초기화 중': 'double'에서 'size_t'(으)로 변환하면서 데이터가 손실될 수 있습니다.
      D:\cybermed\daddy\dependency\sdk-VTK-9.4.2\ThirdParty\ioss\vtkioss\Ioss_FaceGenerator.C(468,20):
      템플릿 인스턴스화 컨텍스트(가장 오래된 인스턴스화 컨텍스트)가
          D:\cybermed\daddy\dependency\sdk-VTK-9.4.2\ThirdParty\ioss\vtkioss\Ioss_FaceGenerator.C(340,44):
          컴파일되는 함수 템플릿 인스턴스화 'void vtkioss_Ioss::FaceGenerator::generate_faces<int>(int,bool,bool)'에 대한 참조를 확인하세요.
          D:\cybermed\daddy\dependency\sdk-VTK-9.4.2\ThirdParty\ioss\vtkioss\Ioss_FaceGenerator.C(351,7):
          컴파일되는 함수 템플릿 인스턴스화 'void vtkioss_Ioss::FaceGenerator::generate_model_faces<int>(INT,bool)'에 대한 참조를 확인하세요.
          with
          [
              INT=int
          ]
  
  Ioss_FaceSet.C
  Ioss_Field.C
D:\cybermed\daddy\dependency\sdk-VTK-9.4.2\ThirdParty\ioss\vtkioss\Ioss_Field.C(44,48): warning C4267: '인수': 'size_t'에서 'int'(으)로 변환하면서 데이터가 손실될 수 있습니다.
  Ioss_FieldManager.C
  Ioss_FileInfo.C
  Ioss_Getline.C
D:\cybermed\daddy\dependency\sdk-VTK-9.4.2\ThirdParty\ioss\vtkioss\Ioss_Getline.C(265,37): warning C4267: '초기화 중': 'size_t'에서 'int'(으)로 변환하면서 데이터가 손실될 수 있습니다.
D:\cybermed\daddy\dependency\sdk-VTK-9.4.2\ThirdParty\ioss\vtkioss\Ioss_Getline.C(273,13): warning C4267: '초기화 중': 'size_t'에서 'int'(으)로 변환하면서 데이터가 손실될 수 있습니다.
D:\cybermed\daddy\dependency\sdk-VTK-9.4.2\ThirdParty\ioss\vtkioss\Ioss_Getline.C(474,13): warning C4267: '초기화 중': 'size_t'에서 'int'(으)로 변환하면서 데이터가 손실될 수 있습니다.
D:\cybermed\daddy\dependency\sdk-VTK-9.4.2\ThirdParty\ioss\vtkioss\Ioss_Getline.C(624,27): warning C4267: '=': 'size_t'에서 'int'(으)로 변환하면서 데이터가 손실될 수 있습니다.
D:\cybermed\daddy\dependency\sdk-VTK-9.4.2\ThirdParty\ioss\vtkioss\Ioss_Getline.C(627,14): warning C4267: '초기화 중': 'size_t'에서 'int'(으)로 변환하면서 데이터가 손실될 수 있습니다.
D:\cybermed\daddy\dependency\sdk-VTK-9.4.2\ThirdParty\ioss\vtkioss\Ioss_Getline.C(628,14): warning C4267: '초기화 중': 'size_t'에서 'int'(으)로 변환하면서 데이터가 손실될 수 있습니다.
D:\cybermed\daddy\dependency\sdk-VTK-9.4.2\ThirdParty\ioss\vtkioss\Ioss_Getline.C(641,22): warning C4267: '=': 'size_t'에서 'int'(으)로 변환하면서 데이터가 손실될 수 있습니다.
D:\cybermed\daddy\dependency\sdk-VTK-9.4.2\ThirdParty\ioss\vtkioss\Ioss_Getline.C(767,15): warning C4267: '초기화 중': 'size_t'에서 'int'(으)로 변환하면서 데이터가 손실될 수 있습니다.
D:\cybermed\daddy\dependency\sdk-VTK-9.4.2\ThirdParty\ioss\vtkioss\Ioss_Getline.C(828,25): warning C4267: '인수': 'size_t'에서 'long'(으)로 변환하면서 데이터가 손실될 수 있습니다.
D:\cybermed\daddy\dependency\sdk-VTK-9.4.2\ThirdParty\ioss\vtkioss\Ioss_Getline.C(833,29): warning C4267: '인수': 'size_t'에서 'long'(으)로 변환하면서 데이터가 손실될 수 있습니다.
D:\cybermed\daddy\dependency\sdk-VTK-9.4.2\ThirdParty\ioss\vtkioss\Ioss_Getline.C(898,38): warning C4244: '인수': '__int64'에서 'int'(으)로 변환하면서 데이터가 손실될 수 있습니다.
D:\cybermed\daddy\dependency\sdk-VTK-9.4.2\ThirdParty\ioss\vtkioss\Ioss_Getline.C(944,42): warning C4244: '인수': '__int64'에서 'int'(으)로 변환하면서 데이터가 손실될 수 있습니다.
D:\cybermed\daddy\dependency\sdk-VTK-9.4.2\ThirdParty\ioss\vtkioss\Ioss_Getline.C(980,42): warning C4244: '인수': '__int64'에서 'int'(으)로 변환하면서 데이터가 손실될 수 있습니다.
  Ioss_GetLongOpt.C
  Ioss_Glob.C
  Ioss_GroupingEntity.C
  Ioss_Initializer.C
  Ioss_IOFactory.C
  Ioss_Map.C
D:\cybermed\daddy\dependency\sdk-VTK-9.4.2\ThirdParty\ioss\vtkioss\Ioss_Map.C(175,33): warning C4305: '인수': 'double'에서 'float'(으)로 잘립니다.
D:\cybermed\daddy\dependency\sdk-VTK-9.4.2\ThirdParty\ioss\vtkioss\Ioss_Map.C(270,24): warning C4267: '초기화 중': 'size_t'에서 'INT'(으)로 변환하면서 데이터가 손실될 수 있습니다.
D:\cybermed\daddy\dependency\sdk-VTK-9.4.2\ThirdParty\ioss\vtkioss\Ioss_Map.C(270,24): warning C4267:         with
D:\cybermed\daddy\dependency\sdk-VTK-9.4.2\ThirdParty\ioss\vtkioss\Ioss_Map.C(270,24): warning C4267:         [
D:\cybermed\daddy\dependency\sdk-VTK-9.4.2\ThirdParty\ioss\vtkioss\Ioss_Map.C(270,24): warning C4267:             INT=int
D:\cybermed\daddy\dependency\sdk-VTK-9.4.2\ThirdParty\ioss\vtkioss\Ioss_Map.C(270,24): warning C4267:         ]
      D:\cybermed\daddy\dependency\sdk-VTK-9.4.2\ThirdParty\ioss\vtkioss\Ioss_Map.C(270,24):
      템플릿 인스턴스화 컨텍스트(가장 오래된 인스턴스화 컨텍스트)가
          D:\cybermed\daddy\dependency\sdk-VTK-9.4.2\ThirdParty\ioss\vtkioss\Ioss_Map.C(254,38):
          컴파일되는 함수 템플릿 인스턴스화 'bool vtkioss_Ioss::Map::set_map<int>(int *,size_t,size_t,bool)'에 대한 참조를 확인하세요.
  
D:\cybermed\daddy\dependency\sdk-VTK-9.4.2\ThirdParty\ioss\vtkioss\Ioss_Map.C(384,18): warning C4244: '-=': 'int64_t'에서 'INT'(으)로 변환하면서 데이터가 손실될 수 있습니다.
D:\cybermed\daddy\dependency\sdk-VTK-9.4.2\ThirdParty\ioss\vtkioss\Ioss_Map.C(384,18): warning C4244:         with
D:\cybermed\daddy\dependency\sdk-VTK-9.4.2\ThirdParty\ioss\vtkioss\Ioss_Map.C(384,18): warning C4244:         [
D:\cybermed\daddy\dependency\sdk-VTK-9.4.2\ThirdParty\ioss\vtkioss\Ioss_Map.C(384,18): warning C4244:             INT=int
D:\cybermed\daddy\dependency\sdk-VTK-9.4.2\ThirdParty\ioss\vtkioss\Ioss_Map.C(384,18): warning C4244:         ]
      D:\cybermed\daddy\dependency\sdk-VTK-9.4.2\ThirdParty\ioss\vtkioss\Ioss_Map.C(384,18):
      템플릿 인스턴스화 컨텍스트(가장 오래된 인스턴스화 컨텍스트)가
          D:\cybermed\daddy\dependency\sdk-VTK-9.4.2\ThirdParty\ioss\vtkioss\Ioss_Map.C(369,38):
          컴파일되는 함수 템플릿 인스턴스화 'void vtkioss_Ioss::Map::reverse_map_data<int>(int *,size_t) const'에 대한 참조를 확인하세요.
  
D:\cybermed\daddy\dependency\sdk-VTK-9.4.2\ThirdParty\ioss\vtkioss\Ioss_Map.C(416,18): warning C4244: '+=': 'int64_t'에서 'INT'(으)로 변환하면서 데이터가 손실될 수 있습니다.
D:\cybermed\daddy\dependency\sdk-VTK-9.4.2\ThirdParty\ioss\vtkioss\Ioss_Map.C(416,18): warning C4244:         with
D:\cybermed\daddy\dependency\sdk-VTK-9.4.2\ThirdParty\ioss\vtkioss\Ioss_Map.C(416,18): warning C4244:         [
D:\cybermed\daddy\dependency\sdk-VTK-9.4.2\ThirdParty\ioss\vtkioss\Ioss_Map.C(416,18): warning C4244:             INT=int
D:\cybermed\daddy\dependency\sdk-VTK-9.4.2\ThirdParty\ioss\vtkioss\Ioss_Map.C(416,18): warning C4244:         ]
      D:\cybermed\daddy\dependency\sdk-VTK-9.4.2\ThirdParty\ioss\vtkioss\Ioss_Map.C(416,18):
      템플릿 인스턴스화 컨텍스트(가장 오래된 인스턴스화 컨텍스트)가
          D:\cybermed\daddy\dependency\sdk-VTK-9.4.2\ThirdParty\ioss\vtkioss\Ioss_Map.C(402,38):
          컴파일되는 함수 템플릿 인스턴스화 'void vtkioss_Ioss::Map::map_data<int>(int *,size_t) const'에 대한 참조를 확인하세요.
  
D:\cybermed\daddy\dependency\sdk-VTK-9.4.2\ThirdParty\ioss\vtkioss\Ioss_Map.C(504,36): warning C4244: '=': 'T'에서 '_Ty'(으)로 변환하면서 데이터가 손실될 수 있습니다.
D:\cybermed\daddy\dependency\sdk-VTK-9.4.2\ThirdParty\ioss\vtkioss\Ioss_Map.C(504,36): warning C4244:         with
D:\cybermed\daddy\dependency\sdk-VTK-9.4.2\ThirdParty\ioss\vtkioss\Ioss_Map.C(504,36): warning C4244:         [
D:\cybermed\daddy\dependency\sdk-VTK-9.4.2\ThirdParty\ioss\vtkioss\Ioss_Map.C(504,36): warning C4244:             T=int64_t
D:\cybermed\daddy\dependency\sdk-VTK-9.4.2\ThirdParty\ioss\vtkioss\Ioss_Map.C(504,36): warning C4244:         ]
D:\cybermed\daddy\dependency\sdk-VTK-9.4.2\ThirdParty\ioss\vtkioss\Ioss_Map.C(504,36): warning C4244:         and
D:\cybermed\daddy\dependency\sdk-VTK-9.4.2\ThirdParty\ioss\vtkioss\Ioss_Map.C(504,36): warning C4244:         [
D:\cybermed\daddy\dependency\sdk-VTK-9.4.2\ThirdParty\ioss\vtkioss\Ioss_Map.C(504,36): warning C4244:             _Ty=double
D:\cybermed\daddy\dependency\sdk-VTK-9.4.2\ThirdParty\ioss\vtkioss\Ioss_Map.C(504,36): warning C4244:         ]
      D:\cybermed\daddy\dependency\sdk-VTK-9.4.2\ThirdParty\ioss\vtkioss\Ioss_Map.C(504,36):
      템플릿 인스턴스화 컨텍스트(가장 오래된 인스턴스화 컨텍스트)가
          D:\cybermed\daddy\dependency\sdk-VTK-9.4.2\ThirdParty\ioss\vtkioss\Ioss_Map.C(484,40):
          컴파일되는 함수 템플릿 인스턴스화 'size_t vtkioss_Ioss::Map::map_field_to_db_scalar_order<int64_t>(int64_t *,std::vector<double,std::allocator<double>> &,size_t,size_t,size_t,size_t)'에 대한 참조를 확인하세요.
  
D:\cybermed\daddy\dependency\sdk-VTK-9.4.2\ThirdParty\ioss\vtkioss\Ioss_Map.C(513,32): warning C4244: '=': 'T'에서 '_Ty'(으)로 변환하면서 데이터가 손실될 수 있습니다.
D:\cybermed\daddy\dependency\sdk-VTK-9.4.2\ThirdParty\ioss\vtkioss\Ioss_Map.C(513,32): warning C4244:         with
D:\cybermed\daddy\dependency\sdk-VTK-9.4.2\ThirdParty\ioss\vtkioss\Ioss_Map.C(513,32): warning C4244:         [
D:\cybermed\daddy\dependency\sdk-VTK-9.4.2\ThirdParty\ioss\vtkioss\Ioss_Map.C(513,32): warning C4244:             T=int64_t
D:\cybermed\daddy\dependency\sdk-VTK-9.4.2\ThirdParty\ioss\vtkioss\Ioss_Map.C(513,32): warning C4244:         ]
D:\cybermed\daddy\dependency\sdk-VTK-9.4.2\ThirdParty\ioss\vtkioss\Ioss_Map.C(513,32): warning C4244:         and
D:\cybermed\daddy\dependency\sdk-VTK-9.4.2\ThirdParty\ioss\vtkioss\Ioss_Map.C(513,32): warning C4244:         [
D:\cybermed\daddy\dependency\sdk-VTK-9.4.2\ThirdParty\ioss\vtkioss\Ioss_Map.C(513,32): warning C4244:             _Ty=double
D:\cybermed\daddy\dependency\sdk-VTK-9.4.2\ThirdParty\ioss\vtkioss\Ioss_Map.C(513,32): warning C4244:         ]
D:\cybermed\daddy\dependency\sdk-VTK-9.4.2\ThirdParty\ioss\vtkioss\Ioss_Map.C(27,21): warning C4267: '초기화 중': 'size_t'에서 'INT'(으)로 변환하면서 데이터가 손실될 수 있습니다.
D:\cybermed\daddy\dependency\sdk-VTK-9.4.2\ThirdParty\ioss\vtkioss\Ioss_Map.C(27,21): warning C4267:         with
D:\cybermed\daddy\dependency\sdk-VTK-9.4.2\ThirdParty\ioss\vtkioss\Ioss_Map.C(27,21): warning C4267:         [
D:\cybermed\daddy\dependency\sdk-VTK-9.4.2\ThirdParty\ioss\vtkioss\Ioss_Map.C(27,21): warning C4267:             INT=int
D:\cybermed\daddy\dependency\sdk-VTK-9.4.2\ThirdParty\ioss\vtkioss\Ioss_Map.C(27,21): warning C4267:         ]
      D:\cybermed\daddy\dependency\sdk-VTK-9.4.2\ThirdParty\ioss\vtkioss\Ioss_Map.C(27,21):
      템플릿 인스턴스화 컨텍스트(가장 오래된 인스턴스화 컨텍스트)가
          D:\cybermed\daddy\dependency\sdk-VTK-9.4.2\ThirdParty\ioss\vtkioss\Ioss_Map.C(254,38):
          컴파일되는 함수 템플릿 인스턴스화 'bool vtkioss_Ioss::Map::set_map<int>(int *,size_t,size_t,bool)'에 대한 참조를 확인하세요.
          D:\cybermed\daddy\dependency\sdk-VTK-9.4.2\ThirdParty\ioss\vtkioss\Ioss_Map.C(266,20):
          컴파일되는 함수 템플릿 인스턴스화 'bool `anonymous-namespace'::is_one2one<INT>(INT *,size_t,size_t)'에 대한 참조를 확인하세요.
          with
          [
              INT=int
          ]
  
  Ioss_MemoryUtils.C
  Ioss_NodeBlock.C
  Ioss_NodeSet.C
  Ioss_NullEntity.C
  Ioss_ParallelUtils.C
  Ioss_Property.C
  Ioss_PropertyManager.C
D:\cybermed\daddy\dependency\sdk-VTK-9.4.2\ThirdParty\ioss\vtkioss\Ioss_PropertyManager.C(72,32): warning C4244: 'return': 'int64_t'에서 'int'(으)로 변환하면서 데이터가 손실될 수 있습니다.
  코드를 생성하고 있습니다...
  컴파일하고 있습니다...
  Ioss_Region.C
D:\cybermed\daddy\dependency\sdk-VTK-9.4.2\ThirdParty\ioss\vtkioss\Ioss_Region.C(448,5): warning C4127: 조건식이 상수입니다.
  Ioss_SerializeIO.C
  Ioss_SideBlock.C
D:\cybermed\daddy\dependency\sdk-VTK-9.4.2\ThirdParty\ioss\vtkioss\Ioss_SideBlock.C(168,19): warning C4244: '초기화 중': 'INT'에서 'int'(으)로 변환하면서 데이터가 손실될 수 있습니다.
D:\cybermed\daddy\dependency\sdk-VTK-9.4.2\ThirdParty\ioss\vtkioss\Ioss_SideBlock.C(168,19): warning C4244:         with
D:\cybermed\daddy\dependency\sdk-VTK-9.4.2\ThirdParty\ioss\vtkioss\Ioss_SideBlock.C(168,19): warning C4244:         [
D:\cybermed\daddy\dependency\sdk-VTK-9.4.2\ThirdParty\ioss\vtkioss\Ioss_SideBlock.C(168,19): warning C4244:             INT=int64_t
D:\cybermed\daddy\dependency\sdk-VTK-9.4.2\ThirdParty\ioss\vtkioss\Ioss_SideBlock.C(168,19): warning C4244:         ]
      D:\cybermed\daddy\dependency\sdk-VTK-9.4.2\ThirdParty\ioss\vtkioss\Ioss_SideBlock.C(168,19):
      템플릿 인스턴스화 컨텍스트(가장 오래된 인스턴스화 컨텍스트)가
          D:\cybermed\daddy\dependency\sdk-VTK-9.4.2\ThirdParty\ioss\vtkioss\Ioss_SideBlock.C(190,16):
          컴파일되는 함수 템플릿 인스턴스화 'int `anonymous-namespace'::internal_consistent_side_number<int64_t>(std::vector<int64_t,std::allocator<int64_t>> &)'에 대한 참조를 확인하세요.
  
D:\cybermed\daddy\dependency\sdk-VTK-9.4.2\ThirdParty\ioss\vtkioss\Ioss_SideBlock.C(170,21): warning C4244: '초기화 중': 'INT'에서 'int'(으)로 변환하면서 데이터가 손실될 수 있습니다.
D:\cybermed\daddy\dependency\sdk-VTK-9.4.2\ThirdParty\ioss\vtkioss\Ioss_SideBlock.C(170,21): warning C4244:         with
D:\cybermed\daddy\dependency\sdk-VTK-9.4.2\ThirdParty\ioss\vtkioss\Ioss_SideBlock.C(170,21): warning C4244:         [
D:\cybermed\daddy\dependency\sdk-VTK-9.4.2\ThirdParty\ioss\vtkioss\Ioss_SideBlock.C(170,21): warning C4244:             INT=int64_t
D:\cybermed\daddy\dependency\sdk-VTK-9.4.2\ThirdParty\ioss\vtkioss\Ioss_SideBlock.C(170,21): warning C4244:         ]
  Ioss_SideSet.C
D:\cybermed\daddy\dependency\sdk-VTK-9.4.2\ThirdParty\ioss\vtkioss\Ioss_SideSet.C(164,80): warning C4244: '=': 'int64_t'에서 'int'(으)로 변환하면서 데이터가 손실될 수 있습니다.
  Ioss_SmartAssert.C
  Ioss_StructuredBlock.C
D:\cybermed\daddy\dependency\sdk-VTK-9.4.2\ThirdParty\ioss\vtkioss\Ioss_StructuredBlock.C(229,21): warning C4244: '초기화 중': 'int64_t'에서 'int'(으)로 변환하면서 데이터가 손실될 수 있습니다.
D:\cybermed\daddy\dependency\sdk-VTK-9.4.2\ThirdParty\ioss\vtkioss\Ioss_StructuredBlock.C(244,21): warning C4267: '=': 'size_t'에서 '_Ty'(으)로 변환하면서 데이터가 손실될 수 있습니다.
D:\cybermed\daddy\dependency\sdk-VTK-9.4.2\ThirdParty\ioss\vtkioss\Ioss_StructuredBlock.C(244,21): warning C4267:         with
D:\cybermed\daddy\dependency\sdk-VTK-9.4.2\ThirdParty\ioss\vtkioss\Ioss_StructuredBlock.C(244,21): warning C4267:         [
D:\cybermed\daddy\dependency\sdk-VTK-9.4.2\ThirdParty\ioss\vtkioss\Ioss_StructuredBlock.C(244,21): warning C4267:             _Ty=int
D:\cybermed\daddy\dependency\sdk-VTK-9.4.2\ThirdParty\ioss\vtkioss\Ioss_StructuredBlock.C(244,21): warning C4267:         ]
D:\cybermed\daddy\dependency\sdk-VTK-9.4.2\ThirdParty\ioss\vtkioss\Ioss_StructuredBlock.C(247,21): warning C4267: '=': 'size_t'에서 '_Ty'(으)로 변환하면서 데이터가 손실될 수 있습니다.
D:\cybermed\daddy\dependency\sdk-VTK-9.4.2\ThirdParty\ioss\vtkioss\Ioss_StructuredBlock.C(247,21): warning C4267:         with
D:\cybermed\daddy\dependency\sdk-VTK-9.4.2\ThirdParty\ioss\vtkioss\Ioss_StructuredBlock.C(247,21): warning C4267:         [
D:\cybermed\daddy\dependency\sdk-VTK-9.4.2\ThirdParty\ioss\vtkioss\Ioss_StructuredBlock.C(247,21): warning C4267:             _Ty=int
D:\cybermed\daddy\dependency\sdk-VTK-9.4.2\ThirdParty\ioss\vtkioss\Ioss_StructuredBlock.C(247,21): warning C4267:         ]
D:\cybermed\daddy\dependency\sdk-VTK-9.4.2\ThirdParty\ioss\vtkioss\Ioss_StructuredBlock.C(250,21): warning C4267: '=': 'size_t'에서 '_Ty'(으)로 변환하면서 데이터가 손실될 수 있습니다.
D:\cybermed\daddy\dependency\sdk-VTK-9.4.2\ThirdParty\ioss\vtkioss\Ioss_StructuredBlock.C(250,21): warning C4267:         with
D:\cybermed\daddy\dependency\sdk-VTK-9.4.2\ThirdParty\ioss\vtkioss\Ioss_StructuredBlock.C(250,21): warning C4267:         [
D:\cybermed\daddy\dependency\sdk-VTK-9.4.2\ThirdParty\ioss\vtkioss\Ioss_StructuredBlock.C(250,21): warning C4267:             _Ty=int
D:\cybermed\daddy\dependency\sdk-VTK-9.4.2\ThirdParty\ioss\vtkioss\Ioss_StructuredBlock.C(250,21): warning C4267:         ]
D:\cybermed\daddy\dependency\sdk-VTK-9.4.2\ThirdParty\ioss\vtkioss\Ioss_StructuredBlock.C(258,24): warning C4267: '=': 'size_t'에서 '_Ty'(으)로 변환하면서 데이터가 손실될 수 있습니다.
D:\cybermed\daddy\dependency\sdk-VTK-9.4.2\ThirdParty\ioss\vtkioss\Ioss_StructuredBlock.C(258,24): warning C4267:         with
D:\cybermed\daddy\dependency\sdk-VTK-9.4.2\ThirdParty\ioss\vtkioss\Ioss_StructuredBlock.C(258,24): warning C4267:         [
D:\cybermed\daddy\dependency\sdk-VTK-9.4.2\ThirdParty\ioss\vtkioss\Ioss_StructuredBlock.C(258,24): warning C4267:             _Ty=int
D:\cybermed\daddy\dependency\sdk-VTK-9.4.2\ThirdParty\ioss\vtkioss\Ioss_StructuredBlock.C(258,24): warning C4267:         ]
D:\cybermed\daddy\dependency\sdk-VTK-9.4.2\ThirdParty\ioss\vtkioss\Ioss_StructuredBlock.C(262,24): warning C4267: '=': 'size_t'에서 '_Ty'(으)로 변환하면서 데이터가 손실될 수 있습니다.
D:\cybermed\daddy\dependency\sdk-VTK-9.4.2\ThirdParty\ioss\vtkioss\Ioss_StructuredBlock.C(262,24): warning C4267:         with
D:\cybermed\daddy\dependency\sdk-VTK-9.4.2\ThirdParty\ioss\vtkioss\Ioss_StructuredBlock.C(262,24): warning C4267:         [
D:\cybermed\daddy\dependency\sdk-VTK-9.4.2\ThirdParty\ioss\vtkioss\Ioss_StructuredBlock.C(262,24): warning C4267:             _Ty=int
D:\cybermed\daddy\dependency\sdk-VTK-9.4.2\ThirdParty\ioss\vtkioss\Ioss_StructuredBlock.C(262,24): warning C4267:         ]
D:\cybermed\daddy\dependency\sdk-VTK-9.4.2\ThirdParty\ioss\vtkioss\Ioss_StructuredBlock.C(266,24): warning C4267: '=': 'size_t'에서 '_Ty'(으)로 변환하면서 데이터가 손실될 수 있습니다.
D:\cybermed\daddy\dependency\sdk-VTK-9.4.2\ThirdParty\ioss\vtkioss\Ioss_StructuredBlock.C(266,24): warning C4267:         with
D:\cybermed\daddy\dependency\sdk-VTK-9.4.2\ThirdParty\ioss\vtkioss\Ioss_StructuredBlock.C(266,24): warning C4267:         [
D:\cybermed\daddy\dependency\sdk-VTK-9.4.2\ThirdParty\ioss\vtkioss\Ioss_StructuredBlock.C(266,24): warning C4267:             _Ty=int
D:\cybermed\daddy\dependency\sdk-VTK-9.4.2\ThirdParty\ioss\vtkioss\Ioss_StructuredBlock.C(266,24): warning C4267:         ]
  Ioss_Tracer.C
  Ioss_Transform.C
  Ioss_TransformFactory.C
  Ioss_Utils.C
D:\cybermed\daddy\dependency\sdk-VTK-9.4.2\ThirdParty\ioss\vtkioss\Ioss_Utils.C(554,31): warning C4267: '인수': 'size_t'에서 '_Ty'(으)로 변환하면서 데이터가 손실될 수 있습니다.
D:\cybermed\daddy\dependency\sdk-VTK-9.4.2\ThirdParty\ioss\vtkioss\Ioss_Utils.C(554,31): warning C4267:         with
D:\cybermed\daddy\dependency\sdk-VTK-9.4.2\ThirdParty\ioss\vtkioss\Ioss_Utils.C(554,31): warning C4267:         [
D:\cybermed\daddy\dependency\sdk-VTK-9.4.2\ThirdParty\ioss\vtkioss\Ioss_Utils.C(554,31): warning C4267:             _Ty=int
D:\cybermed\daddy\dependency\sdk-VTK-9.4.2\ThirdParty\ioss\vtkioss\Ioss_Utils.C(554,31): warning C4267:         ]
D:\cybermed\daddy\dependency\sdk-VTK-9.4.2\ThirdParty\ioss\vtkioss\Ioss_Utils.C(571,35): warning C4267: '인수': 'size_t'에서 '_Ty'(으)로 변환하면서 데이터가 손실될 수 있습니다.
D:\cybermed\daddy\dependency\sdk-VTK-9.4.2\ThirdParty\ioss\vtkioss\Ioss_Utils.C(571,35): warning C4267:         with
D:\cybermed\daddy\dependency\sdk-VTK-9.4.2\ThirdParty\ioss\vtkioss\Ioss_Utils.C(571,35): warning C4267:         [
D:\cybermed\daddy\dependency\sdk-VTK-9.4.2\ThirdParty\ioss\vtkioss\Ioss_Utils.C(571,35): warning C4267:             _Ty=int
D:\cybermed\daddy\dependency\sdk-VTK-9.4.2\ThirdParty\ioss\vtkioss\Ioss_Utils.C(571,35): warning C4267:         ]
D:\cybermed\daddy\dependency\sdk-VTK-9.4.2\ThirdParty\ioss\vtkioss\Ioss_Utils.C(1076,25): warning C4244: '=': 'int'에서 'char'(으)로 변환하면서 데이터가 손실될 수 있습니다.
  Ioss_VariableType.C
D:\cybermed\daddy\dependency\sdk-VTK-9.4.2\ThirdParty\ioss\vtkioss\Ioss_VariableType.C(188,60): warning C4267: '인수': 'size_t'에서 'int'(으)로 변환하면서 데이터가 손실될 수 있습니다.
D:\cybermed\daddy\dependency\sdk-VTK-9.4.2\ThirdParty\ioss\vtkioss\Ioss_VariableType.C(350,43): warning C4267: '인수': 'size_t'에서 'int'(으)로 변환하면서 데이터가 손실될 수 있습니다.
  Ioss_ZoneConnectivity.C
D:\cybermed\daddy\dependency\sdk-VTK-9.4.2\ThirdParty\ioss\vtkioss\Ioss_ZoneConnectivity.C(416,79): warning C4244: '=': '_Ty'에서 '_Ty'(으)로 변환하면서 데이터가 손실될 수 있습니다.
D:\cybermed\daddy\dependency\sdk-VTK-9.4.2\ThirdParty\ioss\vtkioss\Ioss_ZoneConnectivity.C(416,79): warning C4244:         with
D:\cybermed\daddy\dependency\sdk-VTK-9.4.2\ThirdParty\ioss\vtkioss\Ioss_ZoneConnectivity.C(416,79): warning C4244:         [
D:\cybermed\daddy\dependency\sdk-VTK-9.4.2\ThirdParty\ioss\vtkioss\Ioss_ZoneConnectivity.C(416,79): warning C4244:             _Ty=IOSS_ZC_INT
D:\cybermed\daddy\dependency\sdk-VTK-9.4.2\ThirdParty\ioss\vtkioss\Ioss_ZoneConnectivity.C(416,79): warning C4244:         ]
D:\cybermed\daddy\dependency\sdk-VTK-9.4.2\ThirdParty\ioss\vtkioss\Ioss_ZoneConnectivity.C(416,79): warning C4244:         and
D:\cybermed\daddy\dependency\sdk-VTK-9.4.2\ThirdParty\ioss\vtkioss\Ioss_ZoneConnectivity.C(416,79): warning C4244:         [
D:\cybermed\daddy\dependency\sdk-VTK-9.4.2\ThirdParty\ioss\vtkioss\Ioss_ZoneConnectivity.C(416,79): warning C4244:             _Ty=int
D:\cybermed\daddy\dependency\sdk-VTK-9.4.2\ThirdParty\ioss\vtkioss\Ioss_ZoneConnectivity.C(416,79): warning C4244:         ]
D:\cybermed\daddy\dependency\sdk-VTK-9.4.2\ThirdParty\ioss\vtkioss\Ioss_ZoneConnectivity.C(418,79): warning C4244: '=': '_Ty'에서 '_Ty'(으)로 변환하면서 데이터가 손실될 수 있습니다.
D:\cybermed\daddy\dependency\sdk-VTK-9.4.2\ThirdParty\ioss\vtkioss\Ioss_ZoneConnectivity.C(418,79): warning C4244:         with
D:\cybermed\daddy\dependency\sdk-VTK-9.4.2\ThirdParty\ioss\vtkioss\Ioss_ZoneConnectivity.C(418,79): warning C4244:         [
D:\cybermed\daddy\dependency\sdk-VTK-9.4.2\ThirdParty\ioss\vtkioss\Ioss_ZoneConnectivity.C(418,79): warning C4244:             _Ty=IOSS_ZC_INT
D:\cybermed\daddy\dependency\sdk-VTK-9.4.2\ThirdParty\ioss\vtkioss\Ioss_ZoneConnectivity.C(418,79): warning C4244:         ]
D:\cybermed\daddy\dependency\sdk-VTK-9.4.2\ThirdParty\ioss\vtkioss\Ioss_ZoneConnectivity.C(418,79): warning C4244:         and
D:\cybermed\daddy\dependency\sdk-VTK-9.4.2\ThirdParty\ioss\vtkioss\Ioss_ZoneConnectivity.C(418,79): warning C4244:         [
D:\cybermed\daddy\dependency\sdk-VTK-9.4.2\ThirdParty\ioss\vtkioss\Ioss_ZoneConnectivity.C(418,79): warning C4244:             _Ty=int
D:\cybermed\daddy\dependency\sdk-VTK-9.4.2\ThirdParty\ioss\vtkioss\Ioss_ZoneConnectivity.C(418,79): warning C4244:         ]
D:\cybermed\daddy\dependency\sdk-VTK-9.4.2\ThirdParty\ioss\vtkioss\Ioss_ZoneConnectivity.C(420,79): warning C4244: '=': '_Ty'에서 '_Ty'(으)로 변환하면서 데이터가 손실될 수 있습니다.
D:\cybermed\daddy\dependency\sdk-VTK-9.4.2\ThirdParty\ioss\vtkioss\Ioss_ZoneConnectivity.C(420,79): warning C4244:         with
D:\cybermed\daddy\dependency\sdk-VTK-9.4.2\ThirdParty\ioss\vtkioss\Ioss_ZoneConnectivity.C(420,79): warning C4244:         [
D:\cybermed\daddy\dependency\sdk-VTK-9.4.2\ThirdParty\ioss\vtkioss\Ioss_ZoneConnectivity.C(420,79): warning C4244:             _Ty=IOSS_ZC_INT
D:\cybermed\daddy\dependency\sdk-VTK-9.4.2\ThirdParty\ioss\vtkioss\Ioss_ZoneConnectivity.C(420,79): warning C4244:         ]
D:\cybermed\daddy\dependency\sdk-VTK-9.4.2\ThirdParty\ioss\vtkioss\Ioss_ZoneConnectivity.C(420,79): warning C4244:         and
D:\cybermed\daddy\dependency\sdk-VTK-9.4.2\ThirdParty\ioss\vtkioss\Ioss_ZoneConnectivity.C(420,79): warning C4244:         [
D:\cybermed\daddy\dependency\sdk-VTK-9.4.2\ThirdParty\ioss\vtkioss\Ioss_ZoneConnectivity.C(420,79): warning C4244:             _Ty=int
D:\cybermed\daddy\dependency\sdk-VTK-9.4.2\ThirdParty\ioss\vtkioss\Ioss_ZoneConnectivity.C(420,79): warning C4244:         ]
D:\cybermed\daddy\dependency\sdk-VTK-9.4.2\ThirdParty\ioss\vtkioss\Ioss_ZoneConnectivity.C(445,79): warning C4244: '=': '_Ty'에서 '_Ty'(으)로 변환하면서 데이터가 손실될 수 있습니다.
D:\cybermed\daddy\dependency\sdk-VTK-9.4.2\ThirdParty\ioss\vtkioss\Ioss_ZoneConnectivity.C(445,79): warning C4244:         with
D:\cybermed\daddy\dependency\sdk-VTK-9.4.2\ThirdParty\ioss\vtkioss\Ioss_ZoneConnectivity.C(445,79): warning C4244:         [
D:\cybermed\daddy\dependency\sdk-VTK-9.4.2\ThirdParty\ioss\vtkioss\Ioss_ZoneConnectivity.C(445,79): warning C4244:             _Ty=IOSS_ZC_INT
D:\cybermed\daddy\dependency\sdk-VTK-9.4.2\ThirdParty\ioss\vtkioss\Ioss_ZoneConnectivity.C(445,79): warning C4244:         ]
D:\cybermed\daddy\dependency\sdk-VTK-9.4.2\ThirdParty\ioss\vtkioss\Ioss_ZoneConnectivity.C(445,79): warning C4244:         and
D:\cybermed\daddy\dependency\sdk-VTK-9.4.2\ThirdParty\ioss\vtkioss\Ioss_ZoneConnectivity.C(445,79): warning C4244:         [
D:\cybermed\daddy\dependency\sdk-VTK-9.4.2\ThirdParty\ioss\vtkioss\Ioss_ZoneConnectivity.C(445,79): warning C4244:             _Ty=int
D:\cybermed\daddy\dependency\sdk-VTK-9.4.2\ThirdParty\ioss\vtkioss\Ioss_ZoneConnectivity.C(445,79): warning C4244:         ]
D:\cybermed\daddy\dependency\sdk-VTK-9.4.2\ThirdParty\ioss\vtkioss\Ioss_ZoneConnectivity.C(447,79): warning C4244: '=': '_Ty'에서 '_Ty'(으)로 변환하면서 데이터가 손실될 수 있습니다.
D:\cybermed\daddy\dependency\sdk-VTK-9.4.2\ThirdParty\ioss\vtkioss\Ioss_ZoneConnectivity.C(447,79): warning C4244:         with
D:\cybermed\daddy\dependency\sdk-VTK-9.4.2\ThirdParty\ioss\vtkioss\Ioss_ZoneConnectivity.C(447,79): warning C4244:         [
D:\cybermed\daddy\dependency\sdk-VTK-9.4.2\ThirdParty\ioss\vtkioss\Ioss_ZoneConnectivity.C(447,79): warning C4244:             _Ty=IOSS_ZC_INT
D:\cybermed\daddy\dependency\sdk-VTK-9.4.2\ThirdParty\ioss\vtkioss\Ioss_ZoneConnectivity.C(447,79): warning C4244:         ]
D:\cybermed\daddy\dependency\sdk-VTK-9.4.2\ThirdParty\ioss\vtkioss\Ioss_ZoneConnectivity.C(447,79): warning C4244:         and
D:\cybermed\daddy\dependency\sdk-VTK-9.4.2\ThirdParty\ioss\vtkioss\Ioss_ZoneConnectivity.C(447,79): warning C4244:         [
D:\cybermed\daddy\dependency\sdk-VTK-9.4.2\ThirdParty\ioss\vtkioss\Ioss_ZoneConnectivity.C(447,79): warning C4244:             _Ty=int
D:\cybermed\daddy\dependency\sdk-VTK-9.4.2\ThirdParty\ioss\vtkioss\Ioss_ZoneConnectivity.C(447,79): warning C4244:         ]
D:\cybermed\daddy\dependency\sdk-VTK-9.4.2\ThirdParty\ioss\vtkioss\Ioss_ZoneConnectivity.C(449,79): warning C4244: '=': '_Ty'에서 '_Ty'(으)로 변환하면서 데이터가 손실될 수 있습니다.
D:\cybermed\daddy\dependency\sdk-VTK-9.4.2\ThirdParty\ioss\vtkioss\Ioss_ZoneConnectivity.C(449,79): warning C4244:         with
D:\cybermed\daddy\dependency\sdk-VTK-9.4.2\ThirdParty\ioss\vtkioss\Ioss_ZoneConnectivity.C(449,79): warning C4244:         [
D:\cybermed\daddy\dependency\sdk-VTK-9.4.2\ThirdParty\ioss\vtkioss\Ioss_ZoneConnectivity.C(449,79): warning C4244:             _Ty=IOSS_ZC_INT
D:\cybermed\daddy\dependency\sdk-VTK-9.4.2\ThirdParty\ioss\vtkioss\Ioss_ZoneConnectivity.C(449,79): warning C4244:         ]
D:\cybermed\daddy\dependency\sdk-VTK-9.4.2\ThirdParty\ioss\vtkioss\Ioss_ZoneConnectivity.C(449,79): warning C4244:         and
D:\cybermed\daddy\dependency\sdk-VTK-9.4.2\ThirdParty\ioss\vtkioss\Ioss_ZoneConnectivity.C(449,79): warning C4244:         [
D:\cybermed\daddy\dependency\sdk-VTK-9.4.2\ThirdParty\ioss\vtkioss\Ioss_ZoneConnectivity.C(449,79): warning C4244:             _Ty=int
D:\cybermed\daddy\dependency\sdk-VTK-9.4.2\ThirdParty\ioss\vtkioss\Ioss_ZoneConnectivity.C(449,79): warning C4244:         ]
  tokenize.C
  Ioss_Beam2.C
  Ioss_Beam3.C
  Ioss_Beam4.C
  Ioss_Edge2.C
  Ioss_Edge2D2.C
  Ioss_Edge2D3.C
  Ioss_Edge3.C
  코드를 생성하고 있습니다...
  컴파일하고 있습니다...
  Ioss_Edge4.C
  Ioss_Hex8.C
  Ioss_Hex9.C
  Ioss_Hex16.C
  Ioss_Hex20.C
  Ioss_Hex27.C
  Ioss_Hex32.C
  Ioss_Hex64.C
  Ioss_Node.C
  Ioss_Pyramid5.C
  Ioss_Pyramid13.C
  Ioss_Pyramid14.C
  Ioss_Pyramid18.C
  Ioss_Pyramid19.C
  Ioss_Quad4.C
  Ioss_Quad6.C
  Ioss_Quad8.C
  Ioss_Quad9.C
  Ioss_Quad12.C
  Ioss_Quad16.C
  코드를 생성하고 있습니다...
  컴파일하고 있습니다...
  Ioss_Shell4.C
  Ioss_Shell8.C
  Ioss_Shell9.C
  Ioss_ShellLine2D2.C
  Ioss_ShellLine2D3.C
  Ioss_Sphere.C
  Ioss_Spring2.C
  Ioss_Spring3.C
  Ioss_Super.C
  Ioss_Tet4.C
  Ioss_Tet7.C
  Ioss_Tet8.C
  Ioss_Tet10.C
  Ioss_Tet11.C
  Ioss_Tet14.C
  Ioss_Tet15.C
  Ioss_Tet16.C
  Ioss_Tet40.C
  Ioss_Tri3.C
  Ioss_Tri4.C
  코드를 생성하고 있습니다...
  컴파일하고 있습니다...
  Ioss_Tri4a.C
  Ioss_Tri6.C
  Ioss_Tri7.C
  Ioss_Tri9.C
  Ioss_Tri13.C
  Ioss_TriShell3.C
  Ioss_TriShell4.C
  Ioss_TriShell6.C
  Ioss_TriShell7.C
  Ioss_Unknown.C
  Ioss_Wedge6.C
  Ioss_Wedge12.C
  Ioss_Wedge15.C
  Ioss_Wedge16.C
  Ioss_Wedge18.C
  Ioss_Wedge20.C
  Ioss_Wedge21.C
  Ioss_Wedge24.C
  Ioss_Wedge52.C
  Iogs_DatabaseIO.C
D:\cybermed\daddy\dependency\sdk-VTK-9.4.2\ThirdParty\ioss\vtkioss\gen_struc\Iogs_DatabaseIO.C(238,32): warning C4244: '초기화 중': 'int64_t'에서 'int'(으)로 변환하면서 데이터가 손실될 수 있습니다.
D:\cybermed\daddy\dependency\sdk-VTK-9.4.2\ThirdParty\ioss\vtkioss\gen_struc\Iogs_DatabaseIO.C(320,71): warning C4244: '=': '_Ty'에서 'int'(으)로 변환하면서 데이터가 손실될 수 있습니다.
D:\cybermed\daddy\dependency\sdk-VTK-9.4.2\ThirdParty\ioss\vtkioss\gen_struc\Iogs_DatabaseIO.C(320,71): warning C4244:         with
D:\cybermed\daddy\dependency\sdk-VTK-9.4.2\ThirdParty\ioss\vtkioss\gen_struc\Iogs_DatabaseIO.C(320,71): warning C4244:         [
D:\cybermed\daddy\dependency\sdk-VTK-9.4.2\ThirdParty\ioss\vtkioss\gen_struc\Iogs_DatabaseIO.C(320,71): warning C4244:             _Ty=int64_t
D:\cybermed\daddy\dependency\sdk-VTK-9.4.2\ThirdParty\ioss\vtkioss\gen_struc\Iogs_DatabaseIO.C(320,71): warning C4244:         ]
D:\cybermed\daddy\dependency\sdk-VTK-9.4.2\ThirdParty\ioss\vtkioss\gen_struc\Iogs_DatabaseIO.C(346,58): warning C4244: '=': '_Ty'에서 'int'(으)로 변환하면서 데이터가 손실될 수 있습니다.
D:\cybermed\daddy\dependency\sdk-VTK-9.4.2\ThirdParty\ioss\vtkioss\gen_struc\Iogs_DatabaseIO.C(346,58): warning C4244:         with
D:\cybermed\daddy\dependency\sdk-VTK-9.4.2\ThirdParty\ioss\vtkioss\gen_struc\Iogs_DatabaseIO.C(346,58): warning C4244:         [
D:\cybermed\daddy\dependency\sdk-VTK-9.4.2\ThirdParty\ioss\vtkioss\gen_struc\Iogs_DatabaseIO.C(346,58): warning C4244:             _Ty=int64_t
D:\cybermed\daddy\dependency\sdk-VTK-9.4.2\ThirdParty\ioss\vtkioss\gen_struc\Iogs_DatabaseIO.C(346,58): warning C4244:         ]
D:\cybermed\daddy\dependency\sdk-VTK-9.4.2\ThirdParty\ioss\vtkioss\gen_struc\Iogs_DatabaseIO.C(347,60): warning C4244: '=': '_Ty'에서 'int'(으)로 변환하면서 데이터가 손실될 수 있습니다.
D:\cybermed\daddy\dependency\sdk-VTK-9.4.2\ThirdParty\ioss\vtkioss\gen_struc\Iogs_DatabaseIO.C(347,60): warning C4244:         with
D:\cybermed\daddy\dependency\sdk-VTK-9.4.2\ThirdParty\ioss\vtkioss\gen_struc\Iogs_DatabaseIO.C(347,60): warning C4244:         [
D:\cybermed\daddy\dependency\sdk-VTK-9.4.2\ThirdParty\ioss\vtkioss\gen_struc\Iogs_DatabaseIO.C(347,60): warning C4244:             _Ty=int64_t
D:\cybermed\daddy\dependency\sdk-VTK-9.4.2\ThirdParty\ioss\vtkioss\gen_struc\Iogs_DatabaseIO.C(347,60): warning C4244:         ]
D:\cybermed\daddy\dependency\sdk-VTK-9.4.2\ThirdParty\ioss\vtkioss\gen_struc\Iogs_DatabaseIO.C(410,42): warning C4244: '=': '_Ty'에서 'int'(으)로 변환하면서 데이터가 손실될 수 있습니다.
D:\cybermed\daddy\dependency\sdk-VTK-9.4.2\ThirdParty\ioss\vtkioss\gen_struc\Iogs_DatabaseIO.C(410,42): warning C4244:         with
D:\cybermed\daddy\dependency\sdk-VTK-9.4.2\ThirdParty\ioss\vtkioss\gen_struc\Iogs_DatabaseIO.C(410,42): warning C4244:         [
D:\cybermed\daddy\dependency\sdk-VTK-9.4.2\ThirdParty\ioss\vtkioss\gen_struc\Iogs_DatabaseIO.C(410,42): warning C4244:             _Ty=int64_t
D:\cybermed\daddy\dependency\sdk-VTK-9.4.2\ThirdParty\ioss\vtkioss\gen_struc\Iogs_DatabaseIO.C(410,42): warning C4244:         ]
D:\cybermed\daddy\dependency\sdk-VTK-9.4.2\ThirdParty\ioss\vtkioss\gen_struc\Iogs_DatabaseIO.C(486,25): warning C4244: '초기화 중': 'int64_t'에서 'int'(으)로 변환하면서 데이터가 손실될 수 있습니다.
D:\cybermed\daddy\dependency\sdk-VTK-9.4.2\ThirdParty\ioss\vtkioss\gen_struc\Iogs_DatabaseIO.C(495,21): warning C4244: '초기화 중': 'int64_t'에서 'int'(으)로 변환하면서 데이터가 손실될 수 있습니다.
D:\cybermed\daddy\dependency\sdk-VTK-9.4.2\ThirdParty\ioss\vtkioss\gen_struc\Iogs_DatabaseIO.C(41,23): warning C4244: '=': 'int64_t'에서 'INT'(으)로 변환하면서 데이터가 손실될 수 있습니다.
D:\cybermed\daddy\dependency\sdk-VTK-9.4.2\ThirdParty\ioss\vtkioss\gen_struc\Iogs_DatabaseIO.C(41,23): warning C4244:         with
D:\cybermed\daddy\dependency\sdk-VTK-9.4.2\ThirdParty\ioss\vtkioss\gen_struc\Iogs_DatabaseIO.C(41,23): warning C4244:         [
D:\cybermed\daddy\dependency\sdk-VTK-9.4.2\ThirdParty\ioss\vtkioss\gen_struc\Iogs_DatabaseIO.C(41,23): warning C4244:             INT=int
D:\cybermed\daddy\dependency\sdk-VTK-9.4.2\ThirdParty\ioss\vtkioss\gen_struc\Iogs_DatabaseIO.C(41,23): warning C4244:         ]
      D:\cybermed\daddy\dependency\sdk-VTK-9.4.2\ThirdParty\ioss\vtkioss\gen_struc\Iogs_DatabaseIO.C(41,23):
      템플릿 인스턴스화 컨텍스트(가장 오래된 인스턴스화 컨텍스트)가
          D:\cybermed\daddy\dependency\sdk-VTK-9.4.2\ThirdParty\ioss\vtkioss\gen_struc\Iogs_DatabaseIO.C(415,13):
          컴파일되는 함수 템플릿 인스턴스화 'void `anonymous-namespace'::map_global_to_local<int>(const vtkioss_Ioss::Map &,size_t,size_t,INT *)'에 대한 참조를 확인하세요.
          with
          [
              INT=int
          ]
  
  코드를 생성하고 있습니다...
  컴파일하고 있습니다...
  Iogs_GeneratedMesh.C
D:\cybermed\daddy\dependency\sdk-VTK-9.4.2\ThirdParty\ioss\vtkioss\gen_struc\Iogs_GeneratedMesh.C(424,16): warning C4267: '초기화 중': 'size_t'에서 'int'(으)로 변환하면서 데이터가 손실될 수 있습니다.
D:\cybermed\daddy\dependency\sdk-VTK-9.4.2\ThirdParty\ioss\vtkioss\gen_struc\Iogs_GeneratedMesh.C(441,18): warning C4267: '=': 'size_t'에서 'int'(으)로 변환하면서 데이터가 손실될 수 있습니다.
D:\cybermed\daddy\dependency\sdk-VTK-9.4.2\ThirdParty\ioss\vtkioss\gen_struc\Iogs_GeneratedMesh.C(447,32): warning C4267: '=': 'size_t'에서 'int'(으)로 변환하면서 데이터가 손실될 수 있습니다.
D:\cybermed\daddy\dependency\sdk-VTK-9.4.2\ThirdParty\ioss\vtkioss\gen_struc\Iogs_GeneratedMesh.C(500,15): warning C4244: '초기화 중': 'int64_t'에서 'INT'(으)로 변환하면서 데이터가 손실될 수 있습니다.
D:\cybermed\daddy\dependency\sdk-VTK-9.4.2\ThirdParty\ioss\vtkioss\gen_struc\Iogs_GeneratedMesh.C(500,15): warning C4244:         with
D:\cybermed\daddy\dependency\sdk-VTK-9.4.2\ThirdParty\ioss\vtkioss\gen_struc\Iogs_GeneratedMesh.C(500,15): warning C4244:         [
D:\cybermed\daddy\dependency\sdk-VTK-9.4.2\ThirdParty\ioss\vtkioss\gen_struc\Iogs_GeneratedMesh.C(500,15): warning C4244:             INT=int
D:\cybermed\daddy\dependency\sdk-VTK-9.4.2\ThirdParty\ioss\vtkioss\gen_struc\Iogs_GeneratedMesh.C(500,15): warning C4244:         ]
      D:\cybermed\daddy\dependency\sdk-VTK-9.4.2\ThirdParty\ioss\vtkioss\gen_struc\Iogs_GeneratedMesh.C(500,15):
      템플릿 인스턴스화 컨텍스트(가장 오래된 인스턴스화 컨텍스트)가
          D:\cybermed\daddy\dependency\sdk-VTK-9.4.2\ThirdParty\ioss\vtkioss\gen_struc\Iogs_GeneratedMesh.C(492,5):
          컴파일되는 함수 템플릿 인스턴스화 'void vtkioss_Iogs::GeneratedMesh::raw_element_map<int>(int64_t,std::vector<int,std::allocator<int>> &) const'에 대한 참조를 확인하세요.
  
D:\cybermed\daddy\dependency\sdk-VTK-9.4.2\ThirdParty\ioss\vtkioss\gen_struc\Iogs_GeneratedMesh.C(505,38): warning C4244: '=': 'int64_t'에서 'INT'(으)로 변환하면서 데이터가 손실될 수 있습니다.
D:\cybermed\daddy\dependency\sdk-VTK-9.4.2\ThirdParty\ioss\vtkioss\gen_struc\Iogs_GeneratedMesh.C(505,38): warning C4244:         with
D:\cybermed\daddy\dependency\sdk-VTK-9.4.2\ThirdParty\ioss\vtkioss\gen_struc\Iogs_GeneratedMesh.C(505,38): warning C4244:         [
D:\cybermed\daddy\dependency\sdk-VTK-9.4.2\ThirdParty\ioss\vtkioss\gen_struc\Iogs_GeneratedMesh.C(505,38): warning C4244:             INT=int
D:\cybermed\daddy\dependency\sdk-VTK-9.4.2\ThirdParty\ioss\vtkioss\gen_struc\Iogs_GeneratedMesh.C(505,38): warning C4244:         ]
D:\cybermed\daddy\dependency\sdk-VTK-9.4.2\ThirdParty\ioss\vtkioss\gen_struc\Iogs_GeneratedMesh.C(506,18): warning C4267: '초기화 중': 'size_t'에서 'INT'(으)로 변환하면서 데이터가 손실될 수 있습니다.
D:\cybermed\daddy\dependency\sdk-VTK-9.4.2\ThirdParty\ioss\vtkioss\gen_struc\Iogs_GeneratedMesh.C(506,18): warning C4267:         with
D:\cybermed\daddy\dependency\sdk-VTK-9.4.2\ThirdParty\ioss\vtkioss\gen_struc\Iogs_GeneratedMesh.C(506,18): warning C4267:         [
D:\cybermed\daddy\dependency\sdk-VTK-9.4.2\ThirdParty\ioss\vtkioss\gen_struc\Iogs_GeneratedMesh.C(506,18): warning C4267:             INT=int
D:\cybermed\daddy\dependency\sdk-VTK-9.4.2\ThirdParty\ioss\vtkioss\gen_struc\Iogs_GeneratedMesh.C(506,18): warning C4267:         ]
D:\cybermed\daddy\dependency\sdk-VTK-9.4.2\ThirdParty\ioss\vtkioss\gen_struc\Iogs_GeneratedMesh.C(519,15): warning C4244: '초기화 중': 'int64_t'에서 'INT'(으)로 변환하면서 데이터가 손실될 수 있습니다.
D:\cybermed\daddy\dependency\sdk-VTK-9.4.2\ThirdParty\ioss\vtkioss\gen_struc\Iogs_GeneratedMesh.C(519,15): warning C4244:         with
D:\cybermed\daddy\dependency\sdk-VTK-9.4.2\ThirdParty\ioss\vtkioss\gen_struc\Iogs_GeneratedMesh.C(519,15): warning C4244:         [
D:\cybermed\daddy\dependency\sdk-VTK-9.4.2\ThirdParty\ioss\vtkioss\gen_struc\Iogs_GeneratedMesh.C(519,15): warning C4244:             INT=int
D:\cybermed\daddy\dependency\sdk-VTK-9.4.2\ThirdParty\ioss\vtkioss\gen_struc\Iogs_GeneratedMesh.C(519,15): warning C4244:         ]
      D:\cybermed\daddy\dependency\sdk-VTK-9.4.2\ThirdParty\ioss\vtkioss\gen_struc\Iogs_GeneratedMesh.C(519,15):
      템플릿 인스턴스화 컨텍스트(가장 오래된 인스턴스화 컨텍스트)가
          D:\cybermed\daddy\dependency\sdk-VTK-9.4.2\ThirdParty\ioss\vtkioss\gen_struc\Iogs_GeneratedMesh.C(515,65):
          컴파일되는 함수 템플릿 인스턴스화 'void vtkioss_Iogs::GeneratedMesh::raw_element_map<int>(std::vector<int,std::allocator<int>> &) const'에 대한 참조를 확인하세요.
  
D:\cybermed\daddy\dependency\sdk-VTK-9.4.2\ThirdParty\ioss\vtkioss\gen_struc\Iogs_GeneratedMesh.C(523,36): warning C4244: '=': 'int64_t'에서 'INT'(으)로 변환하면서 데이터가 손실될 수 있습니다.
D:\cybermed\daddy\dependency\sdk-VTK-9.4.2\ThirdParty\ioss\vtkioss\gen_struc\Iogs_GeneratedMesh.C(523,36): warning C4244:         with
D:\cybermed\daddy\dependency\sdk-VTK-9.4.2\ThirdParty\ioss\vtkioss\gen_struc\Iogs_GeneratedMesh.C(523,36): warning C4244:         [
D:\cybermed\daddy\dependency\sdk-VTK-9.4.2\ThirdParty\ioss\vtkioss\gen_struc\Iogs_GeneratedMesh.C(523,36): warning C4244:             INT=int
D:\cybermed\daddy\dependency\sdk-VTK-9.4.2\ThirdParty\ioss\vtkioss\gen_struc\Iogs_GeneratedMesh.C(523,36): warning C4244:         ]
D:\cybermed\daddy\dependency\sdk-VTK-9.4.2\ThirdParty\ioss\vtkioss\gen_struc\Iogs_GeneratedMesh.C(524,16): warning C4267: '초기화 중': 'size_t'에서 'INT'(으)로 변환하면서 데이터가 손실될 수 있습니다.
D:\cybermed\daddy\dependency\sdk-VTK-9.4.2\ThirdParty\ioss\vtkioss\gen_struc\Iogs_GeneratedMesh.C(524,16): warning C4267:         with
D:\cybermed\daddy\dependency\sdk-VTK-9.4.2\ThirdParty\ioss\vtkioss\gen_struc\Iogs_GeneratedMesh.C(524,16): warning C4267:         [
D:\cybermed\daddy\dependency\sdk-VTK-9.4.2\ThirdParty\ioss\vtkioss\gen_struc\Iogs_GeneratedMesh.C(524,16): warning C4267:             INT=int
D:\cybermed\daddy\dependency\sdk-VTK-9.4.2\ThirdParty\ioss\vtkioss\gen_struc\Iogs_GeneratedMesh.C(524,16): warning C4267:         ]
D:\cybermed\daddy\dependency\sdk-VTK-9.4.2\ThirdParty\ioss\vtkioss\gen_struc\Iogs_GeneratedMesh.C(790,16): warning C4267: '초기화 중': 'size_t'에서 'INT'(으)로 변환하면서 데이터가 손실될 수 있습니다.
D:\cybermed\daddy\dependency\sdk-VTK-9.4.2\ThirdParty\ioss\vtkioss\gen_struc\Iogs_GeneratedMesh.C(790,16): warning C4267:         with
D:\cybermed\daddy\dependency\sdk-VTK-9.4.2\ThirdParty\ioss\vtkioss\gen_struc\Iogs_GeneratedMesh.C(790,16): warning C4267:         [
D:\cybermed\daddy\dependency\sdk-VTK-9.4.2\ThirdParty\ioss\vtkioss\gen_struc\Iogs_GeneratedMesh.C(790,16): warning C4267:             INT=int
D:\cybermed\daddy\dependency\sdk-VTK-9.4.2\ThirdParty\ioss\vtkioss\gen_struc\Iogs_GeneratedMesh.C(790,16): warning C4267:         ]
      D:\cybermed\daddy\dependency\sdk-VTK-9.4.2\ThirdParty\ioss\vtkioss\gen_struc\Iogs_GeneratedMesh.C(790,16):
      템플릿 인스턴스화 컨텍스트(가장 오래된 인스턴스화 컨텍스트)가
          D:\cybermed\daddy\dependency\sdk-VTK-9.4.2\ThirdParty\ioss\vtkioss\gen_struc\Iogs_GeneratedMesh.C(772,5):
          컴파일되는 함수 템플릿 인스턴스화 'void vtkioss_Iogs::GeneratedMesh::raw_connectivity<T>(int64_t,INT *) const'에 대한 참조를 확인하세요.
          with
          [
              T=int,
              INT=int
          ]
  
D:\cybermed\daddy\dependency\sdk-VTK-9.4.2\ThirdParty\ioss\vtkioss\gen_struc\Iogs_GeneratedMesh.C(802,30): warning C4267: '=': 'size_t'에서 'INT'(으)로 변환하면서 데이터가 손실될 수 있습니다.
D:\cybermed\daddy\dependency\sdk-VTK-9.4.2\ThirdParty\ioss\vtkioss\gen_struc\Iogs_GeneratedMesh.C(802,30): warning C4267:         with
D:\cybermed\daddy\dependency\sdk-VTK-9.4.2\ThirdParty\ioss\vtkioss\gen_struc\Iogs_GeneratedMesh.C(802,30): warning C4267:         [
D:\cybermed\daddy\dependency\sdk-VTK-9.4.2\ThirdParty\ioss\vtkioss\gen_struc\Iogs_GeneratedMesh.C(802,30): warning C4267:             INT=int
D:\cybermed\daddy\dependency\sdk-VTK-9.4.2\ThirdParty\ioss\vtkioss\gen_struc\Iogs_GeneratedMesh.C(802,30): warning C4267:         ]
D:\cybermed\daddy\dependency\sdk-VTK-9.4.2\ThirdParty\ioss\vtkioss\gen_struc\Iogs_GeneratedMesh.C(803,35): warning C4267: '=': 'size_t'에서 'INT'(으)로 변환하면서 데이터가 손실될 수 있습니다.
D:\cybermed\daddy\dependency\sdk-VTK-9.4.2\ThirdParty\ioss\vtkioss\gen_struc\Iogs_GeneratedMesh.C(803,35): warning C4267:         with
D:\cybermed\daddy\dependency\sdk-VTK-9.4.2\ThirdParty\ioss\vtkioss\gen_struc\Iogs_GeneratedMesh.C(803,35): warning C4267:         [
D:\cybermed\daddy\dependency\sdk-VTK-9.4.2\ThirdParty\ioss\vtkioss\gen_struc\Iogs_GeneratedMesh.C(803,35): warning C4267:             INT=int
D:\cybermed\daddy\dependency\sdk-VTK-9.4.2\ThirdParty\ioss\vtkioss\gen_struc\Iogs_GeneratedMesh.C(803,35): warning C4267:         ]
D:\cybermed\daddy\dependency\sdk-VTK-9.4.2\ThirdParty\ioss\vtkioss\gen_struc\Iogs_GeneratedMesh.C(804,42): warning C4267: '=': 'size_t'에서 'INT'(으)로 변환하면서 데이터가 손실될 수 있습니다.
D:\cybermed\daddy\dependency\sdk-VTK-9.4.2\ThirdParty\ioss\vtkioss\gen_struc\Iogs_GeneratedMesh.C(804,42): warning C4267:         with
D:\cybermed\daddy\dependency\sdk-VTK-9.4.2\ThirdParty\ioss\vtkioss\gen_struc\Iogs_GeneratedMesh.C(804,42): warning C4267:         [
D:\cybermed\daddy\dependency\sdk-VTK-9.4.2\ThirdParty\ioss\vtkioss\gen_struc\Iogs_GeneratedMesh.C(804,42): warning C4267:             INT=int
D:\cybermed\daddy\dependency\sdk-VTK-9.4.2\ThirdParty\ioss\vtkioss\gen_struc\Iogs_GeneratedMesh.C(804,42): warning C4267:         ]
D:\cybermed\daddy\dependency\sdk-VTK-9.4.2\ThirdParty\ioss\vtkioss\gen_struc\Iogs_GeneratedMesh.C(805,42): warning C4267: '=': 'size_t'에서 'INT'(으)로 변환하면서 데이터가 손실될 수 있습니다.
D:\cybermed\daddy\dependency\sdk-VTK-9.4.2\ThirdParty\ioss\vtkioss\gen_struc\Iogs_GeneratedMesh.C(805,42): warning C4267:         with
D:\cybermed\daddy\dependency\sdk-VTK-9.4.2\ThirdParty\ioss\vtkioss\gen_struc\Iogs_GeneratedMesh.C(805,42): warning C4267:         [
D:\cybermed\daddy\dependency\sdk-VTK-9.4.2\ThirdParty\ioss\vtkioss\gen_struc\Iogs_GeneratedMesh.C(805,42): warning C4267:             INT=int
D:\cybermed\daddy\dependency\sdk-VTK-9.4.2\ThirdParty\ioss\vtkioss\gen_struc\Iogs_GeneratedMesh.C(805,42): warning C4267:         ]
D:\cybermed\daddy\dependency\sdk-VTK-9.4.2\ThirdParty\ioss\vtkioss\gen_struc\Iogs_GeneratedMesh.C(807,37): warning C4267: '=': 'size_t'에서 'INT'(으)로 변환하면서 데이터가 손실될 수 있습니다.
D:\cybermed\daddy\dependency\sdk-VTK-9.4.2\ThirdParty\ioss\vtkioss\gen_struc\Iogs_GeneratedMesh.C(807,37): warning C4267:         with
D:\cybermed\daddy\dependency\sdk-VTK-9.4.2\ThirdParty\ioss\vtkioss\gen_struc\Iogs_GeneratedMesh.C(807,37): warning C4267:         [
D:\cybermed\daddy\dependency\sdk-VTK-9.4.2\ThirdParty\ioss\vtkioss\gen_struc\Iogs_GeneratedMesh.C(807,37): warning C4267:             INT=int
D:\cybermed\daddy\dependency\sdk-VTK-9.4.2\ThirdParty\ioss\vtkioss\gen_struc\Iogs_GeneratedMesh.C(807,37): warning C4267:         ]
D:\cybermed\daddy\dependency\sdk-VTK-9.4.2\ThirdParty\ioss\vtkioss\gen_struc\Iogs_GeneratedMesh.C(808,44): warning C4267: '=': 'size_t'에서 'INT'(으)로 변환하면서 데이터가 손실될 수 있습니다.
D:\cybermed\daddy\dependency\sdk-VTK-9.4.2\ThirdParty\ioss\vtkioss\gen_struc\Iogs_GeneratedMesh.C(808,44): warning C4267:         with
D:\cybermed\daddy\dependency\sdk-VTK-9.4.2\ThirdParty\ioss\vtkioss\gen_struc\Iogs_GeneratedMesh.C(808,44): warning C4267:         [
D:\cybermed\daddy\dependency\sdk-VTK-9.4.2\ThirdParty\ioss\vtkioss\gen_struc\Iogs_GeneratedMesh.C(808,44): warning C4267:             INT=int
D:\cybermed\daddy\dependency\sdk-VTK-9.4.2\ThirdParty\ioss\vtkioss\gen_struc\Iogs_GeneratedMesh.C(808,44): warning C4267:         ]
D:\cybermed\daddy\dependency\sdk-VTK-9.4.2\ThirdParty\ioss\vtkioss\gen_struc\Iogs_GeneratedMesh.C(809,51): warning C4267: '=': 'size_t'에서 'INT'(으)로 변환하면서 데이터가 손실될 수 있습니다.
D:\cybermed\daddy\dependency\sdk-VTK-9.4.2\ThirdParty\ioss\vtkioss\gen_struc\Iogs_GeneratedMesh.C(809,51): warning C4267:         with
D:\cybermed\daddy\dependency\sdk-VTK-9.4.2\ThirdParty\ioss\vtkioss\gen_struc\Iogs_GeneratedMesh.C(809,51): warning C4267:         [
D:\cybermed\daddy\dependency\sdk-VTK-9.4.2\ThirdParty\ioss\vtkioss\gen_struc\Iogs_GeneratedMesh.C(809,51): warning C4267:             INT=int
D:\cybermed\daddy\dependency\sdk-VTK-9.4.2\ThirdParty\ioss\vtkioss\gen_struc\Iogs_GeneratedMesh.C(809,51): warning C4267:         ]
D:\cybermed\daddy\dependency\sdk-VTK-9.4.2\ThirdParty\ioss\vtkioss\gen_struc\Iogs_GeneratedMesh.C(810,51): warning C4267: '=': 'size_t'에서 'INT'(으)로 변환하면서 데이터가 손실될 수 있습니다.
D:\cybermed\daddy\dependency\sdk-VTK-9.4.2\ThirdParty\ioss\vtkioss\gen_struc\Iogs_GeneratedMesh.C(810,51): warning C4267:         with
D:\cybermed\daddy\dependency\sdk-VTK-9.4.2\ThirdParty\ioss\vtkioss\gen_struc\Iogs_GeneratedMesh.C(810,51): warning C4267:         [
D:\cybermed\daddy\dependency\sdk-VTK-9.4.2\ThirdParty\ioss\vtkioss\gen_struc\Iogs_GeneratedMesh.C(810,51): warning C4267:             INT=int
D:\cybermed\daddy\dependency\sdk-VTK-9.4.2\ThirdParty\ioss\vtkioss\gen_struc\Iogs_GeneratedMesh.C(810,51): warning C4267:         ]
  Iogn_DashSurfaceMesh.C
D:\cybermed\daddy\dependency\sdk-VTK-9.4.2\ThirdParty\ioss\vtkioss\generated\Iogn_DashSurfaceMesh.C(157,14): warning C4244: '초기화 중': 'int64_t'에서 'int'(으)로 변환하면서 데이터가 손실될 수 있습니다.
D:\cybermed\daddy\dependency\sdk-VTK-9.4.2\ThirdParty\ioss\vtkioss\generated\Iogn_DashSurfaceMesh.C(167,14): warning C4244: '초기화 중': 'int64_t'에서 'int'(으)로 변환하면서 데이터가 손실될 수 있습니다.
D:\cybermed\daddy\dependency\sdk-VTK-9.4.2\ThirdParty\ioss\vtkioss\generated\Iogn_DashSurfaceMesh.C(370,14): warning C4244: '초기화 중': 'int64_t'에서 'int'(으)로 변환하면서 데이터가 손실될 수 있습니다.
D:\cybermed\daddy\dependency\sdk-VTK-9.4.2\ThirdParty\ioss\vtkioss\generated\Iogn_DashSurfaceMesh.C(380,14): warning C4244: '초기화 중': 'int64_t'에서 'int'(으)로 변환하면서 데이터가 손실될 수 있습니다.
  Iogn_DatabaseIO.C
  Iogn_GeneratedMesh.C
D:\cybermed\daddy\dependency\sdk-VTK-9.4.2\ThirdParty\ioss\vtkioss\generated\Iogn_GeneratedMesh.C(345,36): warning C4244: '=': 'unsigned __int64'에서 'int'(으)로 변환하면서 데이터가 손실될 수 있습니다.
D:\cybermed\daddy\dependency\sdk-VTK-9.4.2\ThirdParty\ioss\vtkioss\generated\Iogn_GeneratedMesh.C(368,29): warning C4244: '초기화 중': 'unsigned __int64'에서 'int'(으)로 변환하면서 데이터가 손실될 수 있습니다.
D:\cybermed\daddy\dependency\sdk-VTK-9.4.2\ThirdParty\ioss\vtkioss\generated\Iogn_GeneratedMesh.C(658,16): warning C4244: '초기화 중': 'int64_t'에서 'int'(으)로 변환하면서 데이터가 손실될 수 있습니다.
D:\cybermed\daddy\dependency\sdk-VTK-9.4.2\ThirdParty\ioss\vtkioss\generated\Iogn_GeneratedMesh.C(734,15): warning C4244: '초기화 중': 'int64_t'에서 'INT'(으)로 변환하면서 데이터가 손실될 수 있습니다.
D:\cybermed\daddy\dependency\sdk-VTK-9.4.2\ThirdParty\ioss\vtkioss\generated\Iogn_GeneratedMesh.C(734,15): warning C4244:         with
D:\cybermed\daddy\dependency\sdk-VTK-9.4.2\ThirdParty\ioss\vtkioss\generated\Iogn_GeneratedMesh.C(734,15): warning C4244:         [
D:\cybermed\daddy\dependency\sdk-VTK-9.4.2\ThirdParty\ioss\vtkioss\generated\Iogn_GeneratedMesh.C(734,15): warning C4244:             INT=int
D:\cybermed\daddy\dependency\sdk-VTK-9.4.2\ThirdParty\ioss\vtkioss\generated\Iogn_GeneratedMesh.C(734,15): warning C4244:         ]
      D:\cybermed\daddy\dependency\sdk-VTK-9.4.2\ThirdParty\ioss\vtkioss\generated\Iogn_GeneratedMesh.C(734,15):
      템플릿 인스턴스화 컨텍스트(가장 오래된 인스턴스화 컨텍스트)가
          D:\cybermed\daddy\dependency\sdk-VTK-9.4.2\ThirdParty\ioss\vtkioss\generated\Iogn_GeneratedMesh.C(726,5):
          컴파일되는 함수 템플릿 인스턴스화 'void vtkioss_Iogn::GeneratedMesh::raw_element_map<int>(int64_t,std::vector<int,std::allocator<int>> &) const'에 대한 참조를 확인하세요.
  
D:\cybermed\daddy\dependency\sdk-VTK-9.4.2\ThirdParty\ioss\vtkioss\generated\Iogn_GeneratedMesh.C(740,38): warning C4244: '=': 'int64_t'에서 'INT'(으)로 변환하면서 데이터가 손실될 수 있습니다.
D:\cybermed\daddy\dependency\sdk-VTK-9.4.2\ThirdParty\ioss\vtkioss\generated\Iogn_GeneratedMesh.C(740,38): warning C4244:         with
D:\cybermed\daddy\dependency\sdk-VTK-9.4.2\ThirdParty\ioss\vtkioss\generated\Iogn_GeneratedMesh.C(740,38): warning C4244:         [
D:\cybermed\daddy\dependency\sdk-VTK-9.4.2\ThirdParty\ioss\vtkioss\generated\Iogn_GeneratedMesh.C(740,38): warning C4244:             INT=int
D:\cybermed\daddy\dependency\sdk-VTK-9.4.2\ThirdParty\ioss\vtkioss\generated\Iogn_GeneratedMesh.C(740,38): warning C4244:         ]
D:\cybermed\daddy\dependency\sdk-VTK-9.4.2\ThirdParty\ioss\vtkioss\generated\Iogn_GeneratedMesh.C(741,18): warning C4244: '초기화 중': 'int64_t'에서 'INT'(으)로 변환하면서 데이터가 손실될 수 있습니다.
D:\cybermed\daddy\dependency\sdk-VTK-9.4.2\ThirdParty\ioss\vtkioss\generated\Iogn_GeneratedMesh.C(741,18): warning C4244:         with
D:\cybermed\daddy\dependency\sdk-VTK-9.4.2\ThirdParty\ioss\vtkioss\generated\Iogn_GeneratedMesh.C(741,18): warning C4244:         [
D:\cybermed\daddy\dependency\sdk-VTK-9.4.2\ThirdParty\ioss\vtkioss\generated\Iogn_GeneratedMesh.C(741,18): warning C4244:             INT=int
D:\cybermed\daddy\dependency\sdk-VTK-9.4.2\ThirdParty\ioss\vtkioss\generated\Iogn_GeneratedMesh.C(741,18): warning C4244:         ]
D:\cybermed\daddy\dependency\sdk-VTK-9.4.2\ThirdParty\ioss\vtkioss\generated\Iogn_GeneratedMesh.C(747,17): warning C4244: '초기화 중': 'int64_t'에서 'INT'(으)로 변환하면서 데이터가 손실될 수 있습니다.
D:\cybermed\daddy\dependency\sdk-VTK-9.4.2\ThirdParty\ioss\vtkioss\generated\Iogn_GeneratedMesh.C(747,17): warning C4244:         with
D:\cybermed\daddy\dependency\sdk-VTK-9.4.2\ThirdParty\ioss\vtkioss\generated\Iogn_GeneratedMesh.C(747,17): warning C4244:         [
D:\cybermed\daddy\dependency\sdk-VTK-9.4.2\ThirdParty\ioss\vtkioss\generated\Iogn_GeneratedMesh.C(747,17): warning C4244:             INT=int
D:\cybermed\daddy\dependency\sdk-VTK-9.4.2\ThirdParty\ioss\vtkioss\generated\Iogn_GeneratedMesh.C(747,17): warning C4244:         ]
D:\cybermed\daddy\dependency\sdk-VTK-9.4.2\ThirdParty\ioss\vtkioss\generated\Iogn_GeneratedMesh.C(752,38): warning C4244: '=': 'int64_t'에서 'INT'(으)로 변환하면서 데이터가 손실될 수 있습니다.
D:\cybermed\daddy\dependency\sdk-VTK-9.4.2\ThirdParty\ioss\vtkioss\generated\Iogn_GeneratedMesh.C(752,38): warning C4244:         with
D:\cybermed\daddy\dependency\sdk-VTK-9.4.2\ThirdParty\ioss\vtkioss\generated\Iogn_GeneratedMesh.C(752,38): warning C4244:         [
D:\cybermed\daddy\dependency\sdk-VTK-9.4.2\ThirdParty\ioss\vtkioss\generated\Iogn_GeneratedMesh.C(752,38): warning C4244:             INT=int
D:\cybermed\daddy\dependency\sdk-VTK-9.4.2\ThirdParty\ioss\vtkioss\generated\Iogn_GeneratedMesh.C(752,38): warning C4244:         ]
D:\cybermed\daddy\dependency\sdk-VTK-9.4.2\ThirdParty\ioss\vtkioss\generated\Iogn_GeneratedMesh.C(759,45): warning C4244: '=': 'int64_t'에서 'INT'(으)로 변환하면서 데이터가 손실될 수 있습니다.
D:\cybermed\daddy\dependency\sdk-VTK-9.4.2\ThirdParty\ioss\vtkioss\generated\Iogn_GeneratedMesh.C(759,45): warning C4244:         with
D:\cybermed\daddy\dependency\sdk-VTK-9.4.2\ThirdParty\ioss\vtkioss\generated\Iogn_GeneratedMesh.C(759,45): warning C4244:         [
D:\cybermed\daddy\dependency\sdk-VTK-9.4.2\ThirdParty\ioss\vtkioss\generated\Iogn_GeneratedMesh.C(759,45): warning C4244:             INT=int
D:\cybermed\daddy\dependency\sdk-VTK-9.4.2\ThirdParty\ioss\vtkioss\generated\Iogn_GeneratedMesh.C(759,45): warning C4244:         ]
D:\cybermed\daddy\dependency\sdk-VTK-9.4.2\ThirdParty\ioss\vtkioss\generated\Iogn_GeneratedMesh.C(762,45): warning C4244: '=': 'int64_t'에서 'INT'(으)로 변환하면서 데이터가 손실될 수 있습니다.
D:\cybermed\daddy\dependency\sdk-VTK-9.4.2\ThirdParty\ioss\vtkioss\generated\Iogn_GeneratedMesh.C(762,45): warning C4244:         with
D:\cybermed\daddy\dependency\sdk-VTK-9.4.2\ThirdParty\ioss\vtkioss\generated\Iogn_GeneratedMesh.C(762,45): warning C4244:         [
D:\cybermed\daddy\dependency\sdk-VTK-9.4.2\ThirdParty\ioss\vtkioss\generated\Iogn_GeneratedMesh.C(762,45): warning C4244:             INT=int
D:\cybermed\daddy\dependency\sdk-VTK-9.4.2\ThirdParty\ioss\vtkioss\generated\Iogn_GeneratedMesh.C(762,45): warning C4244:         ]
D:\cybermed\daddy\dependency\sdk-VTK-9.4.2\ThirdParty\ioss\vtkioss\generated\Iogn_GeneratedMesh.C(772,33): warning C4244: '+=': 'int64_t'에서 'INT'(으)로 변환하면서 데이터가 손실될 수 있습니다.
D:\cybermed\daddy\dependency\sdk-VTK-9.4.2\ThirdParty\ioss\vtkioss\generated\Iogn_GeneratedMesh.C(772,33): warning C4244:         with
D:\cybermed\daddy\dependency\sdk-VTK-9.4.2\ThirdParty\ioss\vtkioss\generated\Iogn_GeneratedMesh.C(772,33): warning C4244:         [
D:\cybermed\daddy\dependency\sdk-VTK-9.4.2\ThirdParty\ioss\vtkioss\generated\Iogn_GeneratedMesh.C(772,33): warning C4244:             INT=int
D:\cybermed\daddy\dependency\sdk-VTK-9.4.2\ThirdParty\ioss\vtkioss\generated\Iogn_GeneratedMesh.C(772,33): warning C4244:         ]
D:\cybermed\daddy\dependency\sdk-VTK-9.4.2\ThirdParty\ioss\vtkioss\generated\Iogn_GeneratedMesh.C(785,15): warning C4244: '초기화 중': 'int64_t'에서 'INT'(으)로 변환하면서 데이터가 손실될 수 있습니다.
D:\cybermed\daddy\dependency\sdk-VTK-9.4.2\ThirdParty\ioss\vtkioss\generated\Iogn_GeneratedMesh.C(785,15): warning C4244:         with
D:\cybermed\daddy\dependency\sdk-VTK-9.4.2\ThirdParty\ioss\vtkioss\generated\Iogn_GeneratedMesh.C(785,15): warning C4244:         [
D:\cybermed\daddy\dependency\sdk-VTK-9.4.2\ThirdParty\ioss\vtkioss\generated\Iogn_GeneratedMesh.C(785,15): warning C4244:             INT=int
D:\cybermed\daddy\dependency\sdk-VTK-9.4.2\ThirdParty\ioss\vtkioss\generated\Iogn_GeneratedMesh.C(785,15): warning C4244:         ]
      D:\cybermed\daddy\dependency\sdk-VTK-9.4.2\ThirdParty\ioss\vtkioss\generated\Iogn_GeneratedMesh.C(785,15):
      템플릿 인스턴스화 컨텍스트(가장 오래된 인스턴스화 컨텍스트)가
          D:\cybermed\daddy\dependency\sdk-VTK-9.4.2\ThirdParty\ioss\vtkioss\generated\Iogn_GeneratedMesh.C(780,65):
          컴파일되는 함수 템플릿 인스턴스화 'void vtkioss_Iogn::GeneratedMesh::raw_element_map<int>(std::vector<int,std::allocator<int>> &) const'에 대한 참조를 확인하세요.
  
D:\cybermed\daddy\dependency\sdk-VTK-9.4.2\ThirdParty\ioss\vtkioss\generated\Iogn_GeneratedMesh.C(789,36): warning C4244: '=': 'int64_t'에서 'INT'(으)로 변환하면서 데이터가 손실될 수 있습니다.
D:\cybermed\daddy\dependency\sdk-VTK-9.4.2\ThirdParty\ioss\vtkioss\generated\Iogn_GeneratedMesh.C(789,36): warning C4244:         with
D:\cybermed\daddy\dependency\sdk-VTK-9.4.2\ThirdParty\ioss\vtkioss\generated\Iogn_GeneratedMesh.C(789,36): warning C4244:         [
D:\cybermed\daddy\dependency\sdk-VTK-9.4.2\ThirdParty\ioss\vtkioss\generated\Iogn_GeneratedMesh.C(789,36): warning C4244:             INT=int
D:\cybermed\daddy\dependency\sdk-VTK-9.4.2\ThirdParty\ioss\vtkioss\generated\Iogn_GeneratedMesh.C(789,36): warning C4244:         ]
D:\cybermed\daddy\dependency\sdk-VTK-9.4.2\ThirdParty\ioss\vtkioss\generated\Iogn_GeneratedMesh.C(790,16): warning C4244: '초기화 중': 'int64_t'에서 'INT'(으)로 변환하면서 데이터가 손실될 수 있습니다.
D:\cybermed\daddy\dependency\sdk-VTK-9.4.2\ThirdParty\ioss\vtkioss\generated\Iogn_GeneratedMesh.C(790,16): warning C4244:         with
D:\cybermed\daddy\dependency\sdk-VTK-9.4.2\ThirdParty\ioss\vtkioss\generated\Iogn_GeneratedMesh.C(790,16): warning C4244:         [
D:\cybermed\daddy\dependency\sdk-VTK-9.4.2\ThirdParty\ioss\vtkioss\generated\Iogn_GeneratedMesh.C(790,16): warning C4244:             INT=int
D:\cybermed\daddy\dependency\sdk-VTK-9.4.2\ThirdParty\ioss\vtkioss\generated\Iogn_GeneratedMesh.C(790,16): warning C4244:         ]
D:\cybermed\daddy\dependency\sdk-VTK-9.4.2\ThirdParty\ioss\vtkioss\generated\Iogn_GeneratedMesh.C(795,15): warning C4244: '초기화 중': 'int64_t'에서 'INT'(으)로 변환하면서 데이터가 손실될 수 있습니다.
D:\cybermed\daddy\dependency\sdk-VTK-9.4.2\ThirdParty\ioss\vtkioss\generated\Iogn_GeneratedMesh.C(795,15): warning C4244:         with
D:\cybermed\daddy\dependency\sdk-VTK-9.4.2\ThirdParty\ioss\vtkioss\generated\Iogn_GeneratedMesh.C(795,15): warning C4244:         [
D:\cybermed\daddy\dependency\sdk-VTK-9.4.2\ThirdParty\ioss\vtkioss\generated\Iogn_GeneratedMesh.C(795,15): warning C4244:             INT=int
D:\cybermed\daddy\dependency\sdk-VTK-9.4.2\ThirdParty\ioss\vtkioss\generated\Iogn_GeneratedMesh.C(795,15): warning C4244:         ]
D:\cybermed\daddy\dependency\sdk-VTK-9.4.2\ThirdParty\ioss\vtkioss\generated\Iogn_GeneratedMesh.C(800,45): warning C4244: '=': 'int64_t'에서 'INT'(으)로 변환하면서 데이터가 손실될 수 있습니다.
D:\cybermed\daddy\dependency\sdk-VTK-9.4.2\ThirdParty\ioss\vtkioss\generated\Iogn_GeneratedMesh.C(800,45): warning C4244:         with
D:\cybermed\daddy\dependency\sdk-VTK-9.4.2\ThirdParty\ioss\vtkioss\generated\Iogn_GeneratedMesh.C(800,45): warning C4244:         [
D:\cybermed\daddy\dependency\sdk-VTK-9.4.2\ThirdParty\ioss\vtkioss\generated\Iogn_GeneratedMesh.C(800,45): warning C4244:             INT=int
D:\cybermed\daddy\dependency\sdk-VTK-9.4.2\ThirdParty\ioss\vtkioss\generated\Iogn_GeneratedMesh.C(800,45): warning C4244:         ]
D:\cybermed\daddy\dependency\sdk-VTK-9.4.2\ThirdParty\ioss\vtkioss\generated\Iogn_GeneratedMesh.C(806,42): warning C4244: '=': 'int64_t'에서 'INT'(으)로 변환하면서 데이터가 손실될 수 있습니다.
D:\cybermed\daddy\dependency\sdk-VTK-9.4.2\ThirdParty\ioss\vtkioss\generated\Iogn_GeneratedMesh.C(806,42): warning C4244:         with
D:\cybermed\daddy\dependency\sdk-VTK-9.4.2\ThirdParty\ioss\vtkioss\generated\Iogn_GeneratedMesh.C(806,42): warning C4244:         [
D:\cybermed\daddy\dependency\sdk-VTK-9.4.2\ThirdParty\ioss\vtkioss\generated\Iogn_GeneratedMesh.C(806,42): warning C4244:             INT=int
D:\cybermed\daddy\dependency\sdk-VTK-9.4.2\ThirdParty\ioss\vtkioss\generated\Iogn_GeneratedMesh.C(806,42): warning C4244:         ]
D:\cybermed\daddy\dependency\sdk-VTK-9.4.2\ThirdParty\ioss\vtkioss\generated\Iogn_GeneratedMesh.C(809,42): warning C4244: '=': 'int64_t'에서 'INT'(으)로 변환하면서 데이터가 손실될 수 있습니다.
D:\cybermed\daddy\dependency\sdk-VTK-9.4.2\ThirdParty\ioss\vtkioss\generated\Iogn_GeneratedMesh.C(809,42): warning C4244:         with
D:\cybermed\daddy\dependency\sdk-VTK-9.4.2\ThirdParty\ioss\vtkioss\generated\Iogn_GeneratedMesh.C(809,42): warning C4244:         [
D:\cybermed\daddy\dependency\sdk-VTK-9.4.2\ThirdParty\ioss\vtkioss\generated\Iogn_GeneratedMesh.C(809,42): warning C4244:             INT=int
D:\cybermed\daddy\dependency\sdk-VTK-9.4.2\ThirdParty\ioss\vtkioss\generated\Iogn_GeneratedMesh.C(809,42): warning C4244:         ]
D:\cybermed\daddy\dependency\sdk-VTK-9.4.2\ThirdParty\ioss\vtkioss\generated\Iogn_GeneratedMesh.C(817,29): warning C4244: '+=': 'int64_t'에서 'INT'(으)로 변환하면서 데이터가 손실될 수 있습니다.
D:\cybermed\daddy\dependency\sdk-VTK-9.4.2\ThirdParty\ioss\vtkioss\generated\Iogn_GeneratedMesh.C(817,29): warning C4244:         with
D:\cybermed\daddy\dependency\sdk-VTK-9.4.2\ThirdParty\ioss\vtkioss\generated\Iogn_GeneratedMesh.C(817,29): warning C4244:         [
D:\cybermed\daddy\dependency\sdk-VTK-9.4.2\ThirdParty\ioss\vtkioss\generated\Iogn_GeneratedMesh.C(817,29): warning C4244:             INT=int
D:\cybermed\daddy\dependency\sdk-VTK-9.4.2\ThirdParty\ioss\vtkioss\generated\Iogn_GeneratedMesh.C(817,29): warning C4244:         ]
D:\cybermed\daddy\dependency\sdk-VTK-9.4.2\ThirdParty\ioss\vtkioss\generated\Iogn_GeneratedMesh.C(1263,16): warning C4244: '초기화 중': 'int64_t'에서 'INT'(으)로 변환하면서 데이터가 손실될 수 있습니다.
D:\cybermed\daddy\dependency\sdk-VTK-9.4.2\ThirdParty\ioss\vtkioss\generated\Iogn_GeneratedMesh.C(1263,16): warning C4244:         with
D:\cybermed\daddy\dependency\sdk-VTK-9.4.2\ThirdParty\ioss\vtkioss\generated\Iogn_GeneratedMesh.C(1263,16): warning C4244:         [
D:\cybermed\daddy\dependency\sdk-VTK-9.4.2\ThirdParty\ioss\vtkioss\generated\Iogn_GeneratedMesh.C(1263,16): warning C4244:             INT=int
D:\cybermed\daddy\dependency\sdk-VTK-9.4.2\ThirdParty\ioss\vtkioss\generated\Iogn_GeneratedMesh.C(1263,16): warning C4244:         ]
      D:\cybermed\daddy\dependency\sdk-VTK-9.4.2\ThirdParty\ioss\vtkioss\generated\Iogn_GeneratedMesh.C(1263,16):
      템플릿 인스턴스화 컨텍스트(가장 오래된 인스턴스화 컨텍스트)가
          D:\cybermed\daddy\dependency\sdk-VTK-9.4.2\ThirdParty\ioss\vtkioss\generated\Iogn_GeneratedMesh.C(1245,5):
          컴파일되는 함수 템플릿 인스턴스화 'void vtkioss_Iogn::GeneratedMesh::raw_connectivity<T>(int64_t,INT *) const'에 대한 참조를 확인하세요.
          with
          [
              T=int,
              INT=int
          ]
  
D:\cybermed\daddy\dependency\sdk-VTK-9.4.2\ThirdParty\ioss\vtkioss\generated\Iogn_GeneratedMesh.C(1280,29): warning C4244: '=': 'int64_t'에서 'INT'(으)로 변환하면서 데이터가 손실될 수 있습니다.
D:\cybermed\daddy\dependency\sdk-VTK-9.4.2\ThirdParty\ioss\vtkioss\generated\Iogn_GeneratedMesh.C(1280,29): warning C4244:         with
D:\cybermed\daddy\dependency\sdk-VTK-9.4.2\ThirdParty\ioss\vtkioss\generated\Iogn_GeneratedMesh.C(1280,29): warning C4244:         [
D:\cybermed\daddy\dependency\sdk-VTK-9.4.2\ThirdParty\ioss\vtkioss\generated\Iogn_GeneratedMesh.C(1280,29): warning C4244:             INT=int
D:\cybermed\daddy\dependency\sdk-VTK-9.4.2\ThirdParty\ioss\vtkioss\generated\Iogn_GeneratedMesh.C(1280,29): warning C4244:         ]
D:\cybermed\daddy\dependency\sdk-VTK-9.4.2\ThirdParty\ioss\vtkioss\generated\Iogn_GeneratedMesh.C(1281,34): warning C4244: '=': 'int64_t'에서 'INT'(으)로 변환하면서 데이터가 손실될 수 있습니다.
D:\cybermed\daddy\dependency\sdk-VTK-9.4.2\ThirdParty\ioss\vtkioss\generated\Iogn_GeneratedMesh.C(1281,34): warning C4244:         with
D:\cybermed\daddy\dependency\sdk-VTK-9.4.2\ThirdParty\ioss\vtkioss\generated\Iogn_GeneratedMesh.C(1281,34): warning C4244:         [
D:\cybermed\daddy\dependency\sdk-VTK-9.4.2\ThirdParty\ioss\vtkioss\generated\Iogn_GeneratedMesh.C(1281,34): warning C4244:             INT=int
D:\cybermed\daddy\dependency\sdk-VTK-9.4.2\ThirdParty\ioss\vtkioss\generated\Iogn_GeneratedMesh.C(1281,34): warning C4244:         ]
D:\cybermed\daddy\dependency\sdk-VTK-9.4.2\ThirdParty\ioss\vtkioss\generated\Iogn_GeneratedMesh.C(1282,41): warning C4244: '=': 'int64_t'에서 'INT'(으)로 변환하면서 데이터가 손실될 수 있습니다.
D:\cybermed\daddy\dependency\sdk-VTK-9.4.2\ThirdParty\ioss\vtkioss\generated\Iogn_GeneratedMesh.C(1282,41): warning C4244:         with
D:\cybermed\daddy\dependency\sdk-VTK-9.4.2\ThirdParty\ioss\vtkioss\generated\Iogn_GeneratedMesh.C(1282,41): warning C4244:         [
D:\cybermed\daddy\dependency\sdk-VTK-9.4.2\ThirdParty\ioss\vtkioss\generated\Iogn_GeneratedMesh.C(1282,41): warning C4244:             INT=int
D:\cybermed\daddy\dependency\sdk-VTK-9.4.2\ThirdParty\ioss\vtkioss\generated\Iogn_GeneratedMesh.C(1282,41): warning C4244:         ]
D:\cybermed\daddy\dependency\sdk-VTK-9.4.2\ThirdParty\ioss\vtkioss\generated\Iogn_GeneratedMesh.C(1283,41): warning C4244: '=': 'int64_t'에서 'INT'(으)로 변환하면서 데이터가 손실될 수 있습니다.
D:\cybermed\daddy\dependency\sdk-VTK-9.4.2\ThirdParty\ioss\vtkioss\generated\Iogn_GeneratedMesh.C(1283,41): warning C4244:         with
D:\cybermed\daddy\dependency\sdk-VTK-9.4.2\ThirdParty\ioss\vtkioss\generated\Iogn_GeneratedMesh.C(1283,41): warning C4244:         [
D:\cybermed\daddy\dependency\sdk-VTK-9.4.2\ThirdParty\ioss\vtkioss\generated\Iogn_GeneratedMesh.C(1283,41): warning C4244:             INT=int
D:\cybermed\daddy\dependency\sdk-VTK-9.4.2\ThirdParty\ioss\vtkioss\generated\Iogn_GeneratedMesh.C(1283,41): warning C4244:         ]
D:\cybermed\daddy\dependency\sdk-VTK-9.4.2\ThirdParty\ioss\vtkioss\generated\Iogn_GeneratedMesh.C(1285,36): warning C4244: '=': 'int64_t'에서 'INT'(으)로 변환하면서 데이터가 손실될 수 있습니다.
D:\cybermed\daddy\dependency\sdk-VTK-9.4.2\ThirdParty\ioss\vtkioss\generated\Iogn_GeneratedMesh.C(1285,36): warning C4244:         with
D:\cybermed\daddy\dependency\sdk-VTK-9.4.2\ThirdParty\ioss\vtkioss\generated\Iogn_GeneratedMesh.C(1285,36): warning C4244:         [
D:\cybermed\daddy\dependency\sdk-VTK-9.4.2\ThirdParty\ioss\vtkioss\generated\Iogn_GeneratedMesh.C(1285,36): warning C4244:             INT=int
D:\cybermed\daddy\dependency\sdk-VTK-9.4.2\ThirdParty\ioss\vtkioss\generated\Iogn_GeneratedMesh.C(1285,36): warning C4244:         ]
D:\cybermed\daddy\dependency\sdk-VTK-9.4.2\ThirdParty\ioss\vtkioss\generated\Iogn_GeneratedMesh.C(1286,43): warning C4244: '=': 'int64_t'에서 'INT'(으)로 변환하면서 데이터가 손실될 수 있습니다.
D:\cybermed\daddy\dependency\sdk-VTK-9.4.2\ThirdParty\ioss\vtkioss\generated\Iogn_GeneratedMesh.C(1286,43): warning C4244:         with
D:\cybermed\daddy\dependency\sdk-VTK-9.4.2\ThirdParty\ioss\vtkioss\generated\Iogn_GeneratedMesh.C(1286,43): warning C4244:         [
D:\cybermed\daddy\dependency\sdk-VTK-9.4.2\ThirdParty\ioss\vtkioss\generated\Iogn_GeneratedMesh.C(1286,43): warning C4244:             INT=int
D:\cybermed\daddy\dependency\sdk-VTK-9.4.2\ThirdParty\ioss\vtkioss\generated\Iogn_GeneratedMesh.C(1286,43): warning C4244:         ]
D:\cybermed\daddy\dependency\sdk-VTK-9.4.2\ThirdParty\ioss\vtkioss\generated\Iogn_GeneratedMesh.C(1287,50): warning C4244: '=': 'int64_t'에서 'INT'(으)로 변환하면서 데이터가 손실될 수 있습니다.
D:\cybermed\daddy\dependency\sdk-VTK-9.4.2\ThirdParty\ioss\vtkioss\generated\Iogn_GeneratedMesh.C(1287,50): warning C4244:         with
D:\cybermed\daddy\dependency\sdk-VTK-9.4.2\ThirdParty\ioss\vtkioss\generated\Iogn_GeneratedMesh.C(1287,50): warning C4244:         [
D:\cybermed\daddy\dependency\sdk-VTK-9.4.2\ThirdParty\ioss\vtkioss\generated\Iogn_GeneratedMesh.C(1287,50): warning C4244:             INT=int
D:\cybermed\daddy\dependency\sdk-VTK-9.4.2\ThirdParty\ioss\vtkioss\generated\Iogn_GeneratedMesh.C(1287,50): warning C4244:         ]
D:\cybermed\daddy\dependency\sdk-VTK-9.4.2\ThirdParty\ioss\vtkioss\generated\Iogn_GeneratedMesh.C(1288,50): warning C4244: '=': 'int64_t'에서 'INT'(으)로 변환하면서 데이터가 손실될 수 있습니다.
D:\cybermed\daddy\dependency\sdk-VTK-9.4.2\ThirdParty\ioss\vtkioss\generated\Iogn_GeneratedMesh.C(1288,50): warning C4244:         with
D:\cybermed\daddy\dependency\sdk-VTK-9.4.2\ThirdParty\ioss\vtkioss\generated\Iogn_GeneratedMesh.C(1288,50): warning C4244:         [
D:\cybermed\daddy\dependency\sdk-VTK-9.4.2\ThirdParty\ioss\vtkioss\generated\Iogn_GeneratedMesh.C(1288,50): warning C4244:             INT=int
D:\cybermed\daddy\dependency\sdk-VTK-9.4.2\ThirdParty\ioss\vtkioss\generated\Iogn_GeneratedMesh.C(1288,50): warning C4244:         ]
D:\cybermed\daddy\dependency\sdk-VTK-9.4.2\ThirdParty\ioss\vtkioss\generated\Iogn_GeneratedMesh.C(1305,24): warning C4244: '초기화 중': 'int64_t'에서 'INT'(으)로 변환하면서 데이터가 손실될 수 있습니다.
D:\cybermed\daddy\dependency\sdk-VTK-9.4.2\ThirdParty\ioss\vtkioss\generated\Iogn_GeneratedMesh.C(1305,24): warning C4244:         with
D:\cybermed\daddy\dependency\sdk-VTK-9.4.2\ThirdParty\ioss\vtkioss\generated\Iogn_GeneratedMesh.C(1305,24): warning C4244:         [
D:\cybermed\daddy\dependency\sdk-VTK-9.4.2\ThirdParty\ioss\vtkioss\generated\Iogn_GeneratedMesh.C(1305,24): warning C4244:             INT=int
D:\cybermed\daddy\dependency\sdk-VTK-9.4.2\ThirdParty\ioss\vtkioss\generated\Iogn_GeneratedMesh.C(1305,24): warning C4244:         ]
D:\cybermed\daddy\dependency\sdk-VTK-9.4.2\ThirdParty\ioss\vtkioss\generated\Iogn_GeneratedMesh.C(1313,29): warning C4244: '=': 'int64_t'에서 'INT'(으)로 변환하면서 데이터가 손실될 수 있습니다.
D:\cybermed\daddy\dependency\sdk-VTK-9.4.2\ThirdParty\ioss\vtkioss\generated\Iogn_GeneratedMesh.C(1313,29): warning C4244:         with
D:\cybermed\daddy\dependency\sdk-VTK-9.4.2\ThirdParty\ioss\vtkioss\generated\Iogn_GeneratedMesh.C(1313,29): warning C4244:         [
D:\cybermed\daddy\dependency\sdk-VTK-9.4.2\ThirdParty\ioss\vtkioss\generated\Iogn_GeneratedMesh.C(1313,29): warning C4244:             INT=int
D:\cybermed\daddy\dependency\sdk-VTK-9.4.2\ThirdParty\ioss\vtkioss\generated\Iogn_GeneratedMesh.C(1313,29): warning C4244:         ]
D:\cybermed\daddy\dependency\sdk-VTK-9.4.2\ThirdParty\ioss\vtkioss\generated\Iogn_GeneratedMesh.C(1314,34): warning C4244: '=': 'int64_t'에서 'INT'(으)로 변환하면서 데이터가 손실될 수 있습니다.
D:\cybermed\daddy\dependency\sdk-VTK-9.4.2\ThirdParty\ioss\vtkioss\generated\Iogn_GeneratedMesh.C(1314,34): warning C4244:         with
D:\cybermed\daddy\dependency\sdk-VTK-9.4.2\ThirdParty\ioss\vtkioss\generated\Iogn_GeneratedMesh.C(1314,34): warning C4244:         [
D:\cybermed\daddy\dependency\sdk-VTK-9.4.2\ThirdParty\ioss\vtkioss\generated\Iogn_GeneratedMesh.C(1314,34): warning C4244:             INT=int
D:\cybermed\daddy\dependency\sdk-VTK-9.4.2\ThirdParty\ioss\vtkioss\generated\Iogn_GeneratedMesh.C(1314,34): warning C4244:         ]
D:\cybermed\daddy\dependency\sdk-VTK-9.4.2\ThirdParty\ioss\vtkioss\generated\Iogn_GeneratedMesh.C(1315,41): warning C4244: '=': 'int64_t'에서 'INT'(으)로 변환하면서 데이터가 손실될 수 있습니다.
D:\cybermed\daddy\dependency\sdk-VTK-9.4.2\ThirdParty\ioss\vtkioss\generated\Iogn_GeneratedMesh.C(1315,41): warning C4244:         with
D:\cybermed\daddy\dependency\sdk-VTK-9.4.2\ThirdParty\ioss\vtkioss\generated\Iogn_GeneratedMesh.C(1315,41): warning C4244:         [
D:\cybermed\daddy\dependency\sdk-VTK-9.4.2\ThirdParty\ioss\vtkioss\generated\Iogn_GeneratedMesh.C(1315,41): warning C4244:             INT=int
D:\cybermed\daddy\dependency\sdk-VTK-9.4.2\ThirdParty\ioss\vtkioss\generated\Iogn_GeneratedMesh.C(1315,41): warning C4244:         ]
D:\cybermed\daddy\dependency\sdk-VTK-9.4.2\ThirdParty\ioss\vtkioss\generated\Iogn_GeneratedMesh.C(1316,41): warning C4244: '=': 'int64_t'에서 'INT'(으)로 변환하면서 데이터가 손실될 수 있습니다.
D:\cybermed\daddy\dependency\sdk-VTK-9.4.2\ThirdParty\ioss\vtkioss\generated\Iogn_GeneratedMesh.C(1316,41): warning C4244:         with
D:\cybermed\daddy\dependency\sdk-VTK-9.4.2\ThirdParty\ioss\vtkioss\generated\Iogn_GeneratedMesh.C(1316,41): warning C4244:         [
D:\cybermed\daddy\dependency\sdk-VTK-9.4.2\ThirdParty\ioss\vtkioss\generated\Iogn_GeneratedMesh.C(1316,41): warning C4244:             INT=int
D:\cybermed\daddy\dependency\sdk-VTK-9.4.2\ThirdParty\ioss\vtkioss\generated\Iogn_GeneratedMesh.C(1316,41): warning C4244:         ]
D:\cybermed\daddy\dependency\sdk-VTK-9.4.2\ThirdParty\ioss\vtkioss\generated\Iogn_GeneratedMesh.C(1318,36): warning C4244: '=': 'int64_t'에서 'INT'(으)로 변환하면서 데이터가 손실될 수 있습니다.
D:\cybermed\daddy\dependency\sdk-VTK-9.4.2\ThirdParty\ioss\vtkioss\generated\Iogn_GeneratedMesh.C(1318,36): warning C4244:         with
D:\cybermed\daddy\dependency\sdk-VTK-9.4.2\ThirdParty\ioss\vtkioss\generated\Iogn_GeneratedMesh.C(1318,36): warning C4244:         [
D:\cybermed\daddy\dependency\sdk-VTK-9.4.2\ThirdParty\ioss\vtkioss\generated\Iogn_GeneratedMesh.C(1318,36): warning C4244:             INT=int
D:\cybermed\daddy\dependency\sdk-VTK-9.4.2\ThirdParty\ioss\vtkioss\generated\Iogn_GeneratedMesh.C(1318,36): warning C4244:         ]
D:\cybermed\daddy\dependency\sdk-VTK-9.4.2\ThirdParty\ioss\vtkioss\generated\Iogn_GeneratedMesh.C(1319,43): warning C4244: '=': 'int64_t'에서 'INT'(으)로 변환하면서 데이터가 손실될 수 있습니다.
D:\cybermed\daddy\dependency\sdk-VTK-9.4.2\ThirdParty\ioss\vtkioss\generated\Iogn_GeneratedMesh.C(1319,43): warning C4244:         with
D:\cybermed\daddy\dependency\sdk-VTK-9.4.2\ThirdParty\ioss\vtkioss\generated\Iogn_GeneratedMesh.C(1319,43): warning C4244:         [
D:\cybermed\daddy\dependency\sdk-VTK-9.4.2\ThirdParty\ioss\vtkioss\generated\Iogn_GeneratedMesh.C(1319,43): warning C4244:             INT=int
D:\cybermed\daddy\dependency\sdk-VTK-9.4.2\ThirdParty\ioss\vtkioss\generated\Iogn_GeneratedMesh.C(1319,43): warning C4244:         ]
D:\cybermed\daddy\dependency\sdk-VTK-9.4.2\ThirdParty\ioss\vtkioss\generated\Iogn_GeneratedMesh.C(1320,50): warning C4244: '=': 'int64_t'에서 'INT'(으)로 변환하면서 데이터가 손실될 수 있습니다.
D:\cybermed\daddy\dependency\sdk-VTK-9.4.2\ThirdParty\ioss\vtkioss\generated\Iogn_GeneratedMesh.C(1320,50): warning C4244:         with
D:\cybermed\daddy\dependency\sdk-VTK-9.4.2\ThirdParty\ioss\vtkioss\generated\Iogn_GeneratedMesh.C(1320,50): warning C4244:         [
D:\cybermed\daddy\dependency\sdk-VTK-9.4.2\ThirdParty\ioss\vtkioss\generated\Iogn_GeneratedMesh.C(1320,50): warning C4244:             INT=int
D:\cybermed\daddy\dependency\sdk-VTK-9.4.2\ThirdParty\ioss\vtkioss\generated\Iogn_GeneratedMesh.C(1320,50): warning C4244:         ]
D:\cybermed\daddy\dependency\sdk-VTK-9.4.2\ThirdParty\ioss\vtkioss\generated\Iogn_GeneratedMesh.C(1321,50): warning C4244: '=': 'int64_t'에서 'INT'(으)로 변환하면서 데이터가 손실될 수 있습니다.
D:\cybermed\daddy\dependency\sdk-VTK-9.4.2\ThirdParty\ioss\vtkioss\generated\Iogn_GeneratedMesh.C(1321,50): warning C4244:         with
D:\cybermed\daddy\dependency\sdk-VTK-9.4.2\ThirdParty\ioss\vtkioss\generated\Iogn_GeneratedMesh.C(1321,50): warning C4244:         [
D:\cybermed\daddy\dependency\sdk-VTK-9.4.2\ThirdParty\ioss\vtkioss\generated\Iogn_GeneratedMesh.C(1321,50): warning C4244:             INT=int
D:\cybermed\daddy\dependency\sdk-VTK-9.4.2\ThirdParty\ioss\vtkioss\generated\Iogn_GeneratedMesh.C(1321,50): warning C4244:         ]
D:\cybermed\daddy\dependency\sdk-VTK-9.4.2\ThirdParty\ioss\vtkioss\generated\Iogn_GeneratedMesh.C(1343,32): warning C4244: '=': 'int64_t'에서 'INT'(으)로 변환하면서 데이터가 손실될 수 있습니다.
D:\cybermed\daddy\dependency\sdk-VTK-9.4.2\ThirdParty\ioss\vtkioss\generated\Iogn_GeneratedMesh.C(1343,32): warning C4244:         with
D:\cybermed\daddy\dependency\sdk-VTK-9.4.2\ThirdParty\ioss\vtkioss\generated\Iogn_GeneratedMesh.C(1343,32): warning C4244:         [
D:\cybermed\daddy\dependency\sdk-VTK-9.4.2\ThirdParty\ioss\vtkioss\generated\Iogn_GeneratedMesh.C(1343,32): warning C4244:             INT=int
D:\cybermed\daddy\dependency\sdk-VTK-9.4.2\ThirdParty\ioss\vtkioss\generated\Iogn_GeneratedMesh.C(1343,32): warning C4244:         ]
D:\cybermed\daddy\dependency\sdk-VTK-9.4.2\ThirdParty\ioss\vtkioss\generated\Iogn_GeneratedMesh.C(1344,37): warning C4244: '=': 'int64_t'에서 'INT'(으)로 변환하면서 데이터가 손실될 수 있습니다.
D:\cybermed\daddy\dependency\sdk-VTK-9.4.2\ThirdParty\ioss\vtkioss\generated\Iogn_GeneratedMesh.C(1344,37): warning C4244:         with
D:\cybermed\daddy\dependency\sdk-VTK-9.4.2\ThirdParty\ioss\vtkioss\generated\Iogn_GeneratedMesh.C(1344,37): warning C4244:         [
D:\cybermed\daddy\dependency\sdk-VTK-9.4.2\ThirdParty\ioss\vtkioss\generated\Iogn_GeneratedMesh.C(1344,37): warning C4244:             INT=int
D:\cybermed\daddy\dependency\sdk-VTK-9.4.2\ThirdParty\ioss\vtkioss\generated\Iogn_GeneratedMesh.C(1344,37): warning C4244:         ]
D:\cybermed\daddy\dependency\sdk-VTK-9.4.2\ThirdParty\ioss\vtkioss\generated\Iogn_GeneratedMesh.C(1345,44): warning C4244: '=': 'int64_t'에서 'INT'(으)로 변환하면서 데이터가 손실될 수 있습니다.
D:\cybermed\daddy\dependency\sdk-VTK-9.4.2\ThirdParty\ioss\vtkioss\generated\Iogn_GeneratedMesh.C(1345,44): warning C4244:         with
D:\cybermed\daddy\dependency\sdk-VTK-9.4.2\ThirdParty\ioss\vtkioss\generated\Iogn_GeneratedMesh.C(1345,44): warning C4244:         [
D:\cybermed\daddy\dependency\sdk-VTK-9.4.2\ThirdParty\ioss\vtkioss\generated\Iogn_GeneratedMesh.C(1345,44): warning C4244:             INT=int
D:\cybermed\daddy\dependency\sdk-VTK-9.4.2\ThirdParty\ioss\vtkioss\generated\Iogn_GeneratedMesh.C(1345,44): warning C4244:         ]
D:\cybermed\daddy\dependency\sdk-VTK-9.4.2\ThirdParty\ioss\vtkioss\generated\Iogn_GeneratedMesh.C(1346,44): warning C4244: '=': 'int64_t'에서 'INT'(으)로 변환하면서 데이터가 손실될 수 있습니다.
D:\cybermed\daddy\dependency\sdk-VTK-9.4.2\ThirdParty\ioss\vtkioss\generated\Iogn_GeneratedMesh.C(1346,44): warning C4244:         with
D:\cybermed\daddy\dependency\sdk-VTK-9.4.2\ThirdParty\ioss\vtkioss\generated\Iogn_GeneratedMesh.C(1346,44): warning C4244:         [
D:\cybermed\daddy\dependency\sdk-VTK-9.4.2\ThirdParty\ioss\vtkioss\generated\Iogn_GeneratedMesh.C(1346,44): warning C4244:             INT=int
D:\cybermed\daddy\dependency\sdk-VTK-9.4.2\ThirdParty\ioss\vtkioss\generated\Iogn_GeneratedMesh.C(1346,44): warning C4244:         ]
D:\cybermed\daddy\dependency\sdk-VTK-9.4.2\ThirdParty\ioss\vtkioss\generated\Iogn_GeneratedMesh.C(1348,39): warning C4244: '=': 'int64_t'에서 'INT'(으)로 변환하면서 데이터가 손실될 수 있습니다.
D:\cybermed\daddy\dependency\sdk-VTK-9.4.2\ThirdParty\ioss\vtkioss\generated\Iogn_GeneratedMesh.C(1348,39): warning C4244:         with
D:\cybermed\daddy\dependency\sdk-VTK-9.4.2\ThirdParty\ioss\vtkioss\generated\Iogn_GeneratedMesh.C(1348,39): warning C4244:         [
D:\cybermed\daddy\dependency\sdk-VTK-9.4.2\ThirdParty\ioss\vtkioss\generated\Iogn_GeneratedMesh.C(1348,39): warning C4244:             INT=int
D:\cybermed\daddy\dependency\sdk-VTK-9.4.2\ThirdParty\ioss\vtkioss\generated\Iogn_GeneratedMesh.C(1348,39): warning C4244:         ]
D:\cybermed\daddy\dependency\sdk-VTK-9.4.2\ThirdParty\ioss\vtkioss\generated\Iogn_GeneratedMesh.C(1349,46): warning C4244: '=': 'int64_t'에서 'INT'(으)로 변환하면서 데이터가 손실될 수 있습니다.
D:\cybermed\daddy\dependency\sdk-VTK-9.4.2\ThirdParty\ioss\vtkioss\generated\Iogn_GeneratedMesh.C(1349,46): warning C4244:         with
D:\cybermed\daddy\dependency\sdk-VTK-9.4.2\ThirdParty\ioss\vtkioss\generated\Iogn_GeneratedMesh.C(1349,46): warning C4244:         [
D:\cybermed\daddy\dependency\sdk-VTK-9.4.2\ThirdParty\ioss\vtkioss\generated\Iogn_GeneratedMesh.C(1349,46): warning C4244:             INT=int
D:\cybermed\daddy\dependency\sdk-VTK-9.4.2\ThirdParty\ioss\vtkioss\generated\Iogn_GeneratedMesh.C(1349,46): warning C4244:         ]
D:\cybermed\daddy\dependency\sdk-VTK-9.4.2\ThirdParty\ioss\vtkioss\generated\Iogn_GeneratedMesh.C(1350,53): warning C4244: '=': 'int64_t'에서 'INT'(으)로 변환하면서 데이터가 손실될 수 있습니다.
D:\cybermed\daddy\dependency\sdk-VTK-9.4.2\ThirdParty\ioss\vtkioss\generated\Iogn_GeneratedMesh.C(1350,53): warning C4244:         with
D:\cybermed\daddy\dependency\sdk-VTK-9.4.2\ThirdParty\ioss\vtkioss\generated\Iogn_GeneratedMesh.C(1350,53): warning C4244:         [
D:\cybermed\daddy\dependency\sdk-VTK-9.4.2\ThirdParty\ioss\vtkioss\generated\Iogn_GeneratedMesh.C(1350,53): warning C4244:             INT=int
D:\cybermed\daddy\dependency\sdk-VTK-9.4.2\ThirdParty\ioss\vtkioss\generated\Iogn_GeneratedMesh.C(1350,53): warning C4244:         ]
D:\cybermed\daddy\dependency\sdk-VTK-9.4.2\ThirdParty\ioss\vtkioss\generated\Iogn_GeneratedMesh.C(1351,53): warning C4244: '=': 'int64_t'에서 'INT'(으)로 변환하면서 데이터가 손실될 수 있습니다.
D:\cybermed\daddy\dependency\sdk-VTK-9.4.2\ThirdParty\ioss\vtkioss\generated\Iogn_GeneratedMesh.C(1351,53): warning C4244:         with
D:\cybermed\daddy\dependency\sdk-VTK-9.4.2\ThirdParty\ioss\vtkioss\generated\Iogn_GeneratedMesh.C(1351,53): warning C4244:         [
D:\cybermed\daddy\dependency\sdk-VTK-9.4.2\ThirdParty\ioss\vtkioss\generated\Iogn_GeneratedMesh.C(1351,53): warning C4244:             INT=int
D:\cybermed\daddy\dependency\sdk-VTK-9.4.2\ThirdParty\ioss\vtkioss\generated\Iogn_GeneratedMesh.C(1351,53): warning C4244:         ]
D:\cybermed\daddy\dependency\sdk-VTK-9.4.2\ThirdParty\ioss\vtkioss\generated\Iogn_GeneratedMesh.C(1371,30): warning C4244: '=': 'int64_t'에서 'INT'(으)로 변환하면서 데이터가 손실될 수 있습니다.
D:\cybermed\daddy\dependency\sdk-VTK-9.4.2\ThirdParty\ioss\vtkioss\generated\Iogn_GeneratedMesh.C(1371,30): warning C4244:         with
D:\cybermed\daddy\dependency\sdk-VTK-9.4.2\ThirdParty\ioss\vtkioss\generated\Iogn_GeneratedMesh.C(1371,30): warning C4244:         [
D:\cybermed\daddy\dependency\sdk-VTK-9.4.2\ThirdParty\ioss\vtkioss\generated\Iogn_GeneratedMesh.C(1371,30): warning C4244:             INT=int
D:\cybermed\daddy\dependency\sdk-VTK-9.4.2\ThirdParty\ioss\vtkioss\generated\Iogn_GeneratedMesh.C(1371,30): warning C4244:         ]
D:\cybermed\daddy\dependency\sdk-VTK-9.4.2\ThirdParty\ioss\vtkioss\generated\Iogn_GeneratedMesh.C(1372,35): warning C4244: '=': 'int64_t'에서 'INT'(으)로 변환하면서 데이터가 손실될 수 있습니다.
D:\cybermed\daddy\dependency\sdk-VTK-9.4.2\ThirdParty\ioss\vtkioss\generated\Iogn_GeneratedMesh.C(1372,35): warning C4244:         with
D:\cybermed\daddy\dependency\sdk-VTK-9.4.2\ThirdParty\ioss\vtkioss\generated\Iogn_GeneratedMesh.C(1372,35): warning C4244:         [
D:\cybermed\daddy\dependency\sdk-VTK-9.4.2\ThirdParty\ioss\vtkioss\generated\Iogn_GeneratedMesh.C(1372,35): warning C4244:             INT=int
D:\cybermed\daddy\dependency\sdk-VTK-9.4.2\ThirdParty\ioss\vtkioss\generated\Iogn_GeneratedMesh.C(1372,35): warning C4244:         ]
D:\cybermed\daddy\dependency\sdk-VTK-9.4.2\ThirdParty\ioss\vtkioss\generated\Iogn_GeneratedMesh.C(1373,44): warning C4244: '=': 'int64_t'에서 'INT'(으)로 변환하면서 데이터가 손실될 수 있습니다.
D:\cybermed\daddy\dependency\sdk-VTK-9.4.2\ThirdParty\ioss\vtkioss\generated\Iogn_GeneratedMesh.C(1373,44): warning C4244:         with
D:\cybermed\daddy\dependency\sdk-VTK-9.4.2\ThirdParty\ioss\vtkioss\generated\Iogn_GeneratedMesh.C(1373,44): warning C4244:         [
D:\cybermed\daddy\dependency\sdk-VTK-9.4.2\ThirdParty\ioss\vtkioss\generated\Iogn_GeneratedMesh.C(1373,44): warning C4244:             INT=int
D:\cybermed\daddy\dependency\sdk-VTK-9.4.2\ThirdParty\ioss\vtkioss\generated\Iogn_GeneratedMesh.C(1373,44): warning C4244:         ]
D:\cybermed\daddy\dependency\sdk-VTK-9.4.2\ThirdParty\ioss\vtkioss\generated\Iogn_GeneratedMesh.C(1374,35): warning C4244: '=': 'int64_t'에서 'INT'(으)로 변환하면서 데이터가 손실될 수 있습니다.
D:\cybermed\daddy\dependency\sdk-VTK-9.4.2\ThirdParty\ioss\vtkioss\generated\Iogn_GeneratedMesh.C(1374,35): warning C4244:         with
D:\cybermed\daddy\dependency\sdk-VTK-9.4.2\ThirdParty\ioss\vtkioss\generated\Iogn_GeneratedMesh.C(1374,35): warning C4244:         [
D:\cybermed\daddy\dependency\sdk-VTK-9.4.2\ThirdParty\ioss\vtkioss\generated\Iogn_GeneratedMesh.C(1374,35): warning C4244:             INT=int
D:\cybermed\daddy\dependency\sdk-VTK-9.4.2\ThirdParty\ioss\vtkioss\generated\Iogn_GeneratedMesh.C(1374,35): warning C4244:         ]
D:\cybermed\daddy\dependency\sdk-VTK-9.4.2\ThirdParty\ioss\vtkioss\generated\Iogn_GeneratedMesh.C(1389,30): warning C4244: '=': 'int64_t'에서 'INT'(으)로 변환하면서 데이터가 손실될 수 있습니다.
D:\cybermed\daddy\dependency\sdk-VTK-9.4.2\ThirdParty\ioss\vtkioss\generated\Iogn_GeneratedMesh.C(1389,30): warning C4244:         with
D:\cybermed\daddy\dependency\sdk-VTK-9.4.2\ThirdParty\ioss\vtkioss\generated\Iogn_GeneratedMesh.C(1389,30): warning C4244:         [
D:\cybermed\daddy\dependency\sdk-VTK-9.4.2\ThirdParty\ioss\vtkioss\generated\Iogn_GeneratedMesh.C(1389,30): warning C4244:             INT=int
D:\cybermed\daddy\dependency\sdk-VTK-9.4.2\ThirdParty\ioss\vtkioss\generated\Iogn_GeneratedMesh.C(1389,30): warning C4244:         ]
D:\cybermed\daddy\dependency\sdk-VTK-9.4.2\ThirdParty\ioss\vtkioss\generated\Iogn_GeneratedMesh.C(1390,35): warning C4244: '=': 'int64_t'에서 'INT'(으)로 변환하면서 데이터가 손실될 수 있습니다.
D:\cybermed\daddy\dependency\sdk-VTK-9.4.2\ThirdParty\ioss\vtkioss\generated\Iogn_GeneratedMesh.C(1390,35): warning C4244:         with
D:\cybermed\daddy\dependency\sdk-VTK-9.4.2\ThirdParty\ioss\vtkioss\generated\Iogn_GeneratedMesh.C(1390,35): warning C4244:         [
D:\cybermed\daddy\dependency\sdk-VTK-9.4.2\ThirdParty\ioss\vtkioss\generated\Iogn_GeneratedMesh.C(1390,35): warning C4244:             INT=int
D:\cybermed\daddy\dependency\sdk-VTK-9.4.2\ThirdParty\ioss\vtkioss\generated\Iogn_GeneratedMesh.C(1390,35): warning C4244:         ]
D:\cybermed\daddy\dependency\sdk-VTK-9.4.2\ThirdParty\ioss\vtkioss\generated\Iogn_GeneratedMesh.C(1391,44): warning C4244: '=': 'int64_t'에서 'INT'(으)로 변환하면서 데이터가 손실될 수 있습니다.
D:\cybermed\daddy\dependency\sdk-VTK-9.4.2\ThirdParty\ioss\vtkioss\generated\Iogn_GeneratedMesh.C(1391,44): warning C4244:         with
D:\cybermed\daddy\dependency\sdk-VTK-9.4.2\ThirdParty\ioss\vtkioss\generated\Iogn_GeneratedMesh.C(1391,44): warning C4244:         [
D:\cybermed\daddy\dependency\sdk-VTK-9.4.2\ThirdParty\ioss\vtkioss\generated\Iogn_GeneratedMesh.C(1391,44): warning C4244:             INT=int
D:\cybermed\daddy\dependency\sdk-VTK-9.4.2\ThirdParty\ioss\vtkioss\generated\Iogn_GeneratedMesh.C(1391,44): warning C4244:         ]
D:\cybermed\daddy\dependency\sdk-VTK-9.4.2\ThirdParty\ioss\vtkioss\generated\Iogn_GeneratedMesh.C(1392,35): warning C4244: '=': 'int64_t'에서 'INT'(으)로 변환하면서 데이터가 손실될 수 있습니다.
D:\cybermed\daddy\dependency\sdk-VTK-9.4.2\ThirdParty\ioss\vtkioss\generated\Iogn_GeneratedMesh.C(1392,35): warning C4244:         with
D:\cybermed\daddy\dependency\sdk-VTK-9.4.2\ThirdParty\ioss\vtkioss\generated\Iogn_GeneratedMesh.C(1392,35): warning C4244:         [
D:\cybermed\daddy\dependency\sdk-VTK-9.4.2\ThirdParty\ioss\vtkioss\generated\Iogn_GeneratedMesh.C(1392,35): warning C4244:             INT=int
D:\cybermed\daddy\dependency\sdk-VTK-9.4.2\ThirdParty\ioss\vtkioss\generated\Iogn_GeneratedMesh.C(1392,35): warning C4244:         ]
D:\cybermed\daddy\dependency\sdk-VTK-9.4.2\ThirdParty\ioss\vtkioss\generated\Iogn_GeneratedMesh.C(1407,30): warning C4244: '=': 'int64_t'에서 'INT'(으)로 변환하면서 데이터가 손실될 수 있습니다.
D:\cybermed\daddy\dependency\sdk-VTK-9.4.2\ThirdParty\ioss\vtkioss\generated\Iogn_GeneratedMesh.C(1407,30): warning C4244:         with
D:\cybermed\daddy\dependency\sdk-VTK-9.4.2\ThirdParty\ioss\vtkioss\generated\Iogn_GeneratedMesh.C(1407,30): warning C4244:         [
D:\cybermed\daddy\dependency\sdk-VTK-9.4.2\ThirdParty\ioss\vtkioss\generated\Iogn_GeneratedMesh.C(1407,30): warning C4244:             INT=int
D:\cybermed\daddy\dependency\sdk-VTK-9.4.2\ThirdParty\ioss\vtkioss\generated\Iogn_GeneratedMesh.C(1407,30): warning C4244:         ]
D:\cybermed\daddy\dependency\sdk-VTK-9.4.2\ThirdParty\ioss\vtkioss\generated\Iogn_GeneratedMesh.C(1408,35): warning C4244: '=': 'int64_t'에서 'INT'(으)로 변환하면서 데이터가 손실될 수 있습니다.
D:\cybermed\daddy\dependency\sdk-VTK-9.4.2\ThirdParty\ioss\vtkioss\generated\Iogn_GeneratedMesh.C(1408,35): warning C4244:         with
D:\cybermed\daddy\dependency\sdk-VTK-9.4.2\ThirdParty\ioss\vtkioss\generated\Iogn_GeneratedMesh.C(1408,35): warning C4244:         [
D:\cybermed\daddy\dependency\sdk-VTK-9.4.2\ThirdParty\ioss\vtkioss\generated\Iogn_GeneratedMesh.C(1408,35): warning C4244:             INT=int
D:\cybermed\daddy\dependency\sdk-VTK-9.4.2\ThirdParty\ioss\vtkioss\generated\Iogn_GeneratedMesh.C(1408,35): warning C4244:         ]
D:\cybermed\daddy\dependency\sdk-VTK-9.4.2\ThirdParty\ioss\vtkioss\generated\Iogn_GeneratedMesh.C(1409,44): warning C4244: '=': 'int64_t'에서 'INT'(으)로 변환하면서 데이터가 손실될 수 있습니다.
D:\cybermed\daddy\dependency\sdk-VTK-9.4.2\ThirdParty\ioss\vtkioss\generated\Iogn_GeneratedMesh.C(1409,44): warning C4244:         with
D:\cybermed\daddy\dependency\sdk-VTK-9.4.2\ThirdParty\ioss\vtkioss\generated\Iogn_GeneratedMesh.C(1409,44): warning C4244:         [
D:\cybermed\daddy\dependency\sdk-VTK-9.4.2\ThirdParty\ioss\vtkioss\generated\Iogn_GeneratedMesh.C(1409,44): warning C4244:             INT=int
D:\cybermed\daddy\dependency\sdk-VTK-9.4.2\ThirdParty\ioss\vtkioss\generated\Iogn_GeneratedMesh.C(1409,44): warning C4244:         ]
D:\cybermed\daddy\dependency\sdk-VTK-9.4.2\ThirdParty\ioss\vtkioss\generated\Iogn_GeneratedMesh.C(1410,35): warning C4244: '=': 'int64_t'에서 'INT'(으)로 변환하면서 데이터가 손실될 수 있습니다.
D:\cybermed\daddy\dependency\sdk-VTK-9.4.2\ThirdParty\ioss\vtkioss\generated\Iogn_GeneratedMesh.C(1410,35): warning C4244:         with
D:\cybermed\daddy\dependency\sdk-VTK-9.4.2\ThirdParty\ioss\vtkioss\generated\Iogn_GeneratedMesh.C(1410,35): warning C4244:         [
D:\cybermed\daddy\dependency\sdk-VTK-9.4.2\ThirdParty\ioss\vtkioss\generated\Iogn_GeneratedMesh.C(1410,35): warning C4244:             INT=int
D:\cybermed\daddy\dependency\sdk-VTK-9.4.2\ThirdParty\ioss\vtkioss\generated\Iogn_GeneratedMesh.C(1410,35): warning C4244:         ]
D:\cybermed\daddy\dependency\sdk-VTK-9.4.2\ThirdParty\ioss\vtkioss\generated\Iogn_GeneratedMesh.C(1425,30): warning C4244: '=': 'int64_t'에서 'INT'(으)로 변환하면서 데이터가 손실될 수 있습니다.
D:\cybermed\daddy\dependency\sdk-VTK-9.4.2\ThirdParty\ioss\vtkioss\generated\Iogn_GeneratedMesh.C(1425,30): warning C4244:         with
D:\cybermed\daddy\dependency\sdk-VTK-9.4.2\ThirdParty\ioss\vtkioss\generated\Iogn_GeneratedMesh.C(1425,30): warning C4244:         [
D:\cybermed\daddy\dependency\sdk-VTK-9.4.2\ThirdParty\ioss\vtkioss\generated\Iogn_GeneratedMesh.C(1425,30): warning C4244:             INT=int
D:\cybermed\daddy\dependency\sdk-VTK-9.4.2\ThirdParty\ioss\vtkioss\generated\Iogn_GeneratedMesh.C(1425,30): warning C4244:         ]
D:\cybermed\daddy\dependency\sdk-VTK-9.4.2\ThirdParty\ioss\vtkioss\generated\Iogn_GeneratedMesh.C(1426,35): warning C4244: '=': 'int64_t'에서 'INT'(으)로 변환하면서 데이터가 손실될 수 있습니다.
D:\cybermed\daddy\dependency\sdk-VTK-9.4.2\ThirdParty\ioss\vtkioss\generated\Iogn_GeneratedMesh.C(1426,35): warning C4244:         with
D:\cybermed\daddy\dependency\sdk-VTK-9.4.2\ThirdParty\ioss\vtkioss\generated\Iogn_GeneratedMesh.C(1426,35): warning C4244:         [
D:\cybermed\daddy\dependency\sdk-VTK-9.4.2\ThirdParty\ioss\vtkioss\generated\Iogn_GeneratedMesh.C(1426,35): warning C4244:             INT=int
D:\cybermed\daddy\dependency\sdk-VTK-9.4.2\ThirdParty\ioss\vtkioss\generated\Iogn_GeneratedMesh.C(1426,35): warning C4244:         ]
D:\cybermed\daddy\dependency\sdk-VTK-9.4.2\ThirdParty\ioss\vtkioss\generated\Iogn_GeneratedMesh.C(1427,44): warning C4244: '=': 'int64_t'에서 'INT'(으)로 변환하면서 데이터가 손실될 수 있습니다.
D:\cybermed\daddy\dependency\sdk-VTK-9.4.2\ThirdParty\ioss\vtkioss\generated\Iogn_GeneratedMesh.C(1427,44): warning C4244:         with
D:\cybermed\daddy\dependency\sdk-VTK-9.4.2\ThirdParty\ioss\vtkioss\generated\Iogn_GeneratedMesh.C(1427,44): warning C4244:         [
D:\cybermed\daddy\dependency\sdk-VTK-9.4.2\ThirdParty\ioss\vtkioss\generated\Iogn_GeneratedMesh.C(1427,44): warning C4244:             INT=int
D:\cybermed\daddy\dependency\sdk-VTK-9.4.2\ThirdParty\ioss\vtkioss\generated\Iogn_GeneratedMesh.C(1427,44): warning C4244:         ]
D:\cybermed\daddy\dependency\sdk-VTK-9.4.2\ThirdParty\ioss\vtkioss\generated\Iogn_GeneratedMesh.C(1428,35): warning C4244: '=': 'int64_t'에서 'INT'(으)로 변환하면서 데이터가 손실될 수 있습니다.
D:\cybermed\daddy\dependency\sdk-VTK-9.4.2\ThirdParty\ioss\vtkioss\generated\Iogn_GeneratedMesh.C(1428,35): warning C4244:         with
D:\cybermed\daddy\dependency\sdk-VTK-9.4.2\ThirdParty\ioss\vtkioss\generated\Iogn_GeneratedMesh.C(1428,35): warning C4244:         [
D:\cybermed\daddy\dependency\sdk-VTK-9.4.2\ThirdParty\ioss\vtkioss\generated\Iogn_GeneratedMesh.C(1428,35): warning C4244:             INT=int
D:\cybermed\daddy\dependency\sdk-VTK-9.4.2\ThirdParty\ioss\vtkioss\generated\Iogn_GeneratedMesh.C(1428,35): warning C4244:         ]
D:\cybermed\daddy\dependency\sdk-VTK-9.4.2\ThirdParty\ioss\vtkioss\generated\Iogn_GeneratedMesh.C(1443,32): warning C4244: '=': 'int64_t'에서 'INT'(으)로 변환하면서 데이터가 손실될 수 있습니다.
D:\cybermed\daddy\dependency\sdk-VTK-9.4.2\ThirdParty\ioss\vtkioss\generated\Iogn_GeneratedMesh.C(1443,32): warning C4244:         with
D:\cybermed\daddy\dependency\sdk-VTK-9.4.2\ThirdParty\ioss\vtkioss\generated\Iogn_GeneratedMesh.C(1443,32): warning C4244:         [
D:\cybermed\daddy\dependency\sdk-VTK-9.4.2\ThirdParty\ioss\vtkioss\generated\Iogn_GeneratedMesh.C(1443,32): warning C4244:             INT=int
D:\cybermed\daddy\dependency\sdk-VTK-9.4.2\ThirdParty\ioss\vtkioss\generated\Iogn_GeneratedMesh.C(1443,32): warning C4244:         ]
D:\cybermed\daddy\dependency\sdk-VTK-9.4.2\ThirdParty\ioss\vtkioss\generated\Iogn_GeneratedMesh.C(1444,44): warning C4244: '=': 'int64_t'에서 'INT'(으)로 변환하면서 데이터가 손실될 수 있습니다.
D:\cybermed\daddy\dependency\sdk-VTK-9.4.2\ThirdParty\ioss\vtkioss\generated\Iogn_GeneratedMesh.C(1444,44): warning C4244:         with
D:\cybermed\daddy\dependency\sdk-VTK-9.4.2\ThirdParty\ioss\vtkioss\generated\Iogn_GeneratedMesh.C(1444,44): warning C4244:         [
D:\cybermed\daddy\dependency\sdk-VTK-9.4.2\ThirdParty\ioss\vtkioss\generated\Iogn_GeneratedMesh.C(1444,44): warning C4244:             INT=int
D:\cybermed\daddy\dependency\sdk-VTK-9.4.2\ThirdParty\ioss\vtkioss\generated\Iogn_GeneratedMesh.C(1444,44): warning C4244:         ]
D:\cybermed\daddy\dependency\sdk-VTK-9.4.2\ThirdParty\ioss\vtkioss\generated\Iogn_GeneratedMesh.C(1445,44): warning C4244: '=': 'int64_t'에서 'INT'(으)로 변환하면서 데이터가 손실될 수 있습니다.
D:\cybermed\daddy\dependency\sdk-VTK-9.4.2\ThirdParty\ioss\vtkioss\generated\Iogn_GeneratedMesh.C(1445,44): warning C4244:         with
D:\cybermed\daddy\dependency\sdk-VTK-9.4.2\ThirdParty\ioss\vtkioss\generated\Iogn_GeneratedMesh.C(1445,44): warning C4244:         [
D:\cybermed\daddy\dependency\sdk-VTK-9.4.2\ThirdParty\ioss\vtkioss\generated\Iogn_GeneratedMesh.C(1445,44): warning C4244:             INT=int
D:\cybermed\daddy\dependency\sdk-VTK-9.4.2\ThirdParty\ioss\vtkioss\generated\Iogn_GeneratedMesh.C(1445,44): warning C4244:         ]
D:\cybermed\daddy\dependency\sdk-VTK-9.4.2\ThirdParty\ioss\vtkioss\generated\Iogn_GeneratedMesh.C(1446,37): warning C4244: '=': 'int64_t'에서 'INT'(으)로 변환하면서 데이터가 손실될 수 있습니다.
D:\cybermed\daddy\dependency\sdk-VTK-9.4.2\ThirdParty\ioss\vtkioss\generated\Iogn_GeneratedMesh.C(1446,37): warning C4244:         with
D:\cybermed\daddy\dependency\sdk-VTK-9.4.2\ThirdParty\ioss\vtkioss\generated\Iogn_GeneratedMesh.C(1446,37): warning C4244:         [
D:\cybermed\daddy\dependency\sdk-VTK-9.4.2\ThirdParty\ioss\vtkioss\generated\Iogn_GeneratedMesh.C(1446,37): warning C4244:             INT=int
D:\cybermed\daddy\dependency\sdk-VTK-9.4.2\ThirdParty\ioss\vtkioss\generated\Iogn_GeneratedMesh.C(1446,37): warning C4244:         ]
D:\cybermed\daddy\dependency\sdk-VTK-9.4.2\ThirdParty\ioss\vtkioss\generated\Iogn_GeneratedMesh.C(1462,32): warning C4244: '=': 'int64_t'에서 'INT'(으)로 변환하면서 데이터가 손실될 수 있습니다.
D:\cybermed\daddy\dependency\sdk-VTK-9.4.2\ThirdParty\ioss\vtkioss\generated\Iogn_GeneratedMesh.C(1462,32): warning C4244:         with
D:\cybermed\daddy\dependency\sdk-VTK-9.4.2\ThirdParty\ioss\vtkioss\generated\Iogn_GeneratedMesh.C(1462,32): warning C4244:         [
D:\cybermed\daddy\dependency\sdk-VTK-9.4.2\ThirdParty\ioss\vtkioss\generated\Iogn_GeneratedMesh.C(1462,32): warning C4244:             INT=int
D:\cybermed\daddy\dependency\sdk-VTK-9.4.2\ThirdParty\ioss\vtkioss\generated\Iogn_GeneratedMesh.C(1462,32): warning C4244:         ]
D:\cybermed\daddy\dependency\sdk-VTK-9.4.2\ThirdParty\ioss\vtkioss\generated\Iogn_GeneratedMesh.C(1463,37): warning C4244: '=': 'int64_t'에서 'INT'(으)로 변환하면서 데이터가 손실될 수 있습니다.
D:\cybermed\daddy\dependency\sdk-VTK-9.4.2\ThirdParty\ioss\vtkioss\generated\Iogn_GeneratedMesh.C(1463,37): warning C4244:         with
D:\cybermed\daddy\dependency\sdk-VTK-9.4.2\ThirdParty\ioss\vtkioss\generated\Iogn_GeneratedMesh.C(1463,37): warning C4244:         [
D:\cybermed\daddy\dependency\sdk-VTK-9.4.2\ThirdParty\ioss\vtkioss\generated\Iogn_GeneratedMesh.C(1463,37): warning C4244:             INT=int
D:\cybermed\daddy\dependency\sdk-VTK-9.4.2\ThirdParty\ioss\vtkioss\generated\Iogn_GeneratedMesh.C(1463,37): warning C4244:         ]
D:\cybermed\daddy\dependency\sdk-VTK-9.4.2\ThirdParty\ioss\vtkioss\generated\Iogn_GeneratedMesh.C(1464,44): warning C4244: '=': 'int64_t'에서 'INT'(으)로 변환하면서 데이터가 손실될 수 있습니다.
D:\cybermed\daddy\dependency\sdk-VTK-9.4.2\ThirdParty\ioss\vtkioss\generated\Iogn_GeneratedMesh.C(1464,44): warning C4244:         with
D:\cybermed\daddy\dependency\sdk-VTK-9.4.2\ThirdParty\ioss\vtkioss\generated\Iogn_GeneratedMesh.C(1464,44): warning C4244:         [
D:\cybermed\daddy\dependency\sdk-VTK-9.4.2\ThirdParty\ioss\vtkioss\generated\Iogn_GeneratedMesh.C(1464,44): warning C4244:             INT=int
D:\cybermed\daddy\dependency\sdk-VTK-9.4.2\ThirdParty\ioss\vtkioss\generated\Iogn_GeneratedMesh.C(1464,44): warning C4244:         ]
D:\cybermed\daddy\dependency\sdk-VTK-9.4.2\ThirdParty\ioss\vtkioss\generated\Iogn_GeneratedMesh.C(1465,44): warning C4244: '=': 'int64_t'에서 'INT'(으)로 변환하면서 데이터가 손실될 수 있습니다.
D:\cybermed\daddy\dependency\sdk-VTK-9.4.2\ThirdParty\ioss\vtkioss\generated\Iogn_GeneratedMesh.C(1465,44): warning C4244:         with
D:\cybermed\daddy\dependency\sdk-VTK-9.4.2\ThirdParty\ioss\vtkioss\generated\Iogn_GeneratedMesh.C(1465,44): warning C4244:         [
D:\cybermed\daddy\dependency\sdk-VTK-9.4.2\ThirdParty\ioss\vtkioss\generated\Iogn_GeneratedMesh.C(1465,44): warning C4244:             INT=int
D:\cybermed\daddy\dependency\sdk-VTK-9.4.2\ThirdParty\ioss\vtkioss\generated\Iogn_GeneratedMesh.C(1465,44): warning C4244:         ]
D:\cybermed\daddy\dependency\sdk-VTK-9.4.2\ThirdParty\ioss\vtkioss\generated\Iogn_GeneratedMesh.C(1487,32): warning C4244: '=': 'int64_t'에서 'INT'(으)로 변환하면서 데이터가 손실될 수 있습니다.
D:\cybermed\daddy\dependency\sdk-VTK-9.4.2\ThirdParty\ioss\vtkioss\generated\Iogn_GeneratedMesh.C(1487,32): warning C4244:         with
D:\cybermed\daddy\dependency\sdk-VTK-9.4.2\ThirdParty\ioss\vtkioss\generated\Iogn_GeneratedMesh.C(1487,32): warning C4244:         [
D:\cybermed\daddy\dependency\sdk-VTK-9.4.2\ThirdParty\ioss\vtkioss\generated\Iogn_GeneratedMesh.C(1487,32): warning C4244:             INT=int
D:\cybermed\daddy\dependency\sdk-VTK-9.4.2\ThirdParty\ioss\vtkioss\generated\Iogn_GeneratedMesh.C(1487,32): warning C4244:         ]
D:\cybermed\daddy\dependency\sdk-VTK-9.4.2\ThirdParty\ioss\vtkioss\generated\Iogn_GeneratedMesh.C(1488,37): warning C4244: '=': 'int64_t'에서 'INT'(으)로 변환하면서 데이터가 손실될 수 있습니다.
D:\cybermed\daddy\dependency\sdk-VTK-9.4.2\ThirdParty\ioss\vtkioss\generated\Iogn_GeneratedMesh.C(1488,37): warning C4244:         with
D:\cybermed\daddy\dependency\sdk-VTK-9.4.2\ThirdParty\ioss\vtkioss\generated\Iogn_GeneratedMesh.C(1488,37): warning C4244:         [
D:\cybermed\daddy\dependency\sdk-VTK-9.4.2\ThirdParty\ioss\vtkioss\generated\Iogn_GeneratedMesh.C(1488,37): warning C4244:             INT=int
D:\cybermed\daddy\dependency\sdk-VTK-9.4.2\ThirdParty\ioss\vtkioss\generated\Iogn_GeneratedMesh.C(1488,37): warning C4244:         ]
D:\cybermed\daddy\dependency\sdk-VTK-9.4.2\ThirdParty\ioss\vtkioss\generated\Iogn_GeneratedMesh.C(1489,46): warning C4244: '=': 'int64_t'에서 'INT'(으)로 변환하면서 데이터가 손실될 수 있습니다.
D:\cybermed\daddy\dependency\sdk-VTK-9.4.2\ThirdParty\ioss\vtkioss\generated\Iogn_GeneratedMesh.C(1489,46): warning C4244:         with
D:\cybermed\daddy\dependency\sdk-VTK-9.4.2\ThirdParty\ioss\vtkioss\generated\Iogn_GeneratedMesh.C(1489,46): warning C4244:         [
D:\cybermed\daddy\dependency\sdk-VTK-9.4.2\ThirdParty\ioss\vtkioss\generated\Iogn_GeneratedMesh.C(1489,46): warning C4244:             INT=int
D:\cybermed\daddy\dependency\sdk-VTK-9.4.2\ThirdParty\ioss\vtkioss\generated\Iogn_GeneratedMesh.C(1489,46): warning C4244:         ]
D:\cybermed\daddy\dependency\sdk-VTK-9.4.2\ThirdParty\ioss\vtkioss\generated\Iogn_GeneratedMesh.C(1490,37): warning C4244: '=': 'int64_t'에서 'INT'(으)로 변환하면서 데이터가 손실될 수 있습니다.
D:\cybermed\daddy\dependency\sdk-VTK-9.4.2\ThirdParty\ioss\vtkioss\generated\Iogn_GeneratedMesh.C(1490,37): warning C4244:         with
D:\cybermed\daddy\dependency\sdk-VTK-9.4.2\ThirdParty\ioss\vtkioss\generated\Iogn_GeneratedMesh.C(1490,37): warning C4244:         [
D:\cybermed\daddy\dependency\sdk-VTK-9.4.2\ThirdParty\ioss\vtkioss\generated\Iogn_GeneratedMesh.C(1490,37): warning C4244:             INT=int
D:\cybermed\daddy\dependency\sdk-VTK-9.4.2\ThirdParty\ioss\vtkioss\generated\Iogn_GeneratedMesh.C(1490,37): warning C4244:         ]
D:\cybermed\daddy\dependency\sdk-VTK-9.4.2\ThirdParty\ioss\vtkioss\generated\Iogn_GeneratedMesh.C(1499,32): warning C4244: '=': 'int64_t'에서 'INT'(으)로 변환하면서 데이터가 손실될 수 있습니다.
D:\cybermed\daddy\dependency\sdk-VTK-9.4.2\ThirdParty\ioss\vtkioss\generated\Iogn_GeneratedMesh.C(1499,32): warning C4244:         with
D:\cybermed\daddy\dependency\sdk-VTK-9.4.2\ThirdParty\ioss\vtkioss\generated\Iogn_GeneratedMesh.C(1499,32): warning C4244:         [
D:\cybermed\daddy\dependency\sdk-VTK-9.4.2\ThirdParty\ioss\vtkioss\generated\Iogn_GeneratedMesh.C(1499,32): warning C4244:             INT=int
D:\cybermed\daddy\dependency\sdk-VTK-9.4.2\ThirdParty\ioss\vtkioss\generated\Iogn_GeneratedMesh.C(1499,32): warning C4244:         ]
D:\cybermed\daddy\dependency\sdk-VTK-9.4.2\ThirdParty\ioss\vtkioss\generated\Iogn_GeneratedMesh.C(1500,37): warning C4244: '=': 'int64_t'에서 'INT'(으)로 변환하면서 데이터가 손실될 수 있습니다.
D:\cybermed\daddy\dependency\sdk-VTK-9.4.2\ThirdParty\ioss\vtkioss\generated\Iogn_GeneratedMesh.C(1500,37): warning C4244:         with
D:\cybermed\daddy\dependency\sdk-VTK-9.4.2\ThirdParty\ioss\vtkioss\generated\Iogn_GeneratedMesh.C(1500,37): warning C4244:         [
D:\cybermed\daddy\dependency\sdk-VTK-9.4.2\ThirdParty\ioss\vtkioss\generated\Iogn_GeneratedMesh.C(1500,37): warning C4244:             INT=int
D:\cybermed\daddy\dependency\sdk-VTK-9.4.2\ThirdParty\ioss\vtkioss\generated\Iogn_GeneratedMesh.C(1500,37): warning C4244:         ]
D:\cybermed\daddy\dependency\sdk-VTK-9.4.2\ThirdParty\ioss\vtkioss\generated\Iogn_GeneratedMesh.C(1501,46): warning C4244: '=': 'int64_t'에서 'INT'(으)로 변환하면서 데이터가 손실될 수 있습니다.
D:\cybermed\daddy\dependency\sdk-VTK-9.4.2\ThirdParty\ioss\vtkioss\generated\Iogn_GeneratedMesh.C(1501,46): warning C4244:         with
D:\cybermed\daddy\dependency\sdk-VTK-9.4.2\ThirdParty\ioss\vtkioss\generated\Iogn_GeneratedMesh.C(1501,46): warning C4244:         [
D:\cybermed\daddy\dependency\sdk-VTK-9.4.2\ThirdParty\ioss\vtkioss\generated\Iogn_GeneratedMesh.C(1501,46): warning C4244:             INT=int
D:\cybermed\daddy\dependency\sdk-VTK-9.4.2\ThirdParty\ioss\vtkioss\generated\Iogn_GeneratedMesh.C(1501,46): warning C4244:         ]
D:\cybermed\daddy\dependency\sdk-VTK-9.4.2\ThirdParty\ioss\vtkioss\generated\Iogn_GeneratedMesh.C(1502,37): warning C4244: '=': 'int64_t'에서 'INT'(으)로 변환하면서 데이터가 손실될 수 있습니다.
D:\cybermed\daddy\dependency\sdk-VTK-9.4.2\ThirdParty\ioss\vtkioss\generated\Iogn_GeneratedMesh.C(1502,37): warning C4244:         with
D:\cybermed\daddy\dependency\sdk-VTK-9.4.2\ThirdParty\ioss\vtkioss\generated\Iogn_GeneratedMesh.C(1502,37): warning C4244:         [
D:\cybermed\daddy\dependency\sdk-VTK-9.4.2\ThirdParty\ioss\vtkioss\generated\Iogn_GeneratedMesh.C(1502,37): warning C4244:             INT=int
D:\cybermed\daddy\dependency\sdk-VTK-9.4.2\ThirdParty\ioss\vtkioss\generated\Iogn_GeneratedMesh.C(1502,37): warning C4244:         ]
D:\cybermed\daddy\dependency\sdk-VTK-9.4.2\ThirdParty\ioss\vtkioss\generated\Iogn_GeneratedMesh.C(1511,32): warning C4244: '=': 'int64_t'에서 'INT'(으)로 변환하면서 데이터가 손실될 수 있습니다.
D:\cybermed\daddy\dependency\sdk-VTK-9.4.2\ThirdParty\ioss\vtkioss\generated\Iogn_GeneratedMesh.C(1511,32): warning C4244:         with
D:\cybermed\daddy\dependency\sdk-VTK-9.4.2\ThirdParty\ioss\vtkioss\generated\Iogn_GeneratedMesh.C(1511,32): warning C4244:         [
D:\cybermed\daddy\dependency\sdk-VTK-9.4.2\ThirdParty\ioss\vtkioss\generated\Iogn_GeneratedMesh.C(1511,32): warning C4244:             INT=int
D:\cybermed\daddy\dependency\sdk-VTK-9.4.2\ThirdParty\ioss\vtkioss\generated\Iogn_GeneratedMesh.C(1511,32): warning C4244:         ]
D:\cybermed\daddy\dependency\sdk-VTK-9.4.2\ThirdParty\ioss\vtkioss\generated\Iogn_GeneratedMesh.C(1512,37): warning C4244: '=': 'int64_t'에서 'INT'(으)로 변환하면서 데이터가 손실될 수 있습니다.
D:\cybermed\daddy\dependency\sdk-VTK-9.4.2\ThirdParty\ioss\vtkioss\generated\Iogn_GeneratedMesh.C(1512,37): warning C4244:         with
D:\cybermed\daddy\dependency\sdk-VTK-9.4.2\ThirdParty\ioss\vtkioss\generated\Iogn_GeneratedMesh.C(1512,37): warning C4244:         [
D:\cybermed\daddy\dependency\sdk-VTK-9.4.2\ThirdParty\ioss\vtkioss\generated\Iogn_GeneratedMesh.C(1512,37): warning C4244:             INT=int
D:\cybermed\daddy\dependency\sdk-VTK-9.4.2\ThirdParty\ioss\vtkioss\generated\Iogn_GeneratedMesh.C(1512,37): warning C4244:         ]
D:\cybermed\daddy\dependency\sdk-VTK-9.4.2\ThirdParty\ioss\vtkioss\generated\Iogn_GeneratedMesh.C(1513,46): warning C4244: '=': 'int64_t'에서 'INT'(으)로 변환하면서 데이터가 손실될 수 있습니다.
D:\cybermed\daddy\dependency\sdk-VTK-9.4.2\ThirdParty\ioss\vtkioss\generated\Iogn_GeneratedMesh.C(1513,46): warning C4244:         with
D:\cybermed\daddy\dependency\sdk-VTK-9.4.2\ThirdParty\ioss\vtkioss\generated\Iogn_GeneratedMesh.C(1513,46): warning C4244:         [
D:\cybermed\daddy\dependency\sdk-VTK-9.4.2\ThirdParty\ioss\vtkioss\generated\Iogn_GeneratedMesh.C(1513,46): warning C4244:             INT=int
D:\cybermed\daddy\dependency\sdk-VTK-9.4.2\ThirdParty\ioss\vtkioss\generated\Iogn_GeneratedMesh.C(1513,46): warning C4244:         ]
D:\cybermed\daddy\dependency\sdk-VTK-9.4.2\ThirdParty\ioss\vtkioss\generated\Iogn_GeneratedMesh.C(1514,37): warning C4244: '=': 'int64_t'에서 'INT'(으)로 변환하면서 데이터가 손실될 수 있습니다.
D:\cybermed\daddy\dependency\sdk-VTK-9.4.2\ThirdParty\ioss\vtkioss\generated\Iogn_GeneratedMesh.C(1514,37): warning C4244:         with
D:\cybermed\daddy\dependency\sdk-VTK-9.4.2\ThirdParty\ioss\vtkioss\generated\Iogn_GeneratedMesh.C(1514,37): warning C4244:         [
D:\cybermed\daddy\dependency\sdk-VTK-9.4.2\ThirdParty\ioss\vtkioss\generated\Iogn_GeneratedMesh.C(1514,37): warning C4244:             INT=int
D:\cybermed\daddy\dependency\sdk-VTK-9.4.2\ThirdParty\ioss\vtkioss\generated\Iogn_GeneratedMesh.C(1514,37): warning C4244:         ]
D:\cybermed\daddy\dependency\sdk-VTK-9.4.2\ThirdParty\ioss\vtkioss\generated\Iogn_GeneratedMesh.C(1523,32): warning C4244: '=': 'int64_t'에서 'INT'(으)로 변환하면서 데이터가 손실될 수 있습니다.
D:\cybermed\daddy\dependency\sdk-VTK-9.4.2\ThirdParty\ioss\vtkioss\generated\Iogn_GeneratedMesh.C(1523,32): warning C4244:         with
D:\cybermed\daddy\dependency\sdk-VTK-9.4.2\ThirdParty\ioss\vtkioss\generated\Iogn_GeneratedMesh.C(1523,32): warning C4244:         [
D:\cybermed\daddy\dependency\sdk-VTK-9.4.2\ThirdParty\ioss\vtkioss\generated\Iogn_GeneratedMesh.C(1523,32): warning C4244:             INT=int
D:\cybermed\daddy\dependency\sdk-VTK-9.4.2\ThirdParty\ioss\vtkioss\generated\Iogn_GeneratedMesh.C(1523,32): warning C4244:         ]
D:\cybermed\daddy\dependency\sdk-VTK-9.4.2\ThirdParty\ioss\vtkioss\generated\Iogn_GeneratedMesh.C(1524,37): warning C4244: '=': 'int64_t'에서 'INT'(으)로 변환하면서 데이터가 손실될 수 있습니다.
D:\cybermed\daddy\dependency\sdk-VTK-9.4.2\ThirdParty\ioss\vtkioss\generated\Iogn_GeneratedMesh.C(1524,37): warning C4244:         with
D:\cybermed\daddy\dependency\sdk-VTK-9.4.2\ThirdParty\ioss\vtkioss\generated\Iogn_GeneratedMesh.C(1524,37): warning C4244:         [
D:\cybermed\daddy\dependency\sdk-VTK-9.4.2\ThirdParty\ioss\vtkioss\generated\Iogn_GeneratedMesh.C(1524,37): warning C4244:             INT=int
D:\cybermed\daddy\dependency\sdk-VTK-9.4.2\ThirdParty\ioss\vtkioss\generated\Iogn_GeneratedMesh.C(1524,37): warning C4244:         ]
D:\cybermed\daddy\dependency\sdk-VTK-9.4.2\ThirdParty\ioss\vtkioss\generated\Iogn_GeneratedMesh.C(1525,46): warning C4244: '=': 'int64_t'에서 'INT'(으)로 변환하면서 데이터가 손실될 수 있습니다.
D:\cybermed\daddy\dependency\sdk-VTK-9.4.2\ThirdParty\ioss\vtkioss\generated\Iogn_GeneratedMesh.C(1525,46): warning C4244:         with
D:\cybermed\daddy\dependency\sdk-VTK-9.4.2\ThirdParty\ioss\vtkioss\generated\Iogn_GeneratedMesh.C(1525,46): warning C4244:         [
D:\cybermed\daddy\dependency\sdk-VTK-9.4.2\ThirdParty\ioss\vtkioss\generated\Iogn_GeneratedMesh.C(1525,46): warning C4244:             INT=int
D:\cybermed\daddy\dependency\sdk-VTK-9.4.2\ThirdParty\ioss\vtkioss\generated\Iogn_GeneratedMesh.C(1525,46): warning C4244:         ]
D:\cybermed\daddy\dependency\sdk-VTK-9.4.2\ThirdParty\ioss\vtkioss\generated\Iogn_GeneratedMesh.C(1526,37): warning C4244: '=': 'int64_t'에서 'INT'(으)로 변환하면서 데이터가 손실될 수 있습니다.
D:\cybermed\daddy\dependency\sdk-VTK-9.4.2\ThirdParty\ioss\vtkioss\generated\Iogn_GeneratedMesh.C(1526,37): warning C4244:         with
D:\cybermed\daddy\dependency\sdk-VTK-9.4.2\ThirdParty\ioss\vtkioss\generated\Iogn_GeneratedMesh.C(1526,37): warning C4244:         [
D:\cybermed\daddy\dependency\sdk-VTK-9.4.2\ThirdParty\ioss\vtkioss\generated\Iogn_GeneratedMesh.C(1526,37): warning C4244:             INT=int
D:\cybermed\daddy\dependency\sdk-VTK-9.4.2\ThirdParty\ioss\vtkioss\generated\Iogn_GeneratedMesh.C(1526,37): warning C4244:         ]
D:\cybermed\daddy\dependency\sdk-VTK-9.4.2\ThirdParty\ioss\vtkioss\generated\Iogn_GeneratedMesh.C(1535,34): warning C4244: '=': 'int64_t'에서 'INT'(으)로 변환하면서 데이터가 손실될 수 있습니다.
D:\cybermed\daddy\dependency\sdk-VTK-9.4.2\ThirdParty\ioss\vtkioss\generated\Iogn_GeneratedMesh.C(1535,34): warning C4244:         with
D:\cybermed\daddy\dependency\sdk-VTK-9.4.2\ThirdParty\ioss\vtkioss\generated\Iogn_GeneratedMesh.C(1535,34): warning C4244:         [
D:\cybermed\daddy\dependency\sdk-VTK-9.4.2\ThirdParty\ioss\vtkioss\generated\Iogn_GeneratedMesh.C(1535,34): warning C4244:             INT=int
D:\cybermed\daddy\dependency\sdk-VTK-9.4.2\ThirdParty\ioss\vtkioss\generated\Iogn_GeneratedMesh.C(1535,34): warning C4244:         ]
D:\cybermed\daddy\dependency\sdk-VTK-9.4.2\ThirdParty\ioss\vtkioss\generated\Iogn_GeneratedMesh.C(1536,46): warning C4244: '=': 'int64_t'에서 'INT'(으)로 변환하면서 데이터가 손실될 수 있습니다.
D:\cybermed\daddy\dependency\sdk-VTK-9.4.2\ThirdParty\ioss\vtkioss\generated\Iogn_GeneratedMesh.C(1536,46): warning C4244:         with
D:\cybermed\daddy\dependency\sdk-VTK-9.4.2\ThirdParty\ioss\vtkioss\generated\Iogn_GeneratedMesh.C(1536,46): warning C4244:         [
D:\cybermed\daddy\dependency\sdk-VTK-9.4.2\ThirdParty\ioss\vtkioss\generated\Iogn_GeneratedMesh.C(1536,46): warning C4244:             INT=int
D:\cybermed\daddy\dependency\sdk-VTK-9.4.2\ThirdParty\ioss\vtkioss\generated\Iogn_GeneratedMesh.C(1536,46): warning C4244:         ]
D:\cybermed\daddy\dependency\sdk-VTK-9.4.2\ThirdParty\ioss\vtkioss\generated\Iogn_GeneratedMesh.C(1537,46): warning C4244: '=': 'int64_t'에서 'INT'(으)로 변환하면서 데이터가 손실될 수 있습니다.
D:\cybermed\daddy\dependency\sdk-VTK-9.4.2\ThirdParty\ioss\vtkioss\generated\Iogn_GeneratedMesh.C(1537,46): warning C4244:         with
D:\cybermed\daddy\dependency\sdk-VTK-9.4.2\ThirdParty\ioss\vtkioss\generated\Iogn_GeneratedMesh.C(1537,46): warning C4244:         [
D:\cybermed\daddy\dependency\sdk-VTK-9.4.2\ThirdParty\ioss\vtkioss\generated\Iogn_GeneratedMesh.C(1537,46): warning C4244:             INT=int
D:\cybermed\daddy\dependency\sdk-VTK-9.4.2\ThirdParty\ioss\vtkioss\generated\Iogn_GeneratedMesh.C(1537,46): warning C4244:         ]
D:\cybermed\daddy\dependency\sdk-VTK-9.4.2\ThirdParty\ioss\vtkioss\generated\Iogn_GeneratedMesh.C(1538,39): warning C4244: '=': 'int64_t'에서 'INT'(으)로 변환하면서 데이터가 손실될 수 있습니다.
D:\cybermed\daddy\dependency\sdk-VTK-9.4.2\ThirdParty\ioss\vtkioss\generated\Iogn_GeneratedMesh.C(1538,39): warning C4244:         with
D:\cybermed\daddy\dependency\sdk-VTK-9.4.2\ThirdParty\ioss\vtkioss\generated\Iogn_GeneratedMesh.C(1538,39): warning C4244:         [
D:\cybermed\daddy\dependency\sdk-VTK-9.4.2\ThirdParty\ioss\vtkioss\generated\Iogn_GeneratedMesh.C(1538,39): warning C4244:             INT=int
D:\cybermed\daddy\dependency\sdk-VTK-9.4.2\ThirdParty\ioss\vtkioss\generated\Iogn_GeneratedMesh.C(1538,39): warning C4244:         ]
D:\cybermed\daddy\dependency\sdk-VTK-9.4.2\ThirdParty\ioss\vtkioss\generated\Iogn_GeneratedMesh.C(1548,34): warning C4244: '=': 'int64_t'에서 'INT'(으)로 변환하면서 데이터가 손실될 수 있습니다.
D:\cybermed\daddy\dependency\sdk-VTK-9.4.2\ThirdParty\ioss\vtkioss\generated\Iogn_GeneratedMesh.C(1548,34): warning C4244:         with
D:\cybermed\daddy\dependency\sdk-VTK-9.4.2\ThirdParty\ioss\vtkioss\generated\Iogn_GeneratedMesh.C(1548,34): warning C4244:         [
D:\cybermed\daddy\dependency\sdk-VTK-9.4.2\ThirdParty\ioss\vtkioss\generated\Iogn_GeneratedMesh.C(1548,34): warning C4244:             INT=int
D:\cybermed\daddy\dependency\sdk-VTK-9.4.2\ThirdParty\ioss\vtkioss\generated\Iogn_GeneratedMesh.C(1548,34): warning C4244:         ]
D:\cybermed\daddy\dependency\sdk-VTK-9.4.2\ThirdParty\ioss\vtkioss\generated\Iogn_GeneratedMesh.C(1549,39): warning C4244: '=': 'int64_t'에서 'INT'(으)로 변환하면서 데이터가 손실될 수 있습니다.
D:\cybermed\daddy\dependency\sdk-VTK-9.4.2\ThirdParty\ioss\vtkioss\generated\Iogn_GeneratedMesh.C(1549,39): warning C4244:         with
D:\cybermed\daddy\dependency\sdk-VTK-9.4.2\ThirdParty\ioss\vtkioss\generated\Iogn_GeneratedMesh.C(1549,39): warning C4244:         [
D:\cybermed\daddy\dependency\sdk-VTK-9.4.2\ThirdParty\ioss\vtkioss\generated\Iogn_GeneratedMesh.C(1549,39): warning C4244:             INT=int
D:\cybermed\daddy\dependency\sdk-VTK-9.4.2\ThirdParty\ioss\vtkioss\generated\Iogn_GeneratedMesh.C(1549,39): warning C4244:         ]
D:\cybermed\daddy\dependency\sdk-VTK-9.4.2\ThirdParty\ioss\vtkioss\generated\Iogn_GeneratedMesh.C(1550,46): warning C4244: '=': 'int64_t'에서 'INT'(으)로 변환하면서 데이터가 손실될 수 있습니다.
D:\cybermed\daddy\dependency\sdk-VTK-9.4.2\ThirdParty\ioss\vtkioss\generated\Iogn_GeneratedMesh.C(1550,46): warning C4244:         with
D:\cybermed\daddy\dependency\sdk-VTK-9.4.2\ThirdParty\ioss\vtkioss\generated\Iogn_GeneratedMesh.C(1550,46): warning C4244:         [
D:\cybermed\daddy\dependency\sdk-VTK-9.4.2\ThirdParty\ioss\vtkioss\generated\Iogn_GeneratedMesh.C(1550,46): warning C4244:             INT=int
D:\cybermed\daddy\dependency\sdk-VTK-9.4.2\ThirdParty\ioss\vtkioss\generated\Iogn_GeneratedMesh.C(1550,46): warning C4244:         ]
D:\cybermed\daddy\dependency\sdk-VTK-9.4.2\ThirdParty\ioss\vtkioss\generated\Iogn_GeneratedMesh.C(1551,46): warning C4244: '=': 'int64_t'에서 'INT'(으)로 변환하면서 데이터가 손실될 수 있습니다.
D:\cybermed\daddy\dependency\sdk-VTK-9.4.2\ThirdParty\ioss\vtkioss\generated\Iogn_GeneratedMesh.C(1551,46): warning C4244:         with
D:\cybermed\daddy\dependency\sdk-VTK-9.4.2\ThirdParty\ioss\vtkioss\generated\Iogn_GeneratedMesh.C(1551,46): warning C4244:         [
D:\cybermed\daddy\dependency\sdk-VTK-9.4.2\ThirdParty\ioss\vtkioss\generated\Iogn_GeneratedMesh.C(1551,46): warning C4244:             INT=int
D:\cybermed\daddy\dependency\sdk-VTK-9.4.2\ThirdParty\ioss\vtkioss\generated\Iogn_GeneratedMesh.C(1551,46): warning C4244:         ]
  Iohb_DatabaseIO.C
D:\cybermed\daddy\dependency\sdk-VTK-9.4.2\ThirdParty\ioss\vtkioss\heartbeat\Iohb_DatabaseIO.C(233,67): warning C4244: '=': 'int64_t'에서 'int'(으)로 변환하면서 데이터가 손실될 수 있습니다.
D:\cybermed\daddy\dependency\sdk-VTK-9.4.2\ThirdParty\ioss\vtkioss\heartbeat\Iohb_DatabaseIO.C(237,70): warning C4244: '=': 'int64_t'에서 'int'(으)로 변환하면서 데이터가 손실될 수 있습니다.
  Iohb_Layout.C
  Ionit_Initializer.C
  Ionull_DatabaseIO.C
  Ionull_IOFactory.C
  Iotr_Initializer.C
  Iotr_MinMax.C
  Iotr_Offset.C
  Iotr_Offset3D.C
  Iotr_Scale.C
  Iotr_Scale3D.C
  Iotr_Tensor.C
  Iotr_VectorMagnitude.C
  Iocgns_DatabaseIO.C
D:\cybermed\daddy\dependency\sdk-VTK-9.4.2\ThirdParty\ioss\vtkioss\cgns\Iocgns_DatabaseIO.C(571,67): warning C4244: '=': 'int64_t'에서 'int'(으)로 변환하면서 데이터가 손실될 수 있습니다.
D:\cybermed\daddy\dependency\sdk-VTK-9.4.2\ThirdParty\ioss\vtkioss\cgns\Iocgns_DatabaseIO.C(663,19): warning C4244: '초기화 중': 'int64_t'에서 'int'(으)로 변환하면서 데이터가 손실될 수 있습니다.
D:\cybermed\daddy\dependency\sdk-VTK-9.4.2\ThirdParty\ioss\vtkioss\cgns\Iocgns_DatabaseIO.C(671,31): warning C4127: 조건식이 상수입니다.
D:\cybermed\daddy\dependency\sdk-VTK-9.4.2\ThirdParty\ioss\vtkioss\cgns\Iocgns_DatabaseIO.C(721,30): warning C4244: '=': '__int64'에서 'int'(으)로 변환하면서 데이터가 손실될 수 있습니다.
D:\cybermed\daddy\dependency\sdk-VTK-9.4.2\ThirdParty\ioss\vtkioss\cgns\Iocgns_DatabaseIO.C(1199,93): warning C4244: '인수': 'cgsize_t'에서 'int'(으)로 변환하면서 데이터가 손실될 수 있습니다.
D:\cybermed\daddy\dependency\sdk-VTK-9.4.2\ThirdParty\ioss\vtkioss\cgns\Iocgns_DatabaseIO.C(1199,84): warning C4244: '인수': 'cgsize_t'에서 'int'(으)로 변환하면서 데이터가 손실될 수 있습니다.
D:\cybermed\daddy\dependency\sdk-VTK-9.4.2\ThirdParty\ioss\vtkioss\cgns\Iocgns_DatabaseIO.C(1199,75): warning C4244: '인수': 'cgsize_t'에서 'int'(으)로 변환하면서 데이터가 손실될 수 있습니다.
D:\cybermed\daddy\dependency\sdk-VTK-9.4.2\ThirdParty\ioss\vtkioss\cgns\Iocgns_DatabaseIO.C(1268,66): warning C4244: '인수': 'int64_t'에서 '_Ty'(으)로 변환하면서 데이터가 손실될 수 있습니다.
D:\cybermed\daddy\dependency\sdk-VTK-9.4.2\ThirdParty\ioss\vtkioss\cgns\Iocgns_DatabaseIO.C(1268,66): warning C4244:         with
D:\cybermed\daddy\dependency\sdk-VTK-9.4.2\ThirdParty\ioss\vtkioss\cgns\Iocgns_DatabaseIO.C(1268,66): warning C4244:         [
D:\cybermed\daddy\dependency\sdk-VTK-9.4.2\ThirdParty\ioss\vtkioss\cgns\Iocgns_DatabaseIO.C(1268,66): warning C4244:             _Ty=int
D:\cybermed\daddy\dependency\sdk-VTK-9.4.2\ThirdParty\ioss\vtkioss\cgns\Iocgns_DatabaseIO.C(1268,66): warning C4244:         ]
D:\cybermed\daddy\dependency\sdk-VTK-9.4.2\ThirdParty\ioss\vtkioss\cgns\Iocgns_DatabaseIO.C(1269,66): warning C4244: '인수': 'int64_t'에서 '_Ty'(으)로 변환하면서 데이터가 손실될 수 있습니다.
D:\cybermed\daddy\dependency\sdk-VTK-9.4.2\ThirdParty\ioss\vtkioss\cgns\Iocgns_DatabaseIO.C(1269,66): warning C4244:         with
D:\cybermed\daddy\dependency\sdk-VTK-9.4.2\ThirdParty\ioss\vtkioss\cgns\Iocgns_DatabaseIO.C(1269,66): warning C4244:         [
D:\cybermed\daddy\dependency\sdk-VTK-9.4.2\ThirdParty\ioss\vtkioss\cgns\Iocgns_DatabaseIO.C(1269,66): warning C4244:             _Ty=int
D:\cybermed\daddy\dependency\sdk-VTK-9.4.2\ThirdParty\ioss\vtkioss\cgns\Iocgns_DatabaseIO.C(1269,66): warning C4244:         ]
D:\cybermed\daddy\dependency\sdk-VTK-9.4.2\ThirdParty\ioss\vtkioss\cgns\Iocgns_DatabaseIO.C(1270,66): warning C4244: '인수': 'int64_t'에서 '_Ty'(으)로 변환하면서 데이터가 손실될 수 있습니다.
D:\cybermed\daddy\dependency\sdk-VTK-9.4.2\ThirdParty\ioss\vtkioss\cgns\Iocgns_DatabaseIO.C(1270,66): warning C4244:         with
D:\cybermed\daddy\dependency\sdk-VTK-9.4.2\ThirdParty\ioss\vtkioss\cgns\Iocgns_DatabaseIO.C(1270,66): warning C4244:         [
D:\cybermed\daddy\dependency\sdk-VTK-9.4.2\ThirdParty\ioss\vtkioss\cgns\Iocgns_DatabaseIO.C(1270,66): warning C4244:             _Ty=int
D:\cybermed\daddy\dependency\sdk-VTK-9.4.2\ThirdParty\ioss\vtkioss\cgns\Iocgns_DatabaseIO.C(1270,66): warning C4244:         ]
D:\cybermed\daddy\dependency\sdk-VTK-9.4.2\ThirdParty\ioss\vtkioss\cgns\Iocgns_DatabaseIO.C(1310,30): warning C4267: '초기화 중': 'size_t'에서 'int'(으)로 변환하면서 데이터가 손실될 수 있습니다.
D:\cybermed\daddy\dependency\sdk-VTK-9.4.2\ThirdParty\ioss\vtkioss\cgns\Iocgns_DatabaseIO.C(1628,19): warning C4244: '초기화 중': 'int64_t'에서 'int'(으)로 변환하면서 데이터가 손실될 수 있습니다.
D:\cybermed\daddy\dependency\sdk-VTK-9.4.2\ThirdParty\ioss\vtkioss\cgns\Iocgns_DatabaseIO.C(1656,16): warning C4244: '초기화 중': 'int64_t'에서 'int'(으)로 변환하면서 데이터가 손실될 수 있습니다.
D:\cybermed\daddy\dependency\sdk-VTK-9.4.2\ThirdParty\ioss\vtkioss\cgns\Iocgns_DatabaseIO.C(1662,29): warning C4244: '초기화 중': 'int64_t'에서 'int'(으)로 변환하면서 데이터가 손실될 수 있습니다.
D:\cybermed\daddy\dependency\sdk-VTK-9.4.2\ThirdParty\ioss\vtkioss\cgns\Iocgns_DatabaseIO.C(1846,38): warning C4244: '초기화 중': 'int64_t'에서 'int'(으)로 변환하면서 데이터가 손실될 수 있습니다.
D:\cybermed\daddy\dependency\sdk-VTK-9.4.2\ThirdParty\ioss\vtkioss\cgns\Iocgns_DatabaseIO.C(2081,46): warning C4244: '초기화 중': 'int64_t'에서 'int'(으)로 변환하면서 데이터가 손실될 수 있습니다.
D:\cybermed\daddy\dependency\sdk-VTK-9.4.2\ThirdParty\ioss\vtkioss\cgns\Iocgns_DatabaseIO.C(2083,46): warning C4244: '초기화 중': 'int64_t'에서 'int'(으)로 변환하면서 데이터가 손실될 수 있습니다.
D:\cybermed\daddy\dependency\sdk-VTK-9.4.2\ThirdParty\ioss\vtkioss\cgns\Iocgns_DatabaseIO.C(2111,32): warning C4244: '=': '_Ty'에서 'int'(으)로 변환하면서 데이터가 손실될 수 있습니다.
D:\cybermed\daddy\dependency\sdk-VTK-9.4.2\ThirdParty\ioss\vtkioss\cgns\Iocgns_DatabaseIO.C(2111,32): warning C4244:         with
D:\cybermed\daddy\dependency\sdk-VTK-9.4.2\ThirdParty\ioss\vtkioss\cgns\Iocgns_DatabaseIO.C(2111,32): warning C4244:         [
D:\cybermed\daddy\dependency\sdk-VTK-9.4.2\ThirdParty\ioss\vtkioss\cgns\Iocgns_DatabaseIO.C(2111,32): warning C4244:             _Ty=int64_t
D:\cybermed\daddy\dependency\sdk-VTK-9.4.2\ThirdParty\ioss\vtkioss\cgns\Iocgns_DatabaseIO.C(2111,32): warning C4244:         ]
D:\cybermed\daddy\dependency\sdk-VTK-9.4.2\ThirdParty\ioss\vtkioss\cgns\Iocgns_DatabaseIO.C(2134,50): warning C4244: '=': '_Ty'에서 'int'(으)로 변환하면서 데이터가 손실될 수 있습니다.
D:\cybermed\daddy\dependency\sdk-VTK-9.4.2\ThirdParty\ioss\vtkioss\cgns\Iocgns_DatabaseIO.C(2134,50): warning C4244:         with
D:\cybermed\daddy\dependency\sdk-VTK-9.4.2\ThirdParty\ioss\vtkioss\cgns\Iocgns_DatabaseIO.C(2134,50): warning C4244:         [
D:\cybermed\daddy\dependency\sdk-VTK-9.4.2\ThirdParty\ioss\vtkioss\cgns\Iocgns_DatabaseIO.C(2134,50): warning C4244:             _Ty=int64_t
D:\cybermed\daddy\dependency\sdk-VTK-9.4.2\ThirdParty\ioss\vtkioss\cgns\Iocgns_DatabaseIO.C(2134,50): warning C4244:         ]
D:\cybermed\daddy\dependency\sdk-VTK-9.4.2\ThirdParty\ioss\vtkioss\cgns\Iocgns_DatabaseIO.C(2215,32): warning C4244: '초기화 중': 'int64_t'에서 'int'(으)로 변환하면서 데이터가 손실될 수 있습니다.
D:\cybermed\daddy\dependency\sdk-VTK-9.4.2\ThirdParty\ioss\vtkioss\cgns\Iocgns_DatabaseIO.C(2407,14): warning C4244: '초기화 중': 'int64_t'에서 'int'(으)로 변환하면서 데이터가 손실될 수 있습니다.
D:\cybermed\daddy\dependency\sdk-VTK-9.4.2\ThirdParty\ioss\vtkioss\cgns\Iocgns_DatabaseIO.C(2409,14): warning C4244: '초기화 중': 'int64_t'에서 'int'(으)로 변환하면서 데이터가 손실될 수 있습니다.
D:\cybermed\daddy\dependency\sdk-VTK-9.4.2\ThirdParty\ioss\vtkioss\cgns\Iocgns_DatabaseIO.C(2483,36): warning C4244: '=': 'cgsize_t'에서 'int'(으)로 변환하면서 데이터가 손실될 수 있습니다.
D:\cybermed\daddy\dependency\sdk-VTK-9.4.2\ThirdParty\ioss\vtkioss\cgns\Iocgns_DatabaseIO.C(2507,55): warning C4267: '=': 'size_t'에서 'int'(으)로 변환하면서 데이터가 손실될 수 있습니다.
D:\cybermed\daddy\dependency\sdk-VTK-9.4.2\ThirdParty\ioss\vtkioss\cgns\Iocgns_DatabaseIO.C(2508,53): warning C4244: '=': '_Ty'에서 'int'(으)로 변환하면서 데이터가 손실될 수 있습니다.
D:\cybermed\daddy\dependency\sdk-VTK-9.4.2\ThirdParty\ioss\vtkioss\cgns\Iocgns_DatabaseIO.C(2508,53): warning C4244:         with
D:\cybermed\daddy\dependency\sdk-VTK-9.4.2\ThirdParty\ioss\vtkioss\cgns\Iocgns_DatabaseIO.C(2508,53): warning C4244:         [
D:\cybermed\daddy\dependency\sdk-VTK-9.4.2\ThirdParty\ioss\vtkioss\cgns\Iocgns_DatabaseIO.C(2508,53): warning C4244:             _Ty=int64_t
D:\cybermed\daddy\dependency\sdk-VTK-9.4.2\ThirdParty\ioss\vtkioss\cgns\Iocgns_DatabaseIO.C(2508,53): warning C4244:         ]
D:\cybermed\daddy\dependency\sdk-VTK-9.4.2\ThirdParty\ioss\vtkioss\cgns\Iocgns_DatabaseIO.C(2560,32): warning C4244: '초기화 중': 'int64_t'에서 'int'(으)로 변환하면서 데이터가 손실될 수 있습니다.
D:\cybermed\daddy\dependency\sdk-VTK-9.4.2\ThirdParty\ioss\vtkioss\cgns\Iocgns_DatabaseIO.C(2601,28): warning C4244: '초기화 중': 'int64_t'에서 'int'(으)로 변환하면서 데이터가 손실될 수 있습니다.
D:\cybermed\daddy\dependency\sdk-VTK-9.4.2\ThirdParty\ioss\vtkioss\cgns\Iocgns_DatabaseIO.C(2789,26): warning C4244: '초기화 중': 'int64_t'에서 'int'(으)로 변환하면서 데이터가 손실될 수 있습니다.
D:\cybermed\daddy\dependency\sdk-VTK-9.4.2\ThirdParty\ioss\vtkioss\cgns\Iocgns_DatabaseIO.C(2889,27): warning C4244: '초기화 중': 'int64_t'에서 'int'(으)로 변환하면서 데이터가 손실될 수 있습니다.
D:\cybermed\daddy\dependency\sdk-VTK-9.4.2\ThirdParty\ioss\vtkioss\cgns\Iocgns_DatabaseIO.C(3096,21): warning C4244: '초기화 중': 'int64_t'에서 'int'(으)로 변환하면서 데이터가 손실될 수 있습니다.
D:\cybermed\daddy\dependency\sdk-VTK-9.4.2\ThirdParty\ioss\vtkioss\cgns\Iocgns_DatabaseIO.C(3135,29): warning C4244: '초기화 중': 'int64_t'에서 'int'(으)로 변환하면서 데이터가 손실될 수 있습니다.
  Iocgns_Utils.C
D:\cybermed\daddy\dependency\sdk-VTK-9.4.2\ThirdParty\ioss\vtkioss\cgns\Iocgns_Utils.C(152,51): warning C4244: '=': 'int64_t'에서 '_Ty'(으)로 변환하면서 데이터가 손실될 수 있습니다.
D:\cybermed\daddy\dependency\sdk-VTK-9.4.2\ThirdParty\ioss\vtkioss\cgns\Iocgns_Utils.C(152,51): warning C4244:         with
D:\cybermed\daddy\dependency\sdk-VTK-9.4.2\ThirdParty\ioss\vtkioss\cgns\Iocgns_Utils.C(152,51): warning C4244:         [
D:\cybermed\daddy\dependency\sdk-VTK-9.4.2\ThirdParty\ioss\vtkioss\cgns\Iocgns_Utils.C(152,51): warning C4244:             _Ty=int
D:\cybermed\daddy\dependency\sdk-VTK-9.4.2\ThirdParty\ioss\vtkioss\cgns\Iocgns_Utils.C(152,51): warning C4244:         ]
D:\cybermed\daddy\dependency\sdk-VTK-9.4.2\ThirdParty\ioss\vtkioss\cgns\Iocgns_Utils.C(153,51): warning C4244: '=': 'int64_t'에서 '_Ty'(으)로 변환하면서 데이터가 손실될 수 있습니다.
D:\cybermed\daddy\dependency\sdk-VTK-9.4.2\ThirdParty\ioss\vtkioss\cgns\Iocgns_Utils.C(153,51): warning C4244:         with
D:\cybermed\daddy\dependency\sdk-VTK-9.4.2\ThirdParty\ioss\vtkioss\cgns\Iocgns_Utils.C(153,51): warning C4244:         [
D:\cybermed\daddy\dependency\sdk-VTK-9.4.2\ThirdParty\ioss\vtkioss\cgns\Iocgns_Utils.C(153,51): warning C4244:             _Ty=int
D:\cybermed\daddy\dependency\sdk-VTK-9.4.2\ThirdParty\ioss\vtkioss\cgns\Iocgns_Utils.C(153,51): warning C4244:         ]
D:\cybermed\daddy\dependency\sdk-VTK-9.4.2\ThirdParty\ioss\vtkioss\cgns\Iocgns_Utils.C(154,51): warning C4244: '=': 'int64_t'에서 '_Ty'(으)로 변환하면서 데이터가 손실될 수 있습니다.
D:\cybermed\daddy\dependency\sdk-VTK-9.4.2\ThirdParty\ioss\vtkioss\cgns\Iocgns_Utils.C(154,51): warning C4244:         with
D:\cybermed\daddy\dependency\sdk-VTK-9.4.2\ThirdParty\ioss\vtkioss\cgns\Iocgns_Utils.C(154,51): warning C4244:         [
D:\cybermed\daddy\dependency\sdk-VTK-9.4.2\ThirdParty\ioss\vtkioss\cgns\Iocgns_Utils.C(154,51): warning C4244:             _Ty=int
D:\cybermed\daddy\dependency\sdk-VTK-9.4.2\ThirdParty\ioss\vtkioss\cgns\Iocgns_Utils.C(154,51): warning C4244:         ]
D:\cybermed\daddy\dependency\sdk-VTK-9.4.2\ThirdParty\ioss\vtkioss\cgns\Iocgns_Utils.C(157,56): warning C4244: '=': 'int64_t'에서 '_Ty'(으)로 변환하면서 데이터가 손실될 수 있습니다.
D:\cybermed\daddy\dependency\sdk-VTK-9.4.2\ThirdParty\ioss\vtkioss\cgns\Iocgns_Utils.C(157,56): warning C4244:         with
D:\cybermed\daddy\dependency\sdk-VTK-9.4.2\ThirdParty\ioss\vtkioss\cgns\Iocgns_Utils.C(157,56): warning C4244:         [
D:\cybermed\daddy\dependency\sdk-VTK-9.4.2\ThirdParty\ioss\vtkioss\cgns\Iocgns_Utils.C(157,56): warning C4244:             _Ty=int
D:\cybermed\daddy\dependency\sdk-VTK-9.4.2\ThirdParty\ioss\vtkioss\cgns\Iocgns_Utils.C(157,56): warning C4244:         ]
D:\cybermed\daddy\dependency\sdk-VTK-9.4.2\ThirdParty\ioss\vtkioss\cgns\Iocgns_Utils.C(158,56): warning C4244: '=': 'int64_t'에서 '_Ty'(으)로 변환하면서 데이터가 손실될 수 있습니다.
D:\cybermed\daddy\dependency\sdk-VTK-9.4.2\ThirdParty\ioss\vtkioss\cgns\Iocgns_Utils.C(158,56): warning C4244:         with
D:\cybermed\daddy\dependency\sdk-VTK-9.4.2\ThirdParty\ioss\vtkioss\cgns\Iocgns_Utils.C(158,56): warning C4244:         [
D:\cybermed\daddy\dependency\sdk-VTK-9.4.2\ThirdParty\ioss\vtkioss\cgns\Iocgns_Utils.C(158,56): warning C4244:             _Ty=int
D:\cybermed\daddy\dependency\sdk-VTK-9.4.2\ThirdParty\ioss\vtkioss\cgns\Iocgns_Utils.C(158,56): warning C4244:         ]
D:\cybermed\daddy\dependency\sdk-VTK-9.4.2\ThirdParty\ioss\vtkioss\cgns\Iocgns_Utils.C(159,56): warning C4244: '=': 'int64_t'에서 '_Ty'(으)로 변환하면서 데이터가 손실될 수 있습니다.
D:\cybermed\daddy\dependency\sdk-VTK-9.4.2\ThirdParty\ioss\vtkioss\cgns\Iocgns_Utils.C(159,56): warning C4244:         with
D:\cybermed\daddy\dependency\sdk-VTK-9.4.2\ThirdParty\ioss\vtkioss\cgns\Iocgns_Utils.C(159,56): warning C4244:         [
D:\cybermed\daddy\dependency\sdk-VTK-9.4.2\ThirdParty\ioss\vtkioss\cgns\Iocgns_Utils.C(159,56): warning C4244:             _Ty=int
D:\cybermed\daddy\dependency\sdk-VTK-9.4.2\ThirdParty\ioss\vtkioss\cgns\Iocgns_Utils.C(159,56): warning C4244:         ]
D:\cybermed\daddy\dependency\sdk-VTK-9.4.2\ThirdParty\ioss\vtkioss\cgns\Iocgns_Utils.C(288,14): warning C4244: '초기화 중': 'int64_t'에서 'int'(으)로 변환하면서 데이터가 손실될 수 있습니다.
D:\cybermed\daddy\dependency\sdk-VTK-9.4.2\ThirdParty\ioss\vtkioss\cgns\Iocgns_Utils.C(289,14): warning C4244: '초기화 중': 'int64_t'에서 'int'(으)로 변환하면서 데이터가 손실될 수 있습니다.
D:\cybermed\daddy\dependency\sdk-VTK-9.4.2\ThirdParty\ioss\vtkioss\cgns\Iocgns_Utils.C(333,45): warning C4267: '인수': 'size_t'에서 '_Ty'(으)로 변환하면서 데이터가 손실될 수 있습니다.
D:\cybermed\daddy\dependency\sdk-VTK-9.4.2\ThirdParty\ioss\vtkioss\cgns\Iocgns_Utils.C(333,45): warning C4267:         with
D:\cybermed\daddy\dependency\sdk-VTK-9.4.2\ThirdParty\ioss\vtkioss\cgns\Iocgns_Utils.C(333,45): warning C4267:         [
D:\cybermed\daddy\dependency\sdk-VTK-9.4.2\ThirdParty\ioss\vtkioss\cgns\Iocgns_Utils.C(333,45): warning C4267:             _Ty=int
D:\cybermed\daddy\dependency\sdk-VTK-9.4.2\ThirdParty\ioss\vtkioss\cgns\Iocgns_Utils.C(333,45): warning C4267:         ]
D:\cybermed\daddy\dependency\sdk-VTK-9.4.2\ThirdParty\ioss\vtkioss\cgns\Iocgns_Utils.C(335,41): warning C4267: '인수': 'size_t'에서 '_Ty'(으)로 변환하면서 데이터가 손실될 수 있습니다.
D:\cybermed\daddy\dependency\sdk-VTK-9.4.2\ThirdParty\ioss\vtkioss\cgns\Iocgns_Utils.C(335,41): warning C4267:         with
D:\cybermed\daddy\dependency\sdk-VTK-9.4.2\ThirdParty\ioss\vtkioss\cgns\Iocgns_Utils.C(335,41): warning C4267:         [
D:\cybermed\daddy\dependency\sdk-VTK-9.4.2\ThirdParty\ioss\vtkioss\cgns\Iocgns_Utils.C(335,41): warning C4267:             _Ty=int
D:\cybermed\daddy\dependency\sdk-VTK-9.4.2\ThirdParty\ioss\vtkioss\cgns\Iocgns_Utils.C(335,41): warning C4267:         ]
D:\cybermed\daddy\dependency\sdk-VTK-9.4.2\ThirdParty\ioss\vtkioss\cgns\Iocgns_Utils.C(630,51): warning C4244: 'return': 'int64_t'에서 'int'(으)로 변환하면서 데이터가 손실될 수 있습니다.
D:\cybermed\daddy\dependency\sdk-VTK-9.4.2\ThirdParty\ioss\vtkioss\cgns\Iocgns_Utils.C(633,48): warning C4244: 'return': 'int64_t'에서 'int'(으)로 변환하면서 데이터가 손실될 수 있습니다.
D:\cybermed\daddy\dependency\sdk-VTK-9.4.2\ThirdParty\ioss\vtkioss\cgns\Iocgns_Utils.C(962,57): warning C4244: '=': 'int64_t'에서 'int'(으)로 변환하면서 데이터가 손실될 수 있습니다.
D:\cybermed\daddy\dependency\sdk-VTK-9.4.2\ThirdParty\ioss\vtkioss\cgns\Iocgns_Utils.C(1011,22): warning C4244: '초기화 중': 'int64_t'에서 'int'(으)로 변환하면서 데이터가 손실될 수 있습니다.
D:\cybermed\daddy\dependency\sdk-VTK-9.4.2\ThirdParty\ioss\vtkioss\cgns\Iocgns_Utils.C(1096,22): warning C4244: '초기화 중': 'int64_t'에서 'int'(으)로 변환하면서 데이터가 손실될 수 있습니다.
D:\cybermed\daddy\dependency\sdk-VTK-9.4.2\ThirdParty\ioss\vtkioss\cgns\Iocgns_Utils.C(1243,61): warning C4244: '=': 'int64_t'에서 'int'(으)로 변환하면서 데이터가 손실될 수 있습니다.
D:\cybermed\daddy\dependency\sdk-VTK-9.4.2\ThirdParty\ioss\vtkioss\cgns\Iocgns_Utils.C(1250,22): warning C4244: '초기화 중': 'int64_t'에서 'int'(으)로 변환하면서 데이터가 손실될 수 있습니다.
D:\cybermed\daddy\dependency\sdk-VTK-9.4.2\ThirdParty\ioss\vtkioss\cgns\Iocgns_Utils.C(1314,53): warning C4244: '=': 'int64_t'에서 '_Ty'(으)로 변환하면서 데이터가 손실될 수 있습니다.
D:\cybermed\daddy\dependency\sdk-VTK-9.4.2\ThirdParty\ioss\vtkioss\cgns\Iocgns_Utils.C(1314,53): warning C4244:         with
D:\cybermed\daddy\dependency\sdk-VTK-9.4.2\ThirdParty\ioss\vtkioss\cgns\Iocgns_Utils.C(1314,53): warning C4244:         [
D:\cybermed\daddy\dependency\sdk-VTK-9.4.2\ThirdParty\ioss\vtkioss\cgns\Iocgns_Utils.C(1314,53): warning C4244:             _Ty=int
D:\cybermed\daddy\dependency\sdk-VTK-9.4.2\ThirdParty\ioss\vtkioss\cgns\Iocgns_Utils.C(1314,53): warning C4244:         ]
D:\cybermed\daddy\dependency\sdk-VTK-9.4.2\ThirdParty\ioss\vtkioss\cgns\Iocgns_Utils.C(1315,53): warning C4244: '=': 'int64_t'에서 '_Ty'(으)로 변환하면서 데이터가 손실될 수 있습니다.
D:\cybermed\daddy\dependency\sdk-VTK-9.4.2\ThirdParty\ioss\vtkioss\cgns\Iocgns_Utils.C(1315,53): warning C4244:         with
D:\cybermed\daddy\dependency\sdk-VTK-9.4.2\ThirdParty\ioss\vtkioss\cgns\Iocgns_Utils.C(1315,53): warning C4244:         [
D:\cybermed\daddy\dependency\sdk-VTK-9.4.2\ThirdParty\ioss\vtkioss\cgns\Iocgns_Utils.C(1315,53): warning C4244:             _Ty=int
D:\cybermed\daddy\dependency\sdk-VTK-9.4.2\ThirdParty\ioss\vtkioss\cgns\Iocgns_Utils.C(1315,53): warning C4244:         ]
D:\cybermed\daddy\dependency\sdk-VTK-9.4.2\ThirdParty\ioss\vtkioss\cgns\Iocgns_Utils.C(1316,53): warning C4244: '=': 'int64_t'에서 '_Ty'(으)로 변환하면서 데이터가 손실될 수 있습니다.
D:\cybermed\daddy\dependency\sdk-VTK-9.4.2\ThirdParty\ioss\vtkioss\cgns\Iocgns_Utils.C(1316,53): warning C4244:         with
D:\cybermed\daddy\dependency\sdk-VTK-9.4.2\ThirdParty\ioss\vtkioss\cgns\Iocgns_Utils.C(1316,53): warning C4244:         [
D:\cybermed\daddy\dependency\sdk-VTK-9.4.2\ThirdParty\ioss\vtkioss\cgns\Iocgns_Utils.C(1316,53): warning C4244:             _Ty=int
D:\cybermed\daddy\dependency\sdk-VTK-9.4.2\ThirdParty\ioss\vtkioss\cgns\Iocgns_Utils.C(1316,53): warning C4244:         ]
D:\cybermed\daddy\dependency\sdk-VTK-9.4.2\ThirdParty\ioss\vtkioss\cgns\Iocgns_Utils.C(1580,14): warning C4244: '초기화 중': 'int64_t'에서 'int'(으)로 변환하면서 데이터가 손실될 수 있습니다.
D:\cybermed\daddy\dependency\sdk-VTK-9.4.2\ThirdParty\ioss\vtkioss\cgns\Iocgns_Utils.C(1950,21): warning C4244: '초기화 중': 'int64_t'에서 'int'(으)로 변환하면서 데이터가 손실될 수 있습니다.
D:\cybermed\daddy\dependency\sdk-VTK-9.4.2\ThirdParty\ioss\vtkioss\cgns\Iocgns_Utils.C(1963,24): warning C4244: '초기화 중': 'int64_t'에서 'int'(으)로 변환하면서 데이터가 손실될 수 있습니다.
D:\cybermed\daddy\dependency\sdk-VTK-9.4.2\ThirdParty\ioss\vtkioss\cgns\Iocgns_Utils.C(2033,12): warning C4244: '초기화 중': 'int64_t'에서 'int'(으)로 변환하면서 데이터가 손실될 수 있습니다.
D:\cybermed\daddy\dependency\sdk-VTK-9.4.2\ThirdParty\ioss\vtkioss\cgns\Iocgns_Utils.C(2126,12): warning C4244: '초기화 중': 'int64_t'에서 'int'(으)로 변환하면서 데이터가 손실될 수 있습니다.
D:\cybermed\daddy\dependency\sdk-VTK-9.4.2\ThirdParty\ioss\vtkioss\cgns\Iocgns_Utils.C(2178,58): warning C4244: '=': 'int64_t'에서 '_Ty'(으)로 변환하면서 데이터가 손실될 수 있습니다.
D:\cybermed\daddy\dependency\sdk-VTK-9.4.2\ThirdParty\ioss\vtkioss\cgns\Iocgns_Utils.C(2178,58): warning C4244:         with
D:\cybermed\daddy\dependency\sdk-VTK-9.4.2\ThirdParty\ioss\vtkioss\cgns\Iocgns_Utils.C(2178,58): warning C4244:         [
D:\cybermed\daddy\dependency\sdk-VTK-9.4.2\ThirdParty\ioss\vtkioss\cgns\Iocgns_Utils.C(2178,58): warning C4244:             _Ty=int
D:\cybermed\daddy\dependency\sdk-VTK-9.4.2\ThirdParty\ioss\vtkioss\cgns\Iocgns_Utils.C(2178,58): warning C4244:         ]
D:\cybermed\daddy\dependency\sdk-VTK-9.4.2\ThirdParty\ioss\vtkioss\cgns\Iocgns_Utils.C(2179,58): warning C4244: '=': 'int64_t'에서 '_Ty'(으)로 변환하면서 데이터가 손실될 수 있습니다.
D:\cybermed\daddy\dependency\sdk-VTK-9.4.2\ThirdParty\ioss\vtkioss\cgns\Iocgns_Utils.C(2179,58): warning C4244:         with
D:\cybermed\daddy\dependency\sdk-VTK-9.4.2\ThirdParty\ioss\vtkioss\cgns\Iocgns_Utils.C(2179,58): warning C4244:         [
D:\cybermed\daddy\dependency\sdk-VTK-9.4.2\ThirdParty\ioss\vtkioss\cgns\Iocgns_Utils.C(2179,58): warning C4244:             _Ty=int
D:\cybermed\daddy\dependency\sdk-VTK-9.4.2\ThirdParty\ioss\vtkioss\cgns\Iocgns_Utils.C(2179,58): warning C4244:         ]
D:\cybermed\daddy\dependency\sdk-VTK-9.4.2\ThirdParty\ioss\vtkioss\cgns\Iocgns_Utils.C(2180,58): warning C4244: '=': 'int64_t'에서 '_Ty'(으)로 변환하면서 데이터가 손실될 수 있습니다.
D:\cybermed\daddy\dependency\sdk-VTK-9.4.2\ThirdParty\ioss\vtkioss\cgns\Iocgns_Utils.C(2180,58): warning C4244:         with
D:\cybermed\daddy\dependency\sdk-VTK-9.4.2\ThirdParty\ioss\vtkioss\cgns\Iocgns_Utils.C(2180,58): warning C4244:         [
D:\cybermed\daddy\dependency\sdk-VTK-9.4.2\ThirdParty\ioss\vtkioss\cgns\Iocgns_Utils.C(2180,58): warning C4244:             _Ty=int
D:\cybermed\daddy\dependency\sdk-VTK-9.4.2\ThirdParty\ioss\vtkioss\cgns\Iocgns_Utils.C(2180,58): warning C4244:         ]
D:\cybermed\daddy\dependency\sdk-VTK-9.4.2\ThirdParty\ioss\vtkioss\cgns\Iocgns_Utils.C(2198,3): warning C4267: '인수': 'size_t'에서 'int'(으)로 변환하면서 데이터가 손실될 수 있습니다.
D:\cybermed\daddy\dependency\sdk-VTK-9.4.2\ThirdParty\ioss\vtkioss\cgns\Iocgns_Utils.C(2299,11): warning C4244: '초기화 중': 'int64_t'에서 'int'(으)로 변환하면서 데이터가 손실될 수 있습니다.
D:\cybermed\daddy\dependency\sdk-VTK-9.4.2\ThirdParty\ioss\vtkioss\cgns\Iocgns_Utils.C(2698,20): warning C4267: '=': 'size_t'에서 'int'(으)로 변환하면서 데이터가 손실될 수 있습니다.
D:\cybermed\daddy\dependency\sdk-VTK-9.4.2\ThirdParty\ioss\vtkioss\cgns\Iocgns_Utils.C(2761,21): warning C4244: '초기화 중': 'size_t'에서 'double'(으)로 변환하면서 데이터가 손실될 수 있습니다.
D:\cybermed\daddy\dependency\sdk-VTK-9.4.2\ThirdParty\ioss\vtkioss\cgns\Iocgns_Utils.C(2786,21): warning C4244: '초기화 중': 'size_t'에서 'double'(으)로 변환하면서 데이터가 손실될 수 있습니다.
D:\cybermed\daddy\dependency\sdk-VTK-9.4.2\ThirdParty\ioss\vtkioss\cgns\Iocgns_Utils.C(2813,19): warning C4244: '초기화 중': 'size_t'에서 'double'(으)로 변환하면서 데이터가 손실될 수 있습니다.
D:\cybermed\daddy\dependency\sdk-VTK-9.4.2\ThirdParty\ioss\vtkioss\cgns\Iocgns_Utils.C(2882,27): warning C4244: '초기화 중': 'size_t'에서 'double'(으)로 변환하면서 데이터가 손실될 수 있습니다.
  Iocgns_Initializer.C
  코드를 생성하고 있습니다...
  컴파일하고 있습니다...
  Iocgns_StructuredZoneData.C
D:\cybermed\daddy\dependency\sdk-VTK-9.4.2\ThirdParty\ioss\vtkioss\cgns\Iocgns_StructuredZoneData.C(340,43): warning C4244: '=': '__int64'에서 '_Ty'(으)로 변환하면서 데이터가 손실될 수 있습니다.
D:\cybermed\daddy\dependency\sdk-VTK-9.4.2\ThirdParty\ioss\vtkioss\cgns\Iocgns_StructuredZoneData.C(340,43): warning C4244:         with
D:\cybermed\daddy\dependency\sdk-VTK-9.4.2\ThirdParty\ioss\vtkioss\cgns\Iocgns_StructuredZoneData.C(340,43): warning C4244:         [
D:\cybermed\daddy\dependency\sdk-VTK-9.4.2\ThirdParty\ioss\vtkioss\cgns\Iocgns_StructuredZoneData.C(340,43): warning C4244:             _Ty=int
D:\cybermed\daddy\dependency\sdk-VTK-9.4.2\ThirdParty\ioss\vtkioss\cgns\Iocgns_StructuredZoneData.C(340,43): warning C4244:         ]
  Iocgns_IOFactory.C
  Ioex_BaseDatabaseIO.C
D:\cybermed\daddy\dependency\sdk-VTK-9.4.2\ThirdParty\ioss\vtkioss\exodus\Ioex_BaseDatabaseIO.C(169,37): warning C4244: '초기화 중': 'int64_t'에서 'int'(으)로 변환하면서 데이터가 손실될 수 있습니다.
D:\cybermed\daddy\dependency\sdk-VTK-9.4.2\ThirdParty\ioss\vtkioss\exodus\Ioex_BaseDatabaseIO.C(173,27): warning C4244: '초기화 중': 'int64_t'에서 'int'(으)로 변환하면서 데이터가 손실될 수 있습니다.
D:\cybermed\daddy\dependency\sdk-VTK-9.4.2\ThirdParty\ioss\vtkioss\exodus\Ioex_BaseDatabaseIO.C(289,72): warning C4244: '=': 'int64_t'에서 'int'(으)로 변환하면서 데이터가 손실될 수 있습니다.
D:\cybermed\daddy\dependency\sdk-VTK-9.4.2\ThirdParty\ioss\vtkioss\exodus\Ioex_BaseDatabaseIO.C(293,17): warning C4244: '초기화 중': 'int64_t'에서 'int'(으)로 변환하면서 데이터가 손실될 수 있습니다.
D:\cybermed\daddy\dependency\sdk-VTK-9.4.2\ThirdParty\ioss\vtkioss\exodus\Ioex_BaseDatabaseIO.C(300,17): warning C4244: '초기화 중': 'int64_t'에서 'int'(으)로 변환하면서 데이터가 손실될 수 있습니다.
D:\cybermed\daddy\dependency\sdk-VTK-9.4.2\ThirdParty\ioss\vtkioss\exodus\Ioex_BaseDatabaseIO.C(307,17): warning C4244: '초기화 중': 'int64_t'에서 'int'(으)로 변환하면서 데이터가 손실될 수 있습니다.
D:\cybermed\daddy\dependency\sdk-VTK-9.4.2\ThirdParty\ioss\vtkioss\exodus\Ioex_BaseDatabaseIO.C(315,23): warning C4244: '초기화 중': 'int64_t'에서 'int'(으)로 변환하면서 데이터가 손실될 수 있습니다.
D:\cybermed\daddy\dependency\sdk-VTK-9.4.2\ThirdParty\ioss\vtkioss\exodus\Ioex_BaseDatabaseIO.C(486,25): warning C4244: '초기화 중': 'int64_t'에서 'int'(으)로 변환하면서 데이터가 손실될 수 있습니다.
D:\cybermed\daddy\dependency\sdk-VTK-9.4.2\ThirdParty\ioss\vtkioss\exodus\Ioex_BaseDatabaseIO.C(556,52): warning C4267: '인수': 'size_t'에서 'int'(으)로 변환하면서 데이터가 손실될 수 있습니다.
D:\cybermed\daddy\dependency\sdk-VTK-9.4.2\ThirdParty\ioss\vtkioss\exodus\Ioex_BaseDatabaseIO.C(593,63): warning C4267: '인수': 'size_t'에서 'int'(으)로 변환하면서 데이터가 손실될 수 있습니다.
D:\cybermed\daddy\dependency\sdk-VTK-9.4.2\ThirdParty\ioss\vtkioss\exodus\Ioex_BaseDatabaseIO.C(637,57): warning C4267: '=': 'size_t'에서 'int'(으)로 변환하면서 데이터가 손실될 수 있습니다.
D:\cybermed\daddy\dependency\sdk-VTK-9.4.2\ThirdParty\ioss\vtkioss\exodus\Ioex_BaseDatabaseIO.C(775,29): warning C4244: '초기화 중': 'int64_t'에서 'int'(으)로 변환하면서 데이터가 손실될 수 있습니다.
D:\cybermed\daddy\dependency\sdk-VTK-9.4.2\ThirdParty\ioss\vtkioss\exodus\Ioex_BaseDatabaseIO.C(823,15): warning C4244: '초기화 중': 'int64_t'에서 'int'(으)로 변환하면서 데이터가 손실될 수 있습니다.
D:\cybermed\daddy\dependency\sdk-VTK-9.4.2\ThirdParty\ioss\vtkioss\exodus\Ioex_BaseDatabaseIO.C(827,27): warning C4244: '초기화 중': 'int64_t'에서 'int'(으)로 변환하면서 데이터가 손실될 수 있습니다.
D:\cybermed\daddy\dependency\sdk-VTK-9.4.2\ThirdParty\ioss\vtkioss\exodus\Ioex_BaseDatabaseIO.C(870,29): warning C4244: '초기화 중': 'int64_t'에서 'int'(으)로 변환하면서 데이터가 손실될 수 있습니다.
D:\cybermed\daddy\dependency\sdk-VTK-9.4.2\ThirdParty\ioss\vtkioss\exodus\Ioex_BaseDatabaseIO.C(1252,64): warning C4244: '=': 'int64_t'에서 '_Ty'(으)로 변환하면서 데이터가 손실될 수 있습니다.
D:\cybermed\daddy\dependency\sdk-VTK-9.4.2\ThirdParty\ioss\vtkioss\exodus\Ioex_BaseDatabaseIO.C(1252,64): warning C4244:         with
D:\cybermed\daddy\dependency\sdk-VTK-9.4.2\ThirdParty\ioss\vtkioss\exodus\Ioex_BaseDatabaseIO.C(1252,64): warning C4244:         [
D:\cybermed\daddy\dependency\sdk-VTK-9.4.2\ThirdParty\ioss\vtkioss\exodus\Ioex_BaseDatabaseIO.C(1252,64): warning C4244:             _Ty=double
D:\cybermed\daddy\dependency\sdk-VTK-9.4.2\ThirdParty\ioss\vtkioss\exodus\Ioex_BaseDatabaseIO.C(1252,64): warning C4244:         ]
D:\cybermed\daddy\dependency\sdk-VTK-9.4.2\ThirdParty\ioss\vtkioss\exodus\Ioex_BaseDatabaseIO.C(1426,63): warning C4267: '=': 'size_t'에서 'int'(으)로 변환하면서 데이터가 손실될 수 있습니다.
D:\cybermed\daddy\dependency\sdk-VTK-9.4.2\ThirdParty\ioss\vtkioss\exodus\Ioex_BaseDatabaseIO.C(1428,59): warning C4267: '=': 'size_t'에서 'int'(으)로 변환하면서 데이터가 손실될 수 있습니다.
D:\cybermed\daddy\dependency\sdk-VTK-9.4.2\ThirdParty\ioss\vtkioss\exodus\Ioex_BaseDatabaseIO.C(1429,59): warning C4267: '=': 'size_t'에서 'int'(으)로 변환하면서 데이터가 손실될 수 있습니다.
D:\cybermed\daddy\dependency\sdk-VTK-9.4.2\ThirdParty\ioss\vtkioss\exodus\Ioex_BaseDatabaseIO.C(1430,59): warning C4267: '=': 'size_t'에서 'int'(으)로 변환하면서 데이터가 손실될 수 있습니다.
D:\cybermed\daddy\dependency\sdk-VTK-9.4.2\ThirdParty\ioss\vtkioss\exodus\Ioex_BaseDatabaseIO.C(1431,59): warning C4267: '=': 'size_t'에서 'int'(으)로 변환하면서 데이터가 손실될 수 있습니다.
D:\cybermed\daddy\dependency\sdk-VTK-9.4.2\ThirdParty\ioss\vtkioss\exodus\Ioex_BaseDatabaseIO.C(1432,57): warning C4267: '=': 'size_t'에서 'int'(으)로 변환하면서 데이터가 손실될 수 있습니다.
D:\cybermed\daddy\dependency\sdk-VTK-9.4.2\ThirdParty\ioss\vtkioss\exodus\Ioex_BaseDatabaseIO.C(1433,57): warning C4267: '=': 'size_t'에서 'int'(으)로 변환하면서 데이터가 손실될 수 있습니다.
D:\cybermed\daddy\dependency\sdk-VTK-9.4.2\ThirdParty\ioss\vtkioss\exodus\Ioex_BaseDatabaseIO.C(1434,57): warning C4267: '=': 'size_t'에서 'int'(으)로 변환하면서 데이터가 손실될 수 있습니다.
D:\cybermed\daddy\dependency\sdk-VTK-9.4.2\ThirdParty\ioss\vtkioss\exodus\Ioex_BaseDatabaseIO.C(1435,57): warning C4267: '=': 'size_t'에서 'int'(으)로 변환하면서 데이터가 손실될 수 있습니다.
D:\cybermed\daddy\dependency\sdk-VTK-9.4.2\ThirdParty\ioss\vtkioss\exodus\Ioex_BaseDatabaseIO.C(1436,57): warning C4267: '=': 'size_t'에서 'int'(으)로 변환하면서 데이터가 손실될 수 있습니다.
D:\cybermed\daddy\dependency\sdk-VTK-9.4.2\ThirdParty\ioss\vtkioss\exodus\Ioex_BaseDatabaseIO.C(1516,21): warning C4244: '초기화 중': 'int64_t'에서 'int'(으)로 변환하면서 데이터가 손실될 수 있습니다.
D:\cybermed\daddy\dependency\sdk-VTK-9.4.2\ThirdParty\ioss\vtkioss\exodus\Ioex_BaseDatabaseIO.C(1628,60): warning C4244: '인수': 'int64_t'에서 'int'(으)로 변환하면서 데이터가 손실될 수 있습니다.
D:\cybermed\daddy\dependency\sdk-VTK-9.4.2\ThirdParty\ioss\vtkioss\exodus\Ioex_BaseDatabaseIO.C(1667,24): warning C4244: '초기화 중': 'int64_t'에서 'int'(으)로 변환하면서 데이터가 손실될 수 있습니다.
D:\cybermed\daddy\dependency\sdk-VTK-9.4.2\ThirdParty\ioss\vtkioss\exodus\Ioex_BaseDatabaseIO.C(1939,65): warning C4267: '=': 'size_t'에서 'int'(으)로 변환하면서 데이터가 손실될 수 있습니다.
D:\cybermed\daddy\dependency\sdk-VTK-9.4.2\ThirdParty\ioss\vtkioss\exodus\Ioex_BaseDatabaseIO.C(1941,61): warning C4267: '=': 'size_t'에서 'int'(으)로 변환하면서 데이터가 손실될 수 있습니다.
D:\cybermed\daddy\dependency\sdk-VTK-9.4.2\ThirdParty\ioss\vtkioss\exodus\Ioex_BaseDatabaseIO.C(1942,61): warning C4267: '=': 'size_t'에서 'int'(으)로 변환하면서 데이터가 손실될 수 있습니다.
D:\cybermed\daddy\dependency\sdk-VTK-9.4.2\ThirdParty\ioss\vtkioss\exodus\Ioex_BaseDatabaseIO.C(1943,61): warning C4267: '=': 'size_t'에서 'int'(으)로 변환하면서 데이터가 손실될 수 있습니다.
D:\cybermed\daddy\dependency\sdk-VTK-9.4.2\ThirdParty\ioss\vtkioss\exodus\Ioex_BaseDatabaseIO.C(1944,61): warning C4267: '=': 'size_t'에서 'int'(으)로 변환하면서 데이터가 손실될 수 있습니다.
D:\cybermed\daddy\dependency\sdk-VTK-9.4.2\ThirdParty\ioss\vtkioss\exodus\Ioex_BaseDatabaseIO.C(1945,59): warning C4267: '=': 'size_t'에서 'int'(으)로 변환하면서 데이터가 손실될 수 있습니다.
D:\cybermed\daddy\dependency\sdk-VTK-9.4.2\ThirdParty\ioss\vtkioss\exodus\Ioex_BaseDatabaseIO.C(1946,59): warning C4267: '=': 'size_t'에서 'int'(으)로 변환하면서 데이터가 손실될 수 있습니다.
D:\cybermed\daddy\dependency\sdk-VTK-9.4.2\ThirdParty\ioss\vtkioss\exodus\Ioex_BaseDatabaseIO.C(1947,59): warning C4267: '=': 'size_t'에서 'int'(으)로 변환하면서 데이터가 손실될 수 있습니다.
D:\cybermed\daddy\dependency\sdk-VTK-9.4.2\ThirdParty\ioss\vtkioss\exodus\Ioex_BaseDatabaseIO.C(1948,59): warning C4267: '=': 'size_t'에서 'int'(으)로 변환하면서 데이터가 손실될 수 있습니다.
D:\cybermed\daddy\dependency\sdk-VTK-9.4.2\ThirdParty\ioss\vtkioss\exodus\Ioex_BaseDatabaseIO.C(1949,59): warning C4267: '=': 'size_t'에서 'int'(으)로 변환하면서 데이터가 손실될 수 있습니다.
D:\cybermed\daddy\dependency\sdk-VTK-9.4.2\ThirdParty\ioss\vtkioss\exodus\Ioex_BaseDatabaseIO.C(1977,94): warning C4267: '인수': 'size_t'에서 'int'(으)로 변환하면서 데이터가 손실될 수 있습니다.
D:\cybermed\daddy\dependency\sdk-VTK-9.4.2\ThirdParty\ioss\vtkioss\exodus\Ioex_BaseDatabaseIO.C(1984,69): warning C4267: '인수': 'size_t'에서 'int'(으)로 변환하면서 데이터가 손실될 수 있습니다.
D:\cybermed\daddy\dependency\sdk-VTK-9.4.2\ThirdParty\ioss\vtkioss\exodus\Ioex_BaseDatabaseIO.C(2432,71): warning C4267: '인수': 'size_t'에서 'int'(으)로 변환하면서 데이터가 손실될 수 있습니다.
D:\cybermed\daddy\dependency\sdk-VTK-9.4.2\ThirdParty\ioss\vtkioss\exodus\Ioex_BaseDatabaseIO.C(2435,64): warning C4267: '인수': 'size_t'에서 'int'(으)로 변환하면서 데이터가 손실될 수 있습니다.
D:\cybermed\daddy\dependency\sdk-VTK-9.4.2\ThirdParty\ioss\vtkioss\exodus\Ioex_BaseDatabaseIO.C(2805,82): warning C4244: '=': 'int64_t'에서 'int'(으)로 변환하면서 데이터가 손실될 수 있습니다.
D:\cybermed\daddy\dependency\sdk-VTK-9.4.2\ThirdParty\ioss\vtkioss\exodus\Ioex_BaseDatabaseIO.C(2824,50): warning C4267: '=': 'size_t'에서 'int'(으)로 변환하면서 데이터가 손실될 수 있습니다.
D:\cybermed\daddy\dependency\sdk-VTK-9.4.2\ThirdParty\ioss\vtkioss\exodus\Ioex_BaseDatabaseIO.C(2840,41): warning C4267: '=': 'size_t'에서 'int'(으)로 변환하면서 데이터가 손실될 수 있습니다.
D:\cybermed\daddy\dependency\sdk-VTK-9.4.2\ThirdParty\ioss\vtkioss\exodus\Ioex_BaseDatabaseIO.C(2860,53): warning C4267: '=': 'size_t'에서 'int'(으)로 변환하면서 데이터가 손실될 수 있습니다.
D:\cybermed\daddy\dependency\sdk-VTK-9.4.2\ThirdParty\ioss\vtkioss\exodus\Ioex_BaseDatabaseIO.C(2880,53): warning C4267: '=': 'size_t'에서 'int'(으)로 변환하면서 데이터가 손실될 수 있습니다.
D:\cybermed\daddy\dependency\sdk-VTK-9.4.2\ThirdParty\ioss\vtkioss\exodus\Ioex_BaseDatabaseIO.C(2904,56): warning C4267: '=': 'size_t'에서 'int'(으)로 변환하면서 데이터가 손실될 수 있습니다.
D:\cybermed\daddy\dependency\sdk-VTK-9.4.2\ThirdParty\ioss\vtkioss\exodus\Ioex_BaseDatabaseIO.C(2930,48): warning C4267: '=': 'size_t'에서 'int'(으)로 변환하면서 데이터가 손실될 수 있습니다.
D:\cybermed\daddy\dependency\sdk-VTK-9.4.2\ThirdParty\ioss\vtkioss\exodus\Ioex_BaseDatabaseIO.C(2945,48): warning C4267: '=': 'size_t'에서 'int'(으)로 변환하면서 데이터가 손실될 수 있습니다.
D:\cybermed\daddy\dependency\sdk-VTK-9.4.2\ThirdParty\ioss\vtkioss\exodus\Ioex_BaseDatabaseIO.C(2960,48): warning C4267: '=': 'size_t'에서 'int'(으)로 변환하면서 데이터가 손실될 수 있습니다.
D:\cybermed\daddy\dependency\sdk-VTK-9.4.2\ThirdParty\ioss\vtkioss\exodus\Ioex_BaseDatabaseIO.C(2975,51): warning C4267: '=': 'size_t'에서 'int'(으)로 변환하면서 데이터가 손실될 수 있습니다.
D:\cybermed\daddy\dependency\sdk-VTK-9.4.2\ThirdParty\ioss\vtkioss\exodus\Ioex_BaseDatabaseIO.C(3016,45): warning C4267: '=': 'size_t'에서 'int'(으)로 변환하면서 데이터가 손실될 수 있습니다.
D:\cybermed\daddy\dependency\sdk-VTK-9.4.2\ThirdParty\ioss\vtkioss\exodus\Ioex_BaseDatabaseIO.C(3105,67): warning C4267: '인수': 'size_t'에서 'int'(으)로 변환하면서 데이터가 손실될 수 있습니다.
D:\cybermed\daddy\dependency\sdk-VTK-9.4.2\ThirdParty\ioss\vtkioss\exodus\Ioex_BaseDatabaseIO.C(3105,53): warning C4267: '인수': 'size_t'에서 'int'(으)로 변환하면서 데이터가 손실될 수 있습니다.
D:\cybermed\daddy\dependency\sdk-VTK-9.4.2\ThirdParty\ioss\vtkioss\exodus\Ioex_BaseDatabaseIO.C(3129,38): warning C4267: '인수': 'size_t'에서 'int'(으)로 변환하면서 데이터가 손실될 수 있습니다.
D:\cybermed\daddy\dependency\sdk-VTK-9.4.2\ThirdParty\ioss\vtkioss\exodus\Ioex_BaseDatabaseIO.C(3162,38): warning C4267: '인수': 'size_t'에서 'int'(으)로 변환하면서 데이터가 손실될 수 있습니다.
D:\cybermed\daddy\dependency\sdk-VTK-9.4.2\ThirdParty\ioss\vtkioss\exodus\Ioex_BaseDatabaseIO.C(3221,25): warning C4244: '초기화 중': 'int64_t'에서 'int'(으)로 변환하면서 데이터가 손실될 수 있습니다.
D:\cybermed\daddy\dependency\sdk-VTK-9.4.2\ThirdParty\ioss\vtkioss\exodus\Ioex_BaseDatabaseIO.C(3246,24): warning C4267: '초기화 중': 'size_t'에서 'int'(으)로 변환하면서 데이터가 손실될 수 있습니다.
D:\cybermed\daddy\dependency\sdk-VTK-9.4.2\ThirdParty\ioss\vtkioss\exodus\Ioex_BaseDatabaseIO.C(3180,27): warning C4244: '초기화 중': 'int64_t'에서 'int'(으)로 변환하면서 데이터가 손실될 수 있습니다.
      D:\cybermed\daddy\dependency\sdk-VTK-9.4.2\ThirdParty\ioss\vtkioss\exodus\Ioex_BaseDatabaseIO.C(3180,27):
      템플릿 인스턴스화 컨텍스트(가장 오래된 인스턴스화 컨텍스트)가
          D:\cybermed\daddy\dependency\sdk-VTK-9.4.2\ThirdParty\ioss\vtkioss\exodus\Ioex_BaseDatabaseIO.C(3023,5):
          컴파일되는 함수 템플릿 인스턴스화 'void `anonymous-namespace'::write_attribute_names<vtkioss_Ioss::NodeSet>(int,ex_entity_type,const std::vector<vtkioss_Ioss::NodeSet *,std::allocator<vtkioss_Ioss::NodeSet *>> &)'에 대한 참조를 확인하세요.
  
D:\cybermed\daddy\dependency\sdk-VTK-9.4.2\ThirdParty\ioss\vtkioss\exodus\Ioex_BaseDatabaseIO.C(3201,28): warning C4267: '초기화 중': 'size_t'에서 'int'(으)로 변환하면서 데이터가 손실될 수 있습니다.
  Ioex_DatabaseIO.C
D:\cybermed\daddy\dependency\sdk-VTK-9.4.2\ThirdParty\ioss\vtkioss\exodus\Ioex_DatabaseIO.C(242,37): warning C4244: '=': '__int64'에서 'int'(으)로 변환하면서 데이터가 손실될 수 있습니다.
D:\cybermed\daddy\dependency\sdk-VTK-9.4.2\ThirdParty\ioss\vtkioss\exodus\Ioex_DatabaseIO.C(406,24): warning C4244: '초기화 중': 'int64_t'에서 'int'(으)로 변환하면서 데이터가 손실될 수 있습니다.
D:\cybermed\daddy\dependency\sdk-VTK-9.4.2\ThirdParty\ioss\vtkioss\exodus\Ioex_DatabaseIO.C(411,21): warning C4244: '초기화 중': 'int64_t'에서 'int'(으)로 변환하면서 데이터가 손실될 수 있습니다.
D:\cybermed\daddy\dependency\sdk-VTK-9.4.2\ThirdParty\ioss\vtkioss\exodus\Ioex_DatabaseIO.C(536,28): warning C4244: '=': 'int64_t'에서 'int'(으)로 변환하면서 데이터가 손실될 수 있습니다.
D:\cybermed\daddy\dependency\sdk-VTK-9.4.2\ThirdParty\ioss\vtkioss\exodus\Ioex_DatabaseIO.C(543,39): warning C4244: '=': 'int64_t'에서 'int'(으)로 변환하면서 데이터가 손실될 수 있습니다.
D:\cybermed\daddy\dependency\sdk-VTK-9.4.2\ThirdParty\ioss\vtkioss\exodus\Ioex_DatabaseIO.C(544,39): warning C4244: '=': 'int64_t'에서 'int'(으)로 변환하면서 데이터가 손실될 수 있습니다.
D:\cybermed\daddy\dependency\sdk-VTK-9.4.2\ThirdParty\ioss\vtkioss\exodus\Ioex_DatabaseIO.C(545,39): warning C4244: '=': 'int64_t'에서 'int'(으)로 변환하면서 데이터가 손실될 수 있습니다.
D:\cybermed\daddy\dependency\sdk-VTK-9.4.2\ThirdParty\ioss\vtkioss\exodus\Ioex_DatabaseIO.C(547,37): warning C4244: '=': 'int64_t'에서 'int'(으)로 변환하면서 데이터가 손실될 수 있습니다.
D:\cybermed\daddy\dependency\sdk-VTK-9.4.2\ThirdParty\ioss\vtkioss\exodus\Ioex_DatabaseIO.C(548,37): warning C4244: '=': 'int64_t'에서 'int'(으)로 변환하면서 데이터가 손실될 수 있습니다.
D:\cybermed\daddy\dependency\sdk-VTK-9.4.2\ThirdParty\ioss\vtkioss\exodus\Ioex_DatabaseIO.C(549,37): warning C4244: '=': 'int64_t'에서 'int'(으)로 변환하면서 데이터가 손실될 수 있습니다.
D:\cybermed\daddy\dependency\sdk-VTK-9.4.2\ThirdParty\ioss\vtkioss\exodus\Ioex_DatabaseIO.C(550,37): warning C4244: '=': 'int64_t'에서 'int'(으)로 변환하면서 데이터가 손실될 수 있습니다.
D:\cybermed\daddy\dependency\sdk-VTK-9.4.2\ThirdParty\ioss\vtkioss\exodus\Ioex_DatabaseIO.C(552,37): warning C4244: '=': 'int64_t'에서 'int'(으)로 변환하면서 데이터가 손실될 수 있습니다.
D:\cybermed\daddy\dependency\sdk-VTK-9.4.2\ThirdParty\ioss\vtkioss\exodus\Ioex_DatabaseIO.C(553,37): warning C4244: '=': 'int64_t'에서 'int'(으)로 변환하면서 데이터가 손실될 수 있습니다.
D:\cybermed\daddy\dependency\sdk-VTK-9.4.2\ThirdParty\ioss\vtkioss\exodus\Ioex_DatabaseIO.C(554,37): warning C4244: '=': 'int64_t'에서 'int'(으)로 변환하면서 데이터가 손실될 수 있습니다.
D:\cybermed\daddy\dependency\sdk-VTK-9.4.2\ThirdParty\ioss\vtkioss\exodus\Ioex_DatabaseIO.C(603,16): warning C4244: '초기화 중': 'int64_t'에서 'int'(으)로 변환하면서 데이터가 손실될 수 있습니다.
D:\cybermed\daddy\dependency\sdk-VTK-9.4.2\ThirdParty\ioss\vtkioss\exodus\Ioex_DatabaseIO.C(630,18): warning C4244: '초기화 중': 'int64_t'에서 'int'(으)로 변환하면서 데이터가 손실될 수 있습니다.
D:\cybermed\daddy\dependency\sdk-VTK-9.4.2\ThirdParty\ioss\vtkioss\exodus\Ioex_DatabaseIO.C(651,40): warning C4244: '=': 'int64_t'에서 'int'(으)로 변환하면서 데이터가 손실될 수 있습니다.
D:\cybermed\daddy\dependency\sdk-VTK-9.4.2\ThirdParty\ioss\vtkioss\exodus\Ioex_DatabaseIO.C(685,40): warning C4244: '=': 'int64_t'에서 'int'(으)로 변환하면서 데이터가 손실될 수 있습니다.
D:\cybermed\daddy\dependency\sdk-VTK-9.4.2\ThirdParty\ioss\vtkioss\exodus\Ioex_DatabaseIO.C(990,24): warning C4244: '초기화 중': 'int64_t'에서 'int'(으)로 변환하면서 데이터가 손실될 수 있습니다.
D:\cybermed\daddy\dependency\sdk-VTK-9.4.2\ThirdParty\ioss\vtkioss\exodus\Ioex_DatabaseIO.C(1165,32): warning C4267: '인수': 'size_t'에서 'int'(으)로 변환하면서 데이터가 손실될 수 있습니다.
D:\cybermed\daddy\dependency\sdk-VTK-9.4.2\ThirdParty\ioss\vtkioss\exodus\Ioex_DatabaseIO.C(1215,43): warning C4244: '인수': 'int64_t'에서 'int'(으)로 변환하면서 데이터가 손실될 수 있습니다.
D:\cybermed\daddy\dependency\sdk-VTK-9.4.2\ThirdParty\ioss\vtkioss\exodus\Ioex_DatabaseIO.C(1312,35): warning C4244: '인수': 'int64_t'에서 'int'(으)로 변환하면서 데이터가 손실될 수 있습니다.
D:\cybermed\daddy\dependency\sdk-VTK-9.4.2\ThirdParty\ioss\vtkioss\exodus\Ioex_DatabaseIO.C(1314,34): warning C4244: '=': 'int64_t'에서 'int'(으)로 변환하면서 데이터가 손실될 수 있습니다.
D:\cybermed\daddy\dependency\sdk-VTK-9.4.2\ThirdParty\ioss\vtkioss\exodus\Ioex_DatabaseIO.C(1611,17): warning C4244: '=': 'int64_t'에서 'T'(으)로 변환하면서 데이터가 손실될 수 있습니다.
D:\cybermed\daddy\dependency\sdk-VTK-9.4.2\ThirdParty\ioss\vtkioss\exodus\Ioex_DatabaseIO.C(1611,17): warning C4244:         with
D:\cybermed\daddy\dependency\sdk-VTK-9.4.2\ThirdParty\ioss\vtkioss\exodus\Ioex_DatabaseIO.C(1611,17): warning C4244:         [
D:\cybermed\daddy\dependency\sdk-VTK-9.4.2\ThirdParty\ioss\vtkioss\exodus\Ioex_DatabaseIO.C(1611,17): warning C4244:             T=int
D:\cybermed\daddy\dependency\sdk-VTK-9.4.2\ThirdParty\ioss\vtkioss\exodus\Ioex_DatabaseIO.C(1611,17): warning C4244:         ]
D:\cybermed\daddy\dependency\sdk-VTK-9.4.2\ThirdParty\ioss\vtkioss\exodus\Ioex_DatabaseIO.C(1615,76): warning C4244: '=': 'int64_t'에서 'T'(으)로 변환하면서 데이터가 손실될 수 있습니다.
D:\cybermed\daddy\dependency\sdk-VTK-9.4.2\ThirdParty\ioss\vtkioss\exodus\Ioex_DatabaseIO.C(1615,76): warning C4244:         with
D:\cybermed\daddy\dependency\sdk-VTK-9.4.2\ThirdParty\ioss\vtkioss\exodus\Ioex_DatabaseIO.C(1615,76): warning C4244:         [
D:\cybermed\daddy\dependency\sdk-VTK-9.4.2\ThirdParty\ioss\vtkioss\exodus\Ioex_DatabaseIO.C(1615,76): warning C4244:             T=int
D:\cybermed\daddy\dependency\sdk-VTK-9.4.2\ThirdParty\ioss\vtkioss\exodus\Ioex_DatabaseIO.C(1615,76): warning C4244:         ]
D:\cybermed\daddy\dependency\sdk-VTK-9.4.2\ThirdParty\ioss\vtkioss\exodus\Ioex_DatabaseIO.C(1637,57): warning C4244: '=': 'int64_t'에서 'T'(으)로 변환하면서 데이터가 손실될 수 있습니다.
D:\cybermed\daddy\dependency\sdk-VTK-9.4.2\ThirdParty\ioss\vtkioss\exodus\Ioex_DatabaseIO.C(1637,57): warning C4244:         with
D:\cybermed\daddy\dependency\sdk-VTK-9.4.2\ThirdParty\ioss\vtkioss\exodus\Ioex_DatabaseIO.C(1637,57): warning C4244:         [
D:\cybermed\daddy\dependency\sdk-VTK-9.4.2\ThirdParty\ioss\vtkioss\exodus\Ioex_DatabaseIO.C(1637,57): warning C4244:             T=int
D:\cybermed\daddy\dependency\sdk-VTK-9.4.2\ThirdParty\ioss\vtkioss\exodus\Ioex_DatabaseIO.C(1637,57): warning C4244:         ]
D:\cybermed\daddy\dependency\sdk-VTK-9.4.2\ThirdParty\ioss\vtkioss\exodus\Ioex_DatabaseIO.C(1691,95): warning C4244: '인수': 'int64_t'에서 'int'(으)로 변환하면서 데이터가 손실될 수 있습니다.
D:\cybermed\daddy\dependency\sdk-VTK-9.4.2\ThirdParty\ioss\vtkioss\exodus\Ioex_DatabaseIO.C(1837,26): warning C4244: '초기화 중': '_Ty'에서 'int'(으)로 변환하면서 데이터가 손실될 수 있습니다.
D:\cybermed\daddy\dependency\sdk-VTK-9.4.2\ThirdParty\ioss\vtkioss\exodus\Ioex_DatabaseIO.C(1837,26): warning C4244:         with
D:\cybermed\daddy\dependency\sdk-VTK-9.4.2\ThirdParty\ioss\vtkioss\exodus\Ioex_DatabaseIO.C(1837,26): warning C4244:         [
D:\cybermed\daddy\dependency\sdk-VTK-9.4.2\ThirdParty\ioss\vtkioss\exodus\Ioex_DatabaseIO.C(1837,26): warning C4244:             _Ty=int64_t
D:\cybermed\daddy\dependency\sdk-VTK-9.4.2\ThirdParty\ioss\vtkioss\exodus\Ioex_DatabaseIO.C(1837,26): warning C4244:         ]
D:\cybermed\daddy\dependency\sdk-VTK-9.4.2\ThirdParty\ioss\vtkioss\exodus\Ioex_DatabaseIO.C(2221,32): warning C4244: '=': 'int64_t'에서 'int'(으)로 변환하면서 데이터가 손실될 수 있습니다.
D:\cybermed\daddy\dependency\sdk-VTK-9.4.2\ThirdParty\ioss\vtkioss\exodus\Ioex_DatabaseIO.C(2258,39): warning C4244: '=': 'int64_t'에서 'int'(으)로 변환하면서 데이터가 손실될 수 있습니다.
D:\cybermed\daddy\dependency\sdk-VTK-9.4.2\ThirdParty\ioss\vtkioss\exodus\Ioex_DatabaseIO.C(2492,49): warning C4267: '=': 'size_t'에서 'int'(으)로 변환하면서 데이터가 손실될 수 있습니다.
D:\cybermed\daddy\dependency\sdk-VTK-9.4.2\ThirdParty\ioss\vtkioss\exodus\Ioex_DatabaseIO.C(2998,50): warning C4244: '=': 'const _Ty'에서 'int'(으)로 변환하면서 데이터가 손실될 수 있습니다.
D:\cybermed\daddy\dependency\sdk-VTK-9.4.2\ThirdParty\ioss\vtkioss\exodus\Ioex_DatabaseIO.C(2998,50): warning C4244:         with
D:\cybermed\daddy\dependency\sdk-VTK-9.4.2\ThirdParty\ioss\vtkioss\exodus\Ioex_DatabaseIO.C(2998,50): warning C4244:         [
D:\cybermed\daddy\dependency\sdk-VTK-9.4.2\ThirdParty\ioss\vtkioss\exodus\Ioex_DatabaseIO.C(2998,50): warning C4244:             _Ty=int64_t
D:\cybermed\daddy\dependency\sdk-VTK-9.4.2\ThirdParty\ioss\vtkioss\exodus\Ioex_DatabaseIO.C(2998,50): warning C4244:         ]
D:\cybermed\daddy\dependency\sdk-VTK-9.4.2\ThirdParty\ioss\vtkioss\exodus\Ioex_DatabaseIO.C(3056,49): warning C4244: '=': 'const _Ty'에서 'int'(으)로 변환하면서 데이터가 손실될 수 있습니다.
D:\cybermed\daddy\dependency\sdk-VTK-9.4.2\ThirdParty\ioss\vtkioss\exodus\Ioex_DatabaseIO.C(3056,49): warning C4244:         with
D:\cybermed\daddy\dependency\sdk-VTK-9.4.2\ThirdParty\ioss\vtkioss\exodus\Ioex_DatabaseIO.C(3056,49): warning C4244:         [
D:\cybermed\daddy\dependency\sdk-VTK-9.4.2\ThirdParty\ioss\vtkioss\exodus\Ioex_DatabaseIO.C(3056,49): warning C4244:             _Ty=int64_t
D:\cybermed\daddy\dependency\sdk-VTK-9.4.2\ThirdParty\ioss\vtkioss\exodus\Ioex_DatabaseIO.C(3056,49): warning C4244:         ]
D:\cybermed\daddy\dependency\sdk-VTK-9.4.2\ThirdParty\ioss\vtkioss\exodus\Ioex_DatabaseIO.C(3278,61): warning C4244: '=': 'const _Ty'에서 'int'(으)로 변환하면서 데이터가 손실될 수 있습니다.
D:\cybermed\daddy\dependency\sdk-VTK-9.4.2\ThirdParty\ioss\vtkioss\exodus\Ioex_DatabaseIO.C(3278,61): warning C4244:         with
D:\cybermed\daddy\dependency\sdk-VTK-9.4.2\ThirdParty\ioss\vtkioss\exodus\Ioex_DatabaseIO.C(3278,61): warning C4244:         [
D:\cybermed\daddy\dependency\sdk-VTK-9.4.2\ThirdParty\ioss\vtkioss\exodus\Ioex_DatabaseIO.C(3278,61): warning C4244:             _Ty=int64_t
D:\cybermed\daddy\dependency\sdk-VTK-9.4.2\ThirdParty\ioss\vtkioss\exodus\Ioex_DatabaseIO.C(3278,61): warning C4244:         ]
D:\cybermed\daddy\dependency\sdk-VTK-9.4.2\ThirdParty\ioss\vtkioss\exodus\Ioex_DatabaseIO.C(3283,54): warning C4244: '=': 'int64_t'에서 'int'(으)로 변환하면서 데이터가 손실될 수 있습니다.
D:\cybermed\daddy\dependency\sdk-VTK-9.4.2\ThirdParty\ioss\vtkioss\exodus\Ioex_DatabaseIO.C(3317,63): warning C4244: '=': 'const _Ty'에서 'int'(으)로 변환하면서 데이터가 손실될 수 있습니다.
D:\cybermed\daddy\dependency\sdk-VTK-9.4.2\ThirdParty\ioss\vtkioss\exodus\Ioex_DatabaseIO.C(3317,63): warning C4244:         with
D:\cybermed\daddy\dependency\sdk-VTK-9.4.2\ThirdParty\ioss\vtkioss\exodus\Ioex_DatabaseIO.C(3317,63): warning C4244:         [
D:\cybermed\daddy\dependency\sdk-VTK-9.4.2\ThirdParty\ioss\vtkioss\exodus\Ioex_DatabaseIO.C(3317,63): warning C4244:             _Ty=int64_t
D:\cybermed\daddy\dependency\sdk-VTK-9.4.2\ThirdParty\ioss\vtkioss\exodus\Ioex_DatabaseIO.C(3317,63): warning C4244:         ]
D:\cybermed\daddy\dependency\sdk-VTK-9.4.2\ThirdParty\ioss\vtkioss\exodus\Ioex_DatabaseIO.C(3322,56): warning C4244: '=': 'int64_t'에서 'int'(으)로 변환하면서 데이터가 손실될 수 있습니다.
D:\cybermed\daddy\dependency\sdk-VTK-9.4.2\ThirdParty\ioss\vtkioss\exodus\Ioex_DatabaseIO.C(3351,39): warning C4244: '=': 'int64_t'에서 'int'(으)로 변환하면서 데이터가 손실될 수 있습니다.
D:\cybermed\daddy\dependency\sdk-VTK-9.4.2\ThirdParty\ioss\vtkioss\exodus\Ioex_DatabaseIO.C(3361,39): warning C4244: '=': 'int64_t'에서 'int'(으)로 변환하면서 데이터가 손실될 수 있습니다.
D:\cybermed\daddy\dependency\sdk-VTK-9.4.2\ThirdParty\ioss\vtkioss\exodus\Ioex_DatabaseIO.C(3367,40): warning C4244: '=': 'int64_t'에서 'int'(으)로 변환하면서 데이터가 손실될 수 있습니다.
D:\cybermed\daddy\dependency\sdk-VTK-9.4.2\ThirdParty\ioss\vtkioss\exodus\Ioex_DatabaseIO.C(3422,36): warning C4244: '초기화 중': 'int64_t'에서 'int'(으)로 변환하면서 데이터가 손실될 수 있습니다.
D:\cybermed\daddy\dependency\sdk-VTK-9.4.2\ThirdParty\ioss\vtkioss\exodus\Ioex_DatabaseIO.C(3479,66): warning C4244: '인수': 'int64_t'에서 'int'(으)로 변환하면서 데이터가 손실될 수 있습니다.
D:\cybermed\daddy\dependency\sdk-VTK-9.4.2\ThirdParty\ioss\vtkioss\exodus\Ioex_DatabaseIO.C(3505,72): warning C4244: '인수': 'int64_t'에서 'int'(으)로 변환하면서 데이터가 손실될 수 있습니다.
D:\cybermed\daddy\dependency\sdk-VTK-9.4.2\ThirdParty\ioss\vtkioss\exodus\Ioex_DatabaseIO.C(3533,36): warning C4244: '초기화 중': 'int64_t'에서 'int'(으)로 변환하면서 데이터가 손실될 수 있습니다.
D:\cybermed\daddy\dependency\sdk-VTK-9.4.2\ThirdParty\ioss\vtkioss\exodus\Ioex_DatabaseIO.C(3553,59): warning C4244: '인수': 'int64_t'에서 'int'(으)로 변환하면서 데이터가 손실될 수 있습니다.
D:\cybermed\daddy\dependency\sdk-VTK-9.4.2\ThirdParty\ioss\vtkioss\exodus\Ioex_DatabaseIO.C(3566,75): warning C4244: '인수': 'int64_t'에서 'int'(으)로 변환하면서 데이터가 손실될 수 있습니다.
D:\cybermed\daddy\dependency\sdk-VTK-9.4.2\ThirdParty\ioss\vtkioss\exodus\Ioex_DatabaseIO.C(3616,57): warning C4267: '인수': 'size_t'에서 'int'(으)로 변환하면서 데이터가 손실될 수 있습니다.
D:\cybermed\daddy\dependency\sdk-VTK-9.4.2\ThirdParty\ioss\vtkioss\exodus\Ioex_DatabaseIO.C(3616,45): warning C4267: '인수': 'size_t'에서 'int'(으)로 변환하면서 데이터가 손실될 수 있습니다.
D:\cybermed\daddy\dependency\sdk-VTK-9.4.2\ThirdParty\ioss\vtkioss\exodus\Ioex_DatabaseIO.C(3623,87): warning C4267: '인수': 'size_t'에서 'int'(으)로 변환하면서 데이터가 손실될 수 있습니다.
D:\cybermed\daddy\dependency\sdk-VTK-9.4.2\ThirdParty\ioss\vtkioss\exodus\Ioex_DatabaseIO.C(3639,59): warning C4267: '인수': 'size_t'에서 'int'(으)로 변환하면서 데이터가 손실될 수 있습니다.
D:\cybermed\daddy\dependency\sdk-VTK-9.4.2\ThirdParty\ioss\vtkioss\exodus\Ioex_DatabaseIO.C(3639,47): warning C4267: '인수': 'size_t'에서 'int'(으)로 변환하면서 데이터가 손실될 수 있습니다.
D:\cybermed\daddy\dependency\sdk-VTK-9.4.2\ThirdParty\ioss\vtkioss\exodus\Ioex_DatabaseIO.C(3693,85): warning C4267: '인수': 'size_t'에서 'int'(으)로 변환하면서 데이터가 손실될 수 있습니다.
D:\cybermed\daddy\dependency\sdk-VTK-9.4.2\ThirdParty\ioss\vtkioss\exodus\Ioex_DatabaseIO.C(3708,64): warning C4267: '인수': 'size_t'에서 'int'(으)로 변환하면서 데이터가 손실될 수 있습니다.
D:\cybermed\daddy\dependency\sdk-VTK-9.4.2\ThirdParty\ioss\vtkioss\exodus\Ioex_DatabaseIO.C(3708,45): warning C4267: '인수': 'size_t'에서 'int'(으)로 변환하면서 데이터가 손실될 수 있습니다.
D:\cybermed\daddy\dependency\sdk-VTK-9.4.2\ThirdParty\ioss\vtkioss\exodus\Ioex_DatabaseIO.C(4022,76): warning C4244: '인수': 'int64_t'에서 'int'(으)로 변환하면서 데이터가 손실될 수 있습니다.
D:\cybermed\daddy\dependency\sdk-VTK-9.4.2\ThirdParty\ioss\vtkioss\exodus\Ioex_DatabaseIO.C(4979,52): warning C4244: '=': 'int64_t'에서 'int'(으)로 변환하면서 데이터가 손실될 수 있습니다.
D:\cybermed\daddy\dependency\sdk-VTK-9.4.2\ThirdParty\ioss\vtkioss\exodus\Ioex_DatabaseIO.C(5048,45): warning C4244: '=': 'int64_t'에서 'int'(으)로 변환하면서 데이터가 손실될 수 있습니다.
D:\cybermed\daddy\dependency\sdk-VTK-9.4.2\ThirdParty\ioss\vtkioss\exodus\Ioex_DatabaseIO.C(5222,53): warning C4244: '=': 'int64_t'에서 '_Ty'(으)로 변환하면서 데이터가 손실될 수 있습니다.
D:\cybermed\daddy\dependency\sdk-VTK-9.4.2\ThirdParty\ioss\vtkioss\exodus\Ioex_DatabaseIO.C(5222,53): warning C4244:         with
D:\cybermed\daddy\dependency\sdk-VTK-9.4.2\ThirdParty\ioss\vtkioss\exodus\Ioex_DatabaseIO.C(5222,53): warning C4244:         [
D:\cybermed\daddy\dependency\sdk-VTK-9.4.2\ThirdParty\ioss\vtkioss\exodus\Ioex_DatabaseIO.C(5222,53): warning C4244:             _Ty=int
D:\cybermed\daddy\dependency\sdk-VTK-9.4.2\ThirdParty\ioss\vtkioss\exodus\Ioex_DatabaseIO.C(5222,53): warning C4244:         ]
D:\cybermed\daddy\dependency\sdk-VTK-9.4.2\ThirdParty\ioss\vtkioss\exodus\Ioex_DatabaseIO.C(5223,47): warning C4267: '=': 'size_t'에서 '_Ty'(으)로 변환하면서 데이터가 손실될 수 있습니다.
D:\cybermed\daddy\dependency\sdk-VTK-9.4.2\ThirdParty\ioss\vtkioss\exodus\Ioex_DatabaseIO.C(5223,47): warning C4267:         with
D:\cybermed\daddy\dependency\sdk-VTK-9.4.2\ThirdParty\ioss\vtkioss\exodus\Ioex_DatabaseIO.C(5223,47): warning C4267:         [
D:\cybermed\daddy\dependency\sdk-VTK-9.4.2\ThirdParty\ioss\vtkioss\exodus\Ioex_DatabaseIO.C(5223,47): warning C4267:             _Ty=int
D:\cybermed\daddy\dependency\sdk-VTK-9.4.2\ThirdParty\ioss\vtkioss\exodus\Ioex_DatabaseIO.C(5223,47): warning C4267:         ]
D:\cybermed\daddy\dependency\sdk-VTK-9.4.2\ThirdParty\ioss\vtkioss\exodus\Ioex_DatabaseIO.C(5288,45): warning C4267: '=': 'size_t'에서 '_Ty'(으)로 변환하면서 데이터가 손실될 수 있습니다.
D:\cybermed\daddy\dependency\sdk-VTK-9.4.2\ThirdParty\ioss\vtkioss\exodus\Ioex_DatabaseIO.C(5288,45): warning C4267:         with
D:\cybermed\daddy\dependency\sdk-VTK-9.4.2\ThirdParty\ioss\vtkioss\exodus\Ioex_DatabaseIO.C(5288,45): warning C4267:         [
D:\cybermed\daddy\dependency\sdk-VTK-9.4.2\ThirdParty\ioss\vtkioss\exodus\Ioex_DatabaseIO.C(5288,45): warning C4267:             _Ty=int
D:\cybermed\daddy\dependency\sdk-VTK-9.4.2\ThirdParty\ioss\vtkioss\exodus\Ioex_DatabaseIO.C(5288,45): warning C4267:         ]
D:\cybermed\daddy\dependency\sdk-VTK-9.4.2\ThirdParty\ioss\vtkioss\exodus\Ioex_DatabaseIO.C(5427,73): warning C4244: '=': 'int64_t'에서 'int'(으)로 변환하면서 데이터가 손실될 수 있습니다.
D:\cybermed\daddy\dependency\sdk-VTK-9.4.2\ThirdParty\ioss\vtkioss\exodus\Ioex_DatabaseIO.C(5430,85): warning C4244: '=': 'int64_t'에서 'int'(으)로 변환하면서 데이터가 손실될 수 있습니다.
D:\cybermed\daddy\dependency\sdk-VTK-9.4.2\ThirdParty\ioss\vtkioss\exodus\Ioex_DatabaseIO.C(5434,67): warning C4244: '=': 'int64_t'에서 'int'(으)로 변환하면서 데이터가 손실될 수 있습니다.
D:\cybermed\daddy\dependency\sdk-VTK-9.4.2\ThirdParty\ioss\vtkioss\exodus\Ioex_DatabaseIO.C(5437,79): warning C4244: '=': 'int64_t'에서 'int'(으)로 변환하면서 데이터가 손실될 수 있습니다.
D:\cybermed\daddy\dependency\sdk-VTK-9.4.2\ThirdParty\ioss\vtkioss\exodus\Ioex_DatabaseIO.C(129,31): warning C4244: '=': 'T'에서 '_Ty'(으)로 변환하면서 데이터가 손실될 수 있습니다.
D:\cybermed\daddy\dependency\sdk-VTK-9.4.2\ThirdParty\ioss\vtkioss\exodus\Ioex_DatabaseIO.C(129,31): warning C4244:         with
D:\cybermed\daddy\dependency\sdk-VTK-9.4.2\ThirdParty\ioss\vtkioss\exodus\Ioex_DatabaseIO.C(129,31): warning C4244:         [
D:\cybermed\daddy\dependency\sdk-VTK-9.4.2\ThirdParty\ioss\vtkioss\exodus\Ioex_DatabaseIO.C(129,31): warning C4244:             T=int64_t
D:\cybermed\daddy\dependency\sdk-VTK-9.4.2\ThirdParty\ioss\vtkioss\exodus\Ioex_DatabaseIO.C(129,31): warning C4244:         ]
D:\cybermed\daddy\dependency\sdk-VTK-9.4.2\ThirdParty\ioss\vtkioss\exodus\Ioex_DatabaseIO.C(129,31): warning C4244:         and
D:\cybermed\daddy\dependency\sdk-VTK-9.4.2\ThirdParty\ioss\vtkioss\exodus\Ioex_DatabaseIO.C(129,31): warning C4244:         [
D:\cybermed\daddy\dependency\sdk-VTK-9.4.2\ThirdParty\ioss\vtkioss\exodus\Ioex_DatabaseIO.C(129,31): warning C4244:             _Ty=double
D:\cybermed\daddy\dependency\sdk-VTK-9.4.2\ThirdParty\ioss\vtkioss\exodus\Ioex_DatabaseIO.C(129,31): warning C4244:         ]
      D:\cybermed\daddy\dependency\sdk-VTK-9.4.2\ThirdParty\ioss\vtkioss\exodus\Ioex_DatabaseIO.C(129,31):
      템플릿 인스턴스화 컨텍스트(가장 오래된 인스턴스화 컨텍스트)가
          D:\cybermed\daddy\dependency\sdk-VTK-9.4.2\ThirdParty\ioss\vtkioss\exodus\Ioex_DatabaseIO.C(3447,9):
          컴파일되는 함수 템플릿 인스턴스화 'void `anonymous-namespace'::extract_data<int64_t>(std::vector<double,std::allocator<double>> &,T *,size_t,size_t,size_t)'에 대한 참조를 확인하세요.
          with
          [
              T=int64_t
          ]
  
D:\cybermed\daddy\dependency\sdk-VTK-9.4.2\ThirdParty\ioss\vtkioss\exodus\Ioex_DatabaseIO.C(134,36): warning C4244: '=': 'T'에서 '_Ty'(으)로 변환하면서 데이터가 손실될 수 있습니다.
D:\cybermed\daddy\dependency\sdk-VTK-9.4.2\ThirdParty\ioss\vtkioss\exodus\Ioex_DatabaseIO.C(134,36): warning C4244:         with
D:\cybermed\daddy\dependency\sdk-VTK-9.4.2\ThirdParty\ioss\vtkioss\exodus\Ioex_DatabaseIO.C(134,36): warning C4244:         [
D:\cybermed\daddy\dependency\sdk-VTK-9.4.2\ThirdParty\ioss\vtkioss\exodus\Ioex_DatabaseIO.C(134,36): warning C4244:             T=int64_t
D:\cybermed\daddy\dependency\sdk-VTK-9.4.2\ThirdParty\ioss\vtkioss\exodus\Ioex_DatabaseIO.C(134,36): warning C4244:         ]
D:\cybermed\daddy\dependency\sdk-VTK-9.4.2\ThirdParty\ioss\vtkioss\exodus\Ioex_DatabaseIO.C(134,36): warning C4244:         and
D:\cybermed\daddy\dependency\sdk-VTK-9.4.2\ThirdParty\ioss\vtkioss\exodus\Ioex_DatabaseIO.C(134,36): warning C4244:         [
D:\cybermed\daddy\dependency\sdk-VTK-9.4.2\ThirdParty\ioss\vtkioss\exodus\Ioex_DatabaseIO.C(134,36): warning C4244:             _Ty=double
D:\cybermed\daddy\dependency\sdk-VTK-9.4.2\ThirdParty\ioss\vtkioss\exodus\Ioex_DatabaseIO.C(134,36): warning C4244:         ]
D:\cybermed\daddy\dependency\sdk-VTK-9.4.2\ThirdParty\ioss\vtkioss\exodus\Ioex_DatabaseIO.C(3846,68): warning C4244: '인수': 'int64_t'에서 'int'(으)로 변환하면서 데이터가 손실될 수 있습니다.
      D:\cybermed\daddy\dependency\sdk-VTK-9.4.2\ThirdParty\ioss\vtkioss\exodus\Ioex_DatabaseIO.C(3846,68):
      템플릿 인스턴스화 컨텍스트(가장 오래된 인스턴스화 컨텍스트)가
          D:\cybermed\daddy\dependency\sdk-VTK-9.4.2\ThirdParty\ioss\vtkioss\exodus\Ioex_DatabaseIO.C(3864,14):
          컴파일되는 함수 템플릿 인스턴스화 'int64_t vtkioss_Ioex::DatabaseIO::get_side_connectivity_internal<int>(const vtkioss_Ioss::SideBlock *,int64_t,int64_t,INT *,bool) const'에 대한 참조를 확인하세요.
          with
          [
              INT=int
          ]
  
D:\cybermed\daddy\dependency\sdk-VTK-9.4.2\ThirdParty\ioss\vtkioss\exodus\Ioex_DatabaseIO.C(3848,60): warning C4244: '인수': 'int64_t'에서 'int'(으)로 변환하면서 데이터가 손실될 수 있습니다.
D:\cybermed\daddy\dependency\sdk-VTK-9.4.2\ThirdParty\ioss\vtkioss\exodus\Ioex_DatabaseIO.C(110,28): warning C4267: '=': 'size_t'에서 'T'(으)로 변환하면서 데이터가 손실될 수 있습니다.
D:\cybermed\daddy\dependency\sdk-VTK-9.4.2\ThirdParty\ioss\vtkioss\exodus\Ioex_DatabaseIO.C(110,28): warning C4267:         with
D:\cybermed\daddy\dependency\sdk-VTK-9.4.2\ThirdParty\ioss\vtkioss\exodus\Ioex_DatabaseIO.C(110,28): warning C4267:         [
D:\cybermed\daddy\dependency\sdk-VTK-9.4.2\ThirdParty\ioss\vtkioss\exodus\Ioex_DatabaseIO.C(110,28): warning C4267:             T=int
D:\cybermed\daddy\dependency\sdk-VTK-9.4.2\ThirdParty\ioss\vtkioss\exodus\Ioex_DatabaseIO.C(110,28): warning C4267:         ]
      D:\cybermed\daddy\dependency\sdk-VTK-9.4.2\ThirdParty\ioss\vtkioss\exodus\Ioex_DatabaseIO.C(110,28):
      템플릿 인스턴스화 컨텍스트(가장 오래된 인스턴스화 컨텍스트)가
          D:\cybermed\daddy\dependency\sdk-VTK-9.4.2\ThirdParty\ioss\vtkioss\exodus\Ioex_DatabaseIO.C(5021,13):
          컴파일되는 함수 템플릿 인스턴스화 'void `anonymous-namespace'::compute_internal_border_maps<int>(T *,T *,size_t,size_t)'에 대한 참조를 확인하세요.
          with
          [
              T=int
          ]
  
D:\cybermed\daddy\dependency\sdk-VTK-9.4.2\ThirdParty\ioss\vtkioss\exodus\Ioex_DatabaseIO.C(117,28): warning C4267: '=': 'size_t'에서 'T'(으)로 변환하면서 데이터가 손실될 수 있습니다.
D:\cybermed\daddy\dependency\sdk-VTK-9.4.2\ThirdParty\ioss\vtkioss\exodus\Ioex_DatabaseIO.C(117,28): warning C4267:         with
D:\cybermed\daddy\dependency\sdk-VTK-9.4.2\ThirdParty\ioss\vtkioss\exodus\Ioex_DatabaseIO.C(117,28): warning C4267:         [
D:\cybermed\daddy\dependency\sdk-VTK-9.4.2\ThirdParty\ioss\vtkioss\exodus\Ioex_DatabaseIO.C(117,28): warning C4267:             T=int
D:\cybermed\daddy\dependency\sdk-VTK-9.4.2\ThirdParty\ioss\vtkioss\exodus\Ioex_DatabaseIO.C(117,28): warning C4267:         ]
  Ioex_Internals.C
D:\cybermed\daddy\dependency\sdk-VTK-9.4.2\ThirdParty\ioss\vtkioss\exodus\Ioex_Internals.C(1700,25): warning C4244: '인수': 'const entity_id'에서 'int'(으)로 변환하면서 데이터가 손실될 수 있습니다.
D:\cybermed\daddy\dependency\sdk-VTK-9.4.2\ThirdParty\ioss\vtkioss\exodus\Ioex_Internals.C(1716,45): warning C4244: '인수': 'const entity_id'에서 'int'(으)로 변환하면서 데이터가 손실될 수 있습니다.
D:\cybermed\daddy\dependency\sdk-VTK-9.4.2\ThirdParty\ioss\vtkioss\exodus\Ioex_Internals.C(1730,14): warning C4244: '초기화 중': 'const entity_id'에서 'int'(으)로 변환하면서 데이터가 손실될 수 있습니다.
D:\cybermed\daddy\dependency\sdk-VTK-9.4.2\ThirdParty\ioss\vtkioss\exodus\Ioex_Internals.C(1801,25): warning C4244: '인수': 'const entity_id'에서 'int'(으)로 변환하면서 데이터가 손실될 수 있습니다.
D:\cybermed\daddy\dependency\sdk-VTK-9.4.2\ThirdParty\ioss\vtkioss\exodus\Ioex_Internals.C(1818,45): warning C4244: '인수': 'const entity_id'에서 'int'(으)로 변환하면서 데이터가 손실될 수 있습니다.
D:\cybermed\daddy\dependency\sdk-VTK-9.4.2\ThirdParty\ioss\vtkioss\exodus\Ioex_Internals.C(1832,14): warning C4244: '초기화 중': 'const entity_id'에서 'int'(으)로 변환하면서 데이터가 손실될 수 있습니다.
D:\cybermed\daddy\dependency\sdk-VTK-9.4.2\ThirdParty\ioss\vtkioss\exodus\Ioex_Internals.C(1906,40): warning C4267: '인수': 'size_t'에서 'int'(으)로 변환하면서 데이터가 손실될 수 있습니다.
D:\cybermed\daddy\dependency\sdk-VTK-9.4.2\ThirdParty\ioss\vtkioss\exodus\Ioex_Internals.C(1930,40): warning C4267: '인수': 'size_t'에서 'int'(으)로 변환하면서 데이터가 손실될 수 있습니다.
D:\cybermed\daddy\dependency\sdk-VTK-9.4.2\ThirdParty\ioss\vtkioss\exodus\Ioex_Internals.C(1946,42): warning C4267: '인수': 'size_t'에서 'int'(으)로 변환하면서 데이터가 손실될 수 있습니다.
D:\cybermed\daddy\dependency\sdk-VTK-9.4.2\ThirdParty\ioss\vtkioss\exodus\Ioex_Internals.C(1973,42): warning C4267: '인수': 'size_t'에서 'int'(으)로 변환하면서 데이터가 손실될 수 있습니다.
D:\cybermed\daddy\dependency\sdk-VTK-9.4.2\ThirdParty\ioss\vtkioss\exodus\Ioex_Internals.C(1989,42): warning C4267: '인수': 'size_t'에서 'int'(으)로 변환하면서 데이터가 손실될 수 있습니다.
D:\cybermed\daddy\dependency\sdk-VTK-9.4.2\ThirdParty\ioss\vtkioss\exodus\Ioex_Internals.C(2004,42): warning C4267: '인수': 'size_t'에서 'int'(으)로 변환하면서 데이터가 손실될 수 있습니다.
D:\cybermed\daddy\dependency\sdk-VTK-9.4.2\ThirdParty\ioss\vtkioss\exodus\Ioex_Internals.C(2020,42): warning C4267: '인수': 'size_t'에서 'int'(으)로 변환하면서 데이터가 손실될 수 있습니다.
D:\cybermed\daddy\dependency\sdk-VTK-9.4.2\ThirdParty\ioss\vtkioss\exodus\Ioex_Internals.C(2036,42): warning C4267: '인수': 'size_t'에서 'int'(으)로 변환하면서 데이터가 손실될 수 있습니다.
D:\cybermed\daddy\dependency\sdk-VTK-9.4.2\ThirdParty\ioss\vtkioss\exodus\Ioex_Internals.C(2050,44): warning C4267: '인수': 'size_t'에서 'int'(으)로 변환하면서 데이터가 손실될 수 있습니다.
D:\cybermed\daddy\dependency\sdk-VTK-9.4.2\ThirdParty\ioss\vtkioss\exodus\Ioex_Internals.C(2082,39): warning C4267: '인수': 'size_t'에서 'int'(으)로 변환하면서 데이터가 손실될 수 있습니다.
D:\cybermed\daddy\dependency\sdk-VTK-9.4.2\ThirdParty\ioss\vtkioss\exodus\Ioex_Internals.C(2151,40): warning C4267: '인수': 'size_t'에서 'int'(으)로 변환하면서 데이터가 손실될 수 있습니다.
D:\cybermed\daddy\dependency\sdk-VTK-9.4.2\ThirdParty\ioss\vtkioss\exodus\Ioex_Internals.C(2175,40): warning C4267: '인수': 'size_t'에서 'int'(으)로 변환하면서 데이터가 손실될 수 있습니다.
D:\cybermed\daddy\dependency\sdk-VTK-9.4.2\ThirdParty\ioss\vtkioss\exodus\Ioex_Internals.C(2189,42): warning C4267: '인수': 'size_t'에서 'int'(으)로 변환하면서 데이터가 손실될 수 있습니다.
D:\cybermed\daddy\dependency\sdk-VTK-9.4.2\ThirdParty\ioss\vtkioss\exodus\Ioex_Internals.C(2203,44): warning C4267: '인수': 'size_t'에서 'int'(으)로 변환하면서 데이터가 손실될 수 있습니다.
D:\cybermed\daddy\dependency\sdk-VTK-9.4.2\ThirdParty\ioss\vtkioss\exodus\Ioex_Internals.C(2221,39): warning C4267: '인수': 'size_t'에서 'int'(으)로 변환하면서 데이터가 손실될 수 있습니다.
D:\cybermed\daddy\dependency\sdk-VTK-9.4.2\ThirdParty\ioss\vtkioss\exodus\Ioex_Internals.C(2239,42): warning C4267: '인수': 'size_t'에서 'int'(으)로 변환하면서 데이터가 손실될 수 있습니다.
D:\cybermed\daddy\dependency\sdk-VTK-9.4.2\ThirdParty\ioss\vtkioss\exodus\Ioex_Internals.C(2315,40): warning C4267: '인수': 'size_t'에서 'int'(으)로 변환하면서 데이터가 손실될 수 있습니다.
D:\cybermed\daddy\dependency\sdk-VTK-9.4.2\ThirdParty\ioss\vtkioss\exodus\Ioex_Internals.C(2339,40): warning C4267: '인수': 'size_t'에서 'int'(으)로 변환하면서 데이터가 손실될 수 있습니다.
D:\cybermed\daddy\dependency\sdk-VTK-9.4.2\ThirdParty\ioss\vtkioss\exodus\Ioex_Internals.C(2354,42): warning C4267: '인수': 'size_t'에서 'int'(으)로 변환하면서 데이터가 손실될 수 있습니다.
D:\cybermed\daddy\dependency\sdk-VTK-9.4.2\ThirdParty\ioss\vtkioss\exodus\Ioex_Internals.C(2367,42): warning C4267: '인수': 'size_t'에서 'int'(으)로 변환하면서 데이터가 손실될 수 있습니다.
D:\cybermed\daddy\dependency\sdk-VTK-9.4.2\ThirdParty\ioss\vtkioss\exodus\Ioex_Internals.C(2384,37): warning C4267: '인수': 'size_t'에서 'int'(으)로 변환하면서 데이터가 손실될 수 있습니다.
D:\cybermed\daddy\dependency\sdk-VTK-9.4.2\ThirdParty\ioss\vtkioss\exodus\Ioex_Internals.C(2402,40): warning C4267: '인수': 'size_t'에서 'int'(으)로 변환하면서 데이터가 손실될 수 있습니다.
D:\cybermed\daddy\dependency\sdk-VTK-9.4.2\ThirdParty\ioss\vtkioss\exodus\Ioex_Internals.C(2648,47): warning C4244: '인수': 'const entity_id'에서 'int'(으)로 변환하면서 데이터가 손실될 수 있습니다.
D:\cybermed\daddy\dependency\sdk-VTK-9.4.2\ThirdParty\ioss\vtkioss\exodus\Ioex_Internals.C(2664,45): warning C4267: '인수': 'size_t'에서 'int'(으)로 변환하면서 데이터가 손실될 수 있습니다.
D:\cybermed\daddy\dependency\sdk-VTK-9.4.2\ThirdParty\ioss\vtkioss\exodus\Ioex_Internals.C(2677,49): warning C4244: '인수': 'const entity_id'에서 'int'(으)로 변환하면서 데이터가 손실될 수 있습니다.
D:\cybermed\daddy\dependency\sdk-VTK-9.4.2\ThirdParty\ioss\vtkioss\exodus\Ioex_Internals.C(2696,45): warning C4267: '인수': 'size_t'에서 'int'(으)로 변환하면서 데이터가 손실될 수 있습니다.
D:\cybermed\daddy\dependency\sdk-VTK-9.4.2\ThirdParty\ioss\vtkioss\exodus\Ioex_Internals.C(2898,33): warning C4244: '=': 'int64_t'에서 'int'(으)로 변환하면서 데이터가 손실될 수 있습니다.
D:\cybermed\daddy\dependency\sdk-VTK-9.4.2\ThirdParty\ioss\vtkioss\exodus\Ioex_Internals.C(3080,33): warning C4244: '=': 'int64_t'에서 'int'(으)로 변환하면서 데이터가 손실될 수 있습니다.
D:\cybermed\daddy\dependency\sdk-VTK-9.4.2\ThirdParty\ioss\vtkioss\exodus\Ioex_Internals.C(3282,33): warning C4244: '=': 'int64_t'에서 'int'(으)로 변환하면서 데이터가 손실될 수 있습니다.
D:\cybermed\daddy\dependency\sdk-VTK-9.4.2\ThirdParty\ioss\vtkioss\exodus\Ioex_Internals.C(3483,33): warning C4244: '=': 'int64_t'에서 'int'(으)로 변환하면서 데이터가 손실될 수 있습니다.
D:\cybermed\daddy\dependency\sdk-VTK-9.4.2\ThirdParty\ioss\vtkioss\exodus\Ioex_Internals.C(3799,33): warning C4244: '=': 'int64_t'에서 'int'(으)로 변환하면서 데이터가 손실될 수 있습니다.
  Ioex_IOFactory.C
  Ioex_SuperElement.C
  Ioex_Utils.C
D:\cybermed\daddy\dependency\sdk-VTK-9.4.2\ThirdParty\ioss\vtkioss\exodus\Ioex_Utils.C(766,19): warning C4244: '초기화 중': 'int64_t'에서 'int'(으)로 변환하면서 데이터가 손실될 수 있습니다.
D:\cybermed\daddy\dependency\sdk-VTK-9.4.2\ThirdParty\ioss\vtkioss\exodus\Ioex_Utils.C(772,46): warning C4267: '인수': 'size_t'에서 'int'(으)로 변환하면서 데이터가 손실될 수 있습니다.
D:\cybermed\daddy\dependency\sdk-VTK-9.4.2\ThirdParty\ioss\vtkioss\exodus\Ioex_Utils.C(958,60): warning C4244: '인수': '_Ty'에서 'int'(으)로 변환하면서 데이터가 손실될 수 있습니다.
D:\cybermed\daddy\dependency\sdk-VTK-9.4.2\ThirdParty\ioss\vtkioss\exodus\Ioex_Utils.C(958,60): warning C4244:         with
D:\cybermed\daddy\dependency\sdk-VTK-9.4.2\ThirdParty\ioss\vtkioss\exodus\Ioex_Utils.C(958,60): warning C4244:         [
D:\cybermed\daddy\dependency\sdk-VTK-9.4.2\ThirdParty\ioss\vtkioss\exodus\Ioex_Utils.C(958,60): warning C4244:             _Ty=int64_t
D:\cybermed\daddy\dependency\sdk-VTK-9.4.2\ThirdParty\ioss\vtkioss\exodus\Ioex_Utils.C(958,60): warning C4244:         ]
D:\cybermed\daddy\dependency\sdk-VTK-9.4.2\ThirdParty\ioss\vtkioss\exodus\Ioex_Utils.C(970,42): warning C4244: '=': '_Ty'에서 'T'(으)로 변환하면서 데이터가 손실될 수 있습니다.
D:\cybermed\daddy\dependency\sdk-VTK-9.4.2\ThirdParty\ioss\vtkioss\exodus\Ioex_Utils.C(970,42): warning C4244:         with
D:\cybermed\daddy\dependency\sdk-VTK-9.4.2\ThirdParty\ioss\vtkioss\exodus\Ioex_Utils.C(970,42): warning C4244:         [
D:\cybermed\daddy\dependency\sdk-VTK-9.4.2\ThirdParty\ioss\vtkioss\exodus\Ioex_Utils.C(970,42): warning C4244:             _Ty=int64_t
D:\cybermed\daddy\dependency\sdk-VTK-9.4.2\ThirdParty\ioss\vtkioss\exodus\Ioex_Utils.C(970,42): warning C4244:         ]
D:\cybermed\daddy\dependency\sdk-VTK-9.4.2\ThirdParty\ioss\vtkioss\exodus\Ioex_Utils.C(970,42): warning C4244:         and
D:\cybermed\daddy\dependency\sdk-VTK-9.4.2\ThirdParty\ioss\vtkioss\exodus\Ioex_Utils.C(970,42): warning C4244:         [
D:\cybermed\daddy\dependency\sdk-VTK-9.4.2\ThirdParty\ioss\vtkioss\exodus\Ioex_Utils.C(970,42): warning C4244:             T=int
D:\cybermed\daddy\dependency\sdk-VTK-9.4.2\ThirdParty\ioss\vtkioss\exodus\Ioex_Utils.C(970,42): warning C4244:         ]
D:\cybermed\daddy\dependency\sdk-VTK-9.4.2\ThirdParty\ioss\vtkioss\exodus\Ioex_Utils.C(1011,97): warning C4267: '인수': 'size_t'에서 'int'(으)로 변환하면서 데이터가 손실될 수 있습니다.
D:\cybermed\daddy\dependency\sdk-VTK-9.4.2\ThirdParty\ioss\vtkioss\exodus\Ioex_Utils.C(1016,59): warning C4267: '인수': 'size_t'에서 'int'(으)로 변환하면서 데이터가 손실될 수 있습니다.
D:\cybermed\daddy\dependency\sdk-VTK-9.4.2\ThirdParty\ioss\vtkioss\exodus\Ioex_Utils.C(66,43): warning C4244: '=': 'int64_t'에서 '_Ty'(으)로 변환하면서 데이터가 손실될 수 있습니다.
D:\cybermed\daddy\dependency\sdk-VTK-9.4.2\ThirdParty\ioss\vtkioss\exodus\Ioex_Utils.C(66,43): warning C4244:         with
D:\cybermed\daddy\dependency\sdk-VTK-9.4.2\ThirdParty\ioss\vtkioss\exodus\Ioex_Utils.C(66,43): warning C4244:         [
D:\cybermed\daddy\dependency\sdk-VTK-9.4.2\ThirdParty\ioss\vtkioss\exodus\Ioex_Utils.C(66,43): warning C4244:             _Ty=int
D:\cybermed\daddy\dependency\sdk-VTK-9.4.2\ThirdParty\ioss\vtkioss\exodus\Ioex_Utils.C(66,43): warning C4244:         ]
      D:\cybermed\daddy\dependency\sdk-VTK-9.4.2\ThirdParty\ioss\vtkioss\exodus\Ioex_Utils.C(66,43):
      템플릿 인스턴스화 컨텍스트(가장 오래된 인스턴스화 컨텍스트)가
          D:\cybermed\daddy\dependency\sdk-VTK-9.4.2\ThirdParty\ioss\vtkioss\exodus\Ioex_Utils.C(832,7):
          컴파일되는 함수 템플릿 인스턴스화 'void `anonymous-namespace'::internal_write_coordinate_frames<int>(int,const vtkioss_Ioss::CoordinateFrameContainer &,INT)'에 대한 참조를 확인하세요.
          with
          [
              INT=int
          ]
  
  코드를 생성하고 있습니다...
     D:/cybermed/daddy/dependency/sdk-VTK-9.4.2/build_msvc/lib/Debug/vtkioss-9.4d.lib 라이브러리 및 D:/cybermed/daddy/dependency/sdk-VTK-9.4.2/build_msvc/lib/Debug/vtkioss-9.4d.exp 개체를 생성하고 있습니다.
  ioss.vcxproj -> D:\cybermed\daddy\dependency\sdk-VTK-9.4.2\build_msvc\bin\Debug\vtkioss-9.4d.dll
